rating,rating_squared,is_sweet_spot,is_tourist_trap,review_count,review_count_log,is_hidden_gem_reviews,is_mainstream,price_level,is_budget_friendly,category_count,is_food,is_cafe,is_nightlife,is_cultural,photo_count,has_photos,lat_grid,lng_grid,review_text_length,review_word_count,review_avg_word_length,review_sentence_count,review_exclamation_count,review_question_count,review_comma_count,review_uppercase_ratio,review_fake_indicators_count,review_real_indicators_count,review_positive_words,review_negative_words,review_neutral_words,review_unique_word_ratio,review_has_numbers,review_has_emojis,review_is_fake,has_reviews,is_open,pharmacy_distance,hospital_distance,has_pharmacy_nearby,has_hospital_nearby,has_business_registration,has_phone,has_email,has_website,has_instagram,has_facebook,instagram_followers,facebook_likes,social_media_age_days,has_unique_photos,platform_count,on_google_maps,on_yelp,on_tripadvisor,total_reviews,avg_rating,review_velocity,is_fake
3.3,10.889999999999999,0,0,3765,8.233768709217097,0,1,3,0,1,0,1,0,0,0,0,27.53,77.74,0.4373088693275956,0.06441863012260396,0.08595153358414609,0.7838225639663902,0.6833099707502786,0.6837137108778696,0.1320651598220859,0.39484690278373846,0.121506209299589,0.6348604133697032,0.3858641270581834,0.6843579412197514,0.7996942417449927,0.38368410377407014,0.7913150575480322,0.2507596419708251,0.32772597257584113,1,1,inf,inf,0,0,1,0,0,1,1,1,2730,1229,258,0,3,1,1,1,3765,3.3,19,1
4.2,17.64,1,0,2883,7.96693349840484,0,1,2,1,1,0,0,0,0,0,0,26.27,75.68,0.49253236465146566,0.5882592128447728,0.6986134042116627,0.6003686776249123,0.8290931491847308,0.49528848836666495,0.46203693833173254,0.45648853665102884,0.39007613226772564,0.1302010014008872,0.4561982416715883,0.2579149332353431,0.5110915898482317,0.778556284808162,0.7103263818641562,0.13173955704265572,0.8304018490593429,1,1,inf,inf,0,0,0,1,1,0,0,0,9561,4362,328,0,2,1,1,0,2883,4.2,39,1
3.0,9.0,0,0,1106,7.009408932708637,0,1,3,0,1,0,0,0,0,0,0,27.830000000000002,77.73,0.6786193336614889,0.8610610926746175,0.10497394720140152,0.39913671874791434,0.8631439179493688,0.1354352727532806,0.5411560104328258,0.9479114291572953,0.28805315445688084,0.7816758547719286,0.747973647287605,0.3459091127493896,0.5674109900352841,0.8367152520132751,0.5633547734871505,0.43577508598557724,0.13678002463915173,1,1,inf,inf,0,0,0,0,0,1,1,0,8373,4630,219,1,3,1,0,0,1106,3.0,29,1
4.4,19.360000000000003,1,0,2746,7.918264686095274,0,1,2,1,1,0,1,0,0,0,0,26.39,76.03,0.0850144133902212,0.31498880540431895,0.3835618847706904,0.03706561279068965,0.4816589034440517,0.8274354655159335,0.8928884646072645,0.4356280173007374,0.5732376679058575,0.3054414725962892,0.9103093505182384,0.6409339141406025,0.7110839790618231,0.13951055034773785,0.2179690211750107,0.9577631354530599,0.00581953086309539,1,0,inf,inf,0,0,0,0,1,1,0,0,9248,1738,243,1,2,0,0,0,2746,4.4,0,1
2.7,7.290000000000001,0,0,739,6.606650186198215,0,0,1,1,1,1,0,0,0,0,0,26.240000000000002,76.4,0.24252664273436064,0.7804475614797609,0.8435133454473326,0.3588551062686789,0.9927170808541338,0.6767129951413814,0.54402976039746,0.24231707395943303,0.49328438247912376,0.8112458236500102,0.15700022466471775,0.31105905793610633,0.9126502874342831,0.1909362554351105,0.06477126897204355,0.14832316152160607,0.007703235047263446,1,1,inf,inf,0,0,1,0,1,1,1,1,9591,4539,247,1,0,1,0,0,739,2.7,43,1
4.5,20.25,1,0,4271,8.35983738064003,0,1,4,0,1,0,0,0,0,0,0,26.62,75.86,0.020466451813717423,0.41371584540119066,0.49829201268696177,0.15143323979971968,0.8690085916235623,0.5189744034578457,0.13166908371156116,0.25749877734519055,0.31251979185758494,0.5922758457914664,0.826963324255726,0.5447784629330614,0.6984564026566376,0.6027363342882017,0.5116230831823088,0.8846699470036743,0.17871283227798862,1,1,inf,inf,0,0,0,0,0,0,1,1,1857,2783,114,0,0,1,0,1,4271,4.5,32,0
3.5,12.25,0,0,4862,8.489410810403786,0,1,4,0,1,0,0,0,0,0,0,26.38,77.26,0.002951898007800824,0.31694712584708273,0.9461105891856966,0.7496000204637285,0.8569612573281223,0.9116976217681937,0.27414197406062935,0.03297319506282237,0.34155423525872997,0.3421276858347855,0.42771368722600955,0.05808285244260347,0.14470794457303926,0.4004328739640569,0.8932959889011438,0.8636524293985643,0.6551759317942213,1,1,inf,inf,0,0,1,0,1,1,1,1,9905,4807,61,1,0,1,0,0,4862,3.5,24,1
3.7,13.690000000000001,0,0,2530,7.836369760545124,0,1,2,1,1,0,1,0,0,0,0,26.45,75.03,0.9505134247777616,0.47948169679068764,0.5487765638149559,0.14670090522240442,0.3874313639760989,0.2932500542715041,0.9635206304583772,0.9008886188841826,0.7090723155339945,0.08167917534056857,0.8106957291621244,0.8812560193963511,0.193616414946563,0.06564347759754874,0.4518118104039518,0.32462209151406585,0.02633899165229725,1,0,inf,inf,0,0,0,0,1,1,1,1,1185,2280,8,0,3,1,1,0,2530,3.7,27,1
2.6,6.760000000000001,0,0,846,6.741700694652055,0,0,1,1,1,0,0,0,0,0,0,27.41,76.47,0.08669671987249394,0.8550492376502749,0.20292654367887164,0.7629033585135468,0.09899098974443954,0.48692966480063304,0.4040988987731462,0.08653117412435085,0.7354561630982582,0.16698870677470057,0.19753270260172895,0.47456605167990173,0.46761383411705193,0.7980234394842409,0.08337534376397082,0.29524378926014216,0.3732690925577431,1,0,inf,inf,0,0,1,0,1,0,1,0,5197,668,248,1,2,1,1,0,846,2.6,1,1
3.1,9.610000000000001,0,0,1114,7.016609683894219,0,1,1,1,1,0,0,0,0,0,0,27.46,76.46000000000001,0.16807382129415427,0.7493357605754419,0.7743685986975458,0.4463210548099956,0.8517141523364353,0.9758285087969116,0.778214361209148,0.9609133403920901,0.5142588499021268,0.003041775937097091,0.8651440168035781,0.3724582182892394,0.681356668268649,0.1445286507068071,0.5550003542577482,0.484138277664104,0.24835591331733553,1,1,inf,inf,0,0,1,0,0,0,1,1,1938,3966,300,0,1,0,0,1,1114,3.1,44,1
4.4,19.360000000000003,1,0,1910,7.555381944240273,0,1,2,1,1,0,0,0,0,0,0,26.37,77.60000000000001,0.05165236025588371,0.1657064303169573,0.5036074377645107,0.9318404118379421,0.7417286586102524,0.11089251883630147,0.054260968696841605,0.03211672505370333,0.7080912714102492,0.47934842063574723,0.20825523522706746,0.33974551009258036,0.7977725053140498,0.594017209365984,0.6767748423002664,0.9037324278256783,0.11842937286582012,1,0,inf,inf,0,0,0,1,0,1,1,0,3409,2163,137,1,3,0,0,1,1910,4.4,25,1
3.0,9.0,0,0,3051,8.023552392404348,0,1,1,1,1,0,0,0,0,0,0,27.150000000000002,75.44,0.0018120347214616306,0.5266092412660576,0.8183530376593185,0.9096094893181558,0.9043213464675071,0.7219448717311084,0.35958180426373654,0.9879593042915282,0.5738612212890402,0.516309038271134,0.8194889346273156,0.2462742519775556,0.8944371265684438,0.3147954487587755,0.4354027921890047,0.24353675603451252,0.3479606038870201,1,1,inf,inf,0,0,1,1,1,0,1,1,3019,3218,173,1,2,1,0,1,3051,3.0,8,1
3.4,11.559999999999999,0,0,1425,7.262628600974241,0,1,1,1,1,0,1,0,0,0,0,27.25,76.36,0.44865827912941325,0.08912666262619473,0.47205768109101476,0.06815067688924026,0.699482831403153,0.2875769499748234,0.9619971048010384,0.8906854583425958,0.5404562168837121,0.24629350270894768,0.5872982806295673,0.4072337522826115,0.46419085355093037,0.060499005371540404,0.6722065478990303,0.41594652168464896,0.13771503310597855,1,1,inf,inf,0,0,0,1,1,0,0,0,57,391,104,0,3,1,0,1,1425,3.4,23,1
3.3,10.889999999999999,0,0,3744,8.22817689595132,0,1,2,1,1,0,0,0,0,0,0,26.62,76.09,0.8447614555710604,0.47585784342811444,0.5067237603800827,0.43621055999551483,0.29001322831745535,0.35910532394107153,0.30223983856623393,0.48490790491218105,0.6381669973372571,0.8970533537308772,0.500509377440568,0.5796330425492694,0.37810050796801686,0.5957731497922054,0.5495726637053229,0.17578749199960408,0.15515166553189497,1,1,inf,inf,0,0,1,0,0,0,1,1,2973,1250,122,1,2,0,0,1,3744,3.3,30,0
3.1,9.610000000000001,0,0,1301,7.171656822768514,0,1,3,0,1,0,0,0,0,0,0,27.060000000000002,76.19,0.9943601297040747,0.038026212594183595,0.9889976020791764,0.48985933131135184,0.2784312067903292,0.48847937604763814,0.7895911795871409,0.2675677676997118,0.29942214940413314,0.6150521395036249,0.86954953303984,0.8210674762054079,0.13665033846303876,0.06882136747957956,0.43606735274462693,0.7706899022483193,0.21261494138570602,1,1,inf,inf,0,0,0,0,0,0,0,0,8227,3769,354,0,1,1,0,0,1301,3.1,14,0
2.6,6.760000000000001,0,0,1804,7.498315870766981,0,1,1,1,1,0,0,0,0,0,0,26.36,76.46000000000001,0.17147207420798316,0.35560771558554216,0.2703063523684819,0.47309026003803567,0.4662368456401961,0.7580142258691622,0.3983495649161497,0.060769497672365835,0.976126780455078,0.8825832156690443,0.7742867233790837,0.229321716578461,0.9963707048774757,0.45330323786795035,0.7688706379044529,0.1734924737405611,0.6352254913933969,1,0,inf,inf,0,0,1,0,0,0,0,0,879,2022,180,0,1,1,0,0,1804,2.6,27,1
4.2,17.64,1,0,842,6.736966958001855,0,0,2,1,1,0,0,0,1,0,0,27.18,76.14,0.291864006398039,0.7091656269931934,0.08185270334126216,0.5812730299691804,0.3104623404527401,0.011271036801681178,0.11250857451996876,0.5539253271422985,0.2582574545699531,0.24939455390608478,0.35959868941900675,0.18130520295432329,0.4846469223240458,0.05687385176985327,0.6284432598086341,0.27123966205153094,0.6557473439599395,1,0,inf,inf,0,0,0,0,0,1,0,1,9500,4781,172,1,3,1,1,1,842,4.2,25,1
4.8,23.04,0,1,1143,7.042286171939743,0,1,1,1,1,0,0,1,0,0,0,26.51,75.60000000000001,0.49251901920790586,0.35909626259725,0.35716198892374695,0.557649461593035,0.17880660584203178,0.05420983757957498,0.07032188246521565,0.5455972236178951,0.833148678304207,0.7381340898882782,0.27638869298703084,0.9113792134946551,0.0850802702833029,0.3094504819425625,0.037771401012325234,0.536650118391778,0.8893554169478496,1,1,inf,inf,0,0,0,1,0,0,1,0,8776,606,245,1,2,1,0,0,1143,4.8,14,0
2.5,6.25,0,0,4554,8.423980809694058,0,1,1,1,1,0,1,0,0,0,0,27.150000000000002,75.19,0.17784349288944168,0.8598830279841408,0.763906823854311,0.6279731182459899,0.42828808236587157,0.045483686930129386,0.5635455272220516,0.900336751703119,0.019082226526667467,0.6491398736776697,0.7446793134392468,0.32490090316300635,0.7971232682137173,0.4044521341575942,0.5085786578551241,0.3007207534644075,0.6861348596014912,1,1,inf,inf,0,0,1,0,0,1,0,0,8917,3280,121,1,2,1,0,0,4554,2.5,48,0
2.9,8.41,0,0,1814,7.503840746698951,0,1,3,0,1,0,0,0,0,0,0,26.59,77.74,0.7066443577989929,0.6120653227149252,0.13198129786581791,0.22404685203797547,0.20545295476713987,0.6127584392969624,0.8751735425649472,0.5871658827061744,0.843414630471202,0.5175391845491527,0.004308456134445193,0.35565590968882155,0.07289860442317098,0.4556561134463276,0.4807375963430346,0.23762737913595633,0.7681575302855711,1,1,inf,inf,0,0,0,1,1,0,1,1,7109,3309,324,1,2,0,1,1,1814,2.9,22,1
4.5,20.25,1,0,2746,7.918264686095274,0,1,2,1,1,0,0,0,0,0,0,26.04,75.35000000000001,0.8072858405794645,0.5740250412690916,0.842370755228122,0.2339856676847787,0.17751706602013007,0.9838864087419726,0.2542125692608679,0.05857276877595008,0.9625802351219752,0.38065089392073403,0.9859684731164933,0.21685691641983873,0.6961440613216988,0.2436850588470053,0.4694805157250601,0.35090639522864586,0.36660215807943974,1,1,inf,inf,0,0,1,1,0,0,1,0,3039,1068,145,0,2,0,0,0,2746,4.5,36,0
3.1,9.610000000000001,0,0,3649,8.202482446576537,0,1,2,1,1,0,0,0,1,0,0,26.3,77.76,0.7287738916685831,0.11683230985077986,0.8997794491133894,0.5610401210354745,0.04765050040956209,0.9061107648889443,0.8593272098357624,0.2542937702565271,0.637546991725394,0.6951294001123139,0.2778230142286463,0.205898073828373,0.1800871460788297,0.21142921217061938,0.5681387723766401,0.730982610871981,0.7387631910723521,1,1,inf,inf,0,0,1,0,0,1,0,0,2379,3508,135,1,1,1,1,1,3649,3.1,7,1
2.6,6.760000000000001,0,0,2717,7.907651594711089,0,1,1,1,1,0,0,0,0,0,0,26.5,77.06,0.18263793664740524,0.8083718950446848,0.2119330987189586,0.06972460823426585,0.6640683196518878,0.18395273944251078,0.9498672973405863,0.7787854090531677,0.004460510675925455,0.6304417881381885,0.3050106329041894,0.28180715562698655,0.883726422813235,0.9791724985607114,0.15571807526058834,0.753270538755887,0.8348427081293022,1,1,inf,inf,0,0,1,1,1,0,1,1,3057,3873,220,0,3,1,0,0,2717,2.6,27,0
3.1,9.610000000000001,0,0,518,6.251903883165888,0,0,2,1,1,1,0,0,0,0,0,27.18,77.56,0.7615433831477034,0.5931624717328648,0.373899996341982,0.59109540583654,0.886907566605948,0.12148628145712337,0.6927322443041473,0.3503884218099811,0.06350352387369029,0.6027144325061147,0.13464382857115387,0.11182352970340326,0.03214875479877766,0.37031365391288407,0.11145012662726606,0.9098002696397413,0.9018306630847065,1,0,inf,inf,0,0,0,0,1,0,0,0,1473,3790,103,0,3,0,0,1,518,3.1,36,0
4.3,18.49,1,0,2084,7.642524134232902,0,1,3,0,1,0,0,0,0,0,0,26.830000000000002,76.79,0.34699056604808154,0.6091087631464124,0.36883895518111676,0.18720342996199424,0.09859675460293216,0.2153746063071189,0.05642459641124353,0.3257540362731851,0.6078014039848703,0.35986930064726974,0.4868791699134104,0.03885864151310292,0.6568952855675015,0.7617104153506369,0.3061324309310851,0.8633276615894223,0.8000323021535276,1,1,inf,inf,0,0,0,0,0,0,1,0,6577,2008,27,0,3,1,1,1,2084,4.3,27,0
2.9,8.41,0,0,856,6.75343791859778,0,0,4,0,1,0,0,0,1,0,0,27.57,76.57000000000001,0.8880488440614686,0.5301899972035463,0.3872345600026703,0.8844062745537999,0.5648454783666634,0.014964113490425479,0.936772655163746,0.21435308948383625,0.05334057579695395,0.8154877361572852,0.706230027805577,0.23256781791996106,0.705047502196127,0.1917902875705556,0.07038901532699349,0.9643772861176475,0.19610246123297048,1,1,inf,inf,0,0,0,1,1,0,1,1,2085,3566,123,1,2,0,1,0,856,2.9,24,1
3.6,12.96,0,0,83,4.430816798843313,1,0,2,1,1,1,0,0,0,0,0,27.38,75.60000000000001,0.45919122634082266,0.9295246604324551,0.2815616142967581,0.009289913931298077,0.047044871529943855,0.5405858073292732,0.4979537135935239,0.7969327333184629,0.06559792811788578,0.5410210759018742,0.7100777242454052,0.3468679817701792,0.2764692703999875,0.7146332764037755,0.9832727474536427,0.24130113787997842,0.9388640939313363,1,1,inf,inf,0,0,0,1,0,0,0,0,176,1597,290,1,2,1,0,0,83,3.6,25,1
3.3,10.889999999999999,0,0,1000,6.90875477931522,0,0,2,1,1,0,0,0,1,0,0,26.55,76.4,0.8019784996768996,0.5172157649153247,0.5616190279971804,0.4713843428218967,0.3502580895061861,0.11871268006847058,0.9634753497897471,0.48251446427439915,0.3905126864012757,0.9526320836650376,0.482771083203847,0.6804343063468554,0.8372698905824045,0.9374398696428958,0.7507101462924081,0.6533699786471585,0.266007055934146,1,1,inf,inf,0,0,1,0,0,0,0,0,4215,198,236,1,1,1,0,0,1000,3.3,36,0
4.7,22.090000000000003,0,0,2213,7.7025561132685825,0,1,1,1,1,0,0,0,0,0,0,27.67,76.8,0.28987571543388335,0.7751090692861979,0.1534408760823791,0.611435743904906,0.30675911644134557,0.3932312398086356,0.24094633079615557,0.8047281635197302,0.47299998791053754,0.8114333391570537,0.08903645365219004,0.6897616457970187,0.3333827027446499,0.8685908060169819,0.9164519011796358,3.068338683065441e-05,0.8565837742601942,1,1,inf,inf,0,0,0,1,1,1,0,0,2640,4620,274,1,0,1,0,1,2213,4.7,32,1
3.6,12.96,0,0,1390,7.237778191923443,0,1,3,0,1,1,0,0,0,0,0,27.51,76.27,0.5106729919676808,0.4743301876228989,0.8268857654237288,0.31533868668030474,0.9165353713552237,0.22874799787529054,0.6977858734608257,0.5596055298602292,0.6970170505159565,0.9618098289003643,0.1939677438450732,0.939406870185451,0.7792859601246767,0.8851344186521081,0.9810919386594802,0.6218001167472702,0.8341889576957977,1,1,inf,inf,0,0,0,0,0,1,1,0,683,4419,266,0,3,1,1,0,1390,3.6,19,0
3.0,9.0,0,0,4022,8.299783171949787,0,1,4,0,1,0,0,0,0,0,0,27.73,75.21000000000001,0.0072683318198449864,0.09407763811224923,0.24462658860860353,0.713521301207135,0.9877697486114122,0.5655058305223707,0.24277122990057975,0.5650619936711095,0.5326254006923267,0.7162266019887891,0.04158909545938794,0.9561764739494039,0.14059433544135136,0.4168410641409601,0.9059938704674527,0.18419835878003332,0.82320520462669,1,0,inf,inf,0,0,1,1,0,0,1,1,4779,4726,15,0,1,0,1,0,4022,3.0,30,0
4.9,24.010000000000005,0,1,3070,8.029758520440822,0,1,2,1,1,1,0,0,0,0,0,26.75,75.17,0.46781423482060147,0.039314291562822734,0.9318312144626102,0.1327817657187007,0.6097790910212746,0.8857359142692137,0.7411106091116195,0.8489166094725569,0.7026968473423127,0.32777057869536674,0.7009294616813087,0.7776309122700871,0.11332899591415269,0.9092156142174215,0.43057682530477137,0.4943415400822675,0.7066797476361124,1,1,inf,inf,0,0,1,0,1,1,0,1,5278,2126,301,0,3,0,0,1,3070,4.9,0,0
3.0,9.0,0,0,2298,7.740229524763182,0,1,3,0,1,0,1,0,0,0,0,26.7,75.79,0.7163256613660889,0.8783778862995413,0.7813613013023395,0.4615281671690774,0.8092164494221769,0.9634685520597378,0.6314401162861486,0.3741561342637679,0.7303616257931627,0.6398907256321601,0.2081900839061125,0.6216000522994222,0.49784621654736294,0.5404750751979968,0.08588566215533255,0.45674171453853785,0.32342339491729577,1,1,inf,inf,0,0,0,1,0,0,0,1,2951,1390,332,1,3,0,0,0,2298,3.0,23,1
4.2,17.64,1,0,2275,7.730174795246222,0,1,2,1,1,0,0,0,1,0,0,27.150000000000002,76.09,0.7429056619493194,0.9762859723965469,0.9358357066695971,0.0843875814631263,0.3634030014558154,0.7185799856467642,0.120889384842495,0.6061575573152042,0.3652279982772705,0.039396861673670625,0.7419547864899134,0.8455691495321682,0.18796233070531987,0.6142917351382244,0.14166749217487795,0.15425198923041283,0.20611463278828124,1,1,inf,inf,0,0,0,0,0,1,0,0,5370,4663,18,0,0,1,1,1,2275,4.2,3,0
3.1,9.610000000000001,0,0,1386,7.234898420314831,0,1,4,0,1,0,0,0,0,0,0,27.82,76.83,0.40038180214014973,0.2506890361519023,0.41553802354825187,0.018345214256790476,0.8969705068788936,0.37062474079309693,0.9418358474329712,0.24148650760685597,0.5970280469502441,0.8703421152177275,0.5293192839847529,0.6598464399303118,0.009981940417205903,0.45929779508674995,0.11681584843572212,0.43868636926718485,0.7967795227569578,1,0,inf,inf,0,0,0,0,1,1,1,0,3422,786,99,1,2,1,1,0,1386,3.1,49,0
4.1,16.81,1,0,1386,7.234898420314831,0,1,1,1,1,0,0,0,0,0,0,26.12,76.84,0.1250946051566264,0.42062872679413554,0.38963774302728116,0.9157243170860664,0.5876490877810375,0.5878753233786751,0.5883848128516797,0.04450685195464099,0.779171788212988,0.22763389059234362,0.19947531160359866,0.26248209511464227,0.09051482079538908,0.8029798604501684,0.5608818748631011,0.814460679482547,0.16261674850852215,1,1,inf,inf,0,0,1,1,0,0,0,0,4395,2470,242,0,3,1,1,0,1386,4.1,19,0
4.5,20.25,1,0,99,4.605170185988092,1,0,2,1,1,0,0,0,0,0,0,26.75,76.95,0.9211482482367019,0.3778668913333353,0.6845354503583289,0.10592457113782716,0.8832023273771269,0.029369820030141547,0.9701203185884864,0.7802204200956064,0.28535658412220977,0.8171858627069325,0.3039606199409636,0.7524728506341346,0.9664793508218459,0.7185981763105411,0.245904984362306,0.9276117656796597,0.8879312215008567,1,1,inf,inf,0,0,1,1,0,0,1,1,707,3041,227,1,1,1,1,0,99,4.5,46,0
3.4,11.559999999999999,0,0,4315,8.370084326378025,0,1,3,0,1,0,0,0,0,0,0,26.580000000000002,77.95,0.8929246773519529,0.44272039955884723,0.022360823705440347,0.4543317815136111,0.7158879333436919,0.2892311501623698,0.5702663179657793,0.7077559500247805,0.30486692190792464,0.23142834662379586,0.013107694048546392,0.7462778659870292,0.14141473987469333,0.5833255313584441,0.7269165775550493,0.07366119119682568,0.4613122935591517,1,1,inf,inf,0,0,0,1,0,0,1,0,2265,4246,276,1,2,1,1,0,4315,3.4,20,0
2.7,7.290000000000001,0,0,2445,7.802209316247118,0,1,1,1,1,0,1,0,0,0,0,26.52,77.83,0.6185261730237126,0.9682585929839377,0.7041373201769083,0.6861903951474105,0.06850813371781928,0.8238009743570801,0.35148803141142615,0.7838294474722948,0.3002543782532491,0.4859194577895303,0.300459624755145,0.37179565172589757,0.1849755874454042,0.2177982289790975,0.053457189097926516,0.24110315445629216,0.48526971292493304,1,1,inf,inf,0,0,0,0,1,1,1,1,9938,3176,362,1,2,0,0,0,2445,2.7,34,1
3.0,9.0,0,0,1761,7.474204806496124,0,1,3,0,1,0,0,0,0,0,0,27.09,75.89,0.557789410450699,0.06338752238654266,0.03167310427432801,0.3244804061720853,0.8837431719811942,0.8374842067442657,0.7982598855480726,0.8564532123791143,0.38711340827306673,0.337397784726831,0.6795474792596147,0.4256367370735197,0.01932683702247895,0.9835571866046208,0.22138985585428161,0.49432817271353946,0.23157592415028483,1,1,inf,inf,0,0,1,1,1,0,1,1,1658,2728,194,1,2,1,1,1,1761,3.0,15,1
2.9,8.41,0,0,1686,7.430707082545968,0,1,1,1,1,1,0,0,0,0,0,26.830000000000002,75.65,0.8797701817937755,0.18871172639774458,0.552782863771419,0.577631572398334,0.8875885761542642,0.586981639430627,0.46612163751165525,0.5498662458476136,0.502946704634055,0.7462795797055688,0.6842961957137111,0.7682309231313343,0.11820634738648228,0.7039859183860235,0.5716934274699678,0.6555975521757993,0.2679373453670223,1,1,inf,inf,0,0,1,1,0,0,0,1,8852,356,318,0,1,0,0,0,1686,2.9,22,0
4.0,16.0,1,0,1816,7.504942068396171,0,1,3,0,1,0,0,0,0,0,0,27.36,77.83,0.8292742958468716,0.9127310222838657,0.4853679879406546,0.3249140369378667,0.9536361207335078,0.7312744637611251,0.6898292736088467,0.017209946572518398,0.9000271791371953,0.2733471627219174,0.4320309105087712,0.17447092371411987,0.7239506950892879,0.24664576005672456,0.6014224655258487,0.015244196438072288,0.4669454395119014,1,0,inf,inf,0,0,0,0,0,0,0,1,2384,192,86,0,0,1,0,1,1816,4.0,33,0
3.4,11.559999999999999,0,0,3748,8.229244416735913,0,1,2,1,1,0,0,0,0,0,0,26.42,76.29,0.32594997734639286,0.21812666860252516,0.3777299537081594,0.1155274522642854,0.48332419668796456,0.32933667892956453,0.31619908364443494,0.5408149183126947,0.4368012241886433,0.8337444346245567,0.3621734191591386,0.5646525972544427,0.9617491347339051,0.41438612507985106,0.4559272148499307,0.2446664685617448,0.020133335591483448,1,1,inf,inf,0,0,1,1,1,0,1,1,4164,13,267,0,0,0,0,1,3748,3.4,43,1
4.5,20.25,1,0,4761,8.468423027046809,0,1,2,1,1,1,0,0,0,0,0,26.8,76.79,0.7231305259993078,0.015462377568105534,0.33745863292387945,0.33458111756266495,0.5456016053744959,0.19859047243044958,0.6275041685549219,0.1787633012107691,0.47448953407915784,0.0521762762109379,0.8725386293999359,0.17791923684240452,0.7138146390432563,0.08356227120248749,0.37869054806840485,0.7138105708985887,0.8241360773069087,1,1,inf,inf,0,0,0,0,1,1,1,1,3101,2222,182,0,1,0,0,0,4761,4.5,49,1
4.2,17.64,1,0,484,6.184148890937483,0,0,4,0,1,1,0,0,0,0,0,26.96,77.59,0.8117470918294521,0.5032183979658245,0.22837181129165418,0.37397191660019813,0.7009633685370489,0.45722259670067666,0.0072203425384276265,0.5902026525299621,0.6330459027175852,0.10898938212694675,0.11190680975085643,0.08457552483511188,0.546421890014526,0.2086149665597251,0.5683109909018528,0.9436264052271816,0.07906624085222658,1,1,inf,inf,0,0,1,1,1,1,0,1,7077,317,114,0,3,1,1,1,484,4.2,24,1
4.5,20.25,1,0,402,5.998936561946683,0,0,2,1,1,0,0,0,0,0,0,27.18,75.97,0.08848621254242217,0.09289669867105843,0.7505953303732787,0.5812847959388413,0.7226605168399832,0.437575639622917,0.0010849257325774575,0.8822433240290897,0.5210463698274572,0.7187688439910482,0.0635046643295819,0.5247820537775685,0.5253968939217694,0.9313900377780612,0.916256140462383,0.39346106309082673,0.9965653629535737,1,1,inf,inf,0,0,1,0,1,1,0,1,2554,883,361,0,2,0,1,1,402,4.5,34,1
4.2,17.64,1,0,255,5.545177444479562,0,0,4,0,1,0,0,0,1,0,0,27.17,76.60000000000001,0.3147325185001506,0.7808624853124337,0.2623219759421216,0.9741729725160458,0.9322732627606823,0.3613559102556765,0.5898854547959299,0.14493468382994024,0.2856349155086815,0.6604359280136515,0.5845388147102301,0.5390171672594228,0.4596416457669078,0.41377331920883165,0.8169959430675896,0.057438166778947974,0.37792962643662864,1,1,inf,inf,0,0,1,0,0,0,1,1,2464,1904,184,1,0,0,0,0,255,4.2,15,0
5.0,25.0,0,1,3423,8.138564737261632,0,1,4,0,1,0,0,0,1,0,0,27.310000000000002,76.7,0.9214879910195998,0.4906239631764877,0.09096812551159361,0.10052119691250905,0.3663232449876658,0.7018197277500482,0.5121706764089295,0.11250798601022705,0.40882471688771294,0.4142978141811068,0.10283192329796143,0.1638928575367431,0.17559721340958612,0.5834689995848313,0.5309732393359655,0.6091734788759985,0.9836268837560769,1,1,inf,inf,0,0,0,1,1,0,1,1,5459,306,10,1,3,0,0,1,3423,5.0,23,0
3.2,10.240000000000002,0,0,1349,7.2078598714324755,0,1,4,0,1,0,0,0,0,0,0,26.01,75.22,0.34861527290102234,0.7641276462904256,0.5806984994031458,0.27453816783938223,0.30698905668686716,0.24814381479162506,0.5973153854081295,0.3570383135267723,0.12494783171436963,0.98484348261855,0.45774378567024165,0.5106406808559757,0.3022582757262121,0.9830621741816173,0.40705055779553023,0.8002595396848897,0.9134703780047845,1,0,inf,inf,0,0,1,1,1,0,1,1,459,1353,15,0,0,0,0,0,1349,3.2,39,0
4.9,24.010000000000005,0,1,2458,7.807510042216193,0,1,2,1,1,0,0,0,0,0,0,26.55,75.61,0.13774849993059812,0.777759159635855,0.22175326249403216,0.5188747179652333,0.1886080612683536,0.08894536010441911,0.48279654116901416,0.8737447058243781,0.7122150247121929,0.4236636041680183,0.6444922169250443,0.09733771988209416,0.450255835363799,0.18309975592656413,0.31464289039061666,0.7119352895021765,0.03790855921926006,1,1,inf,inf,0,0,0,1,0,0,0,0,445,123,274,1,0,0,1,0,2458,4.9,36,1
3.6,12.96,0,0,952,6.859614903654202,0,0,4,0,1,0,0,0,0,0,0,27.1,75.95,0.8581491330368657,0.9764897748751716,0.8276910137473449,0.8706939428240064,0.6427086052280888,0.9336575469380798,0.9897631763181286,0.6275206836115717,0.734809689555701,0.06553037185777633,0.477528218391282,0.044192206746675344,0.5405065607311267,0.18197179391271212,0.39484171484134944,0.4079240684738007,0.8542164759458984,1,1,inf,inf,0,0,1,1,1,0,0,1,8696,1735,341,0,0,0,0,1,952,3.6,5,0
4.1,16.81,1,0,2212,7.70210434005105,0,1,1,1,1,0,0,1,0,0,0,27.95,76.52,0.4780906301591127,0.6958747051187828,0.6437895103861481,0.12013707250743477,0.8409051546321494,0.6405762217288727,0.6157573550708724,0.47145883169261926,0.6612812993233375,0.9148346167048758,0.2824145342712375,0.46364043925827836,0.6890015840589595,0.03718958836907704,0.12201480801811937,0.8597960723602354,0.7407599761817162,1,1,inf,inf,0,0,0,0,1,1,1,1,1337,2509,302,0,3,1,1,1,2212,4.1,18,1
4.4,19.360000000000003,1,0,4030,8.301769763117166,0,1,1,1,1,0,0,0,1,0,0,27.3,75.57000000000001,0.5285188210149697,0.5266793141227533,0.043612324771990396,0.3373020493297457,0.10670622140841335,0.2229428018039329,0.01081941955189103,0.5631669122353236,0.8037835843292507,0.12991573218806174,0.8717829098627284,0.2942279801972729,0.7653954982829381,0.4359682119931253,0.44580007694853063,0.5517604913174997,0.8784088369218451,1,1,inf,inf,0,0,0,1,1,0,1,0,4936,2063,7,1,3,0,1,0,4030,4.4,39,1
5.0,25.0,0,1,3744,8.22817689595132,0,1,3,0,1,0,0,0,0,0,0,26.330000000000002,77.21000000000001,0.727542375028222,0.1865159642512001,0.23567091324829292,0.39185441490225037,0.19041165512209568,0.07753095402414278,0.9335382848058944,0.5522997761430047,0.5777332667904044,0.6530399723997461,0.3822475347171985,0.044867855389903455,0.14320148297079893,0.05638597076289398,0.9011273141223668,0.7850707855743322,0.5143217747020011,1,1,inf,inf,0,0,1,0,0,0,1,1,1995,3127,264,0,2,0,0,0,3744,5.0,14,1
2.9,8.41,0,0,4967,8.510772623613315,0,1,2,1,1,0,0,1,0,0,0,27.42,77.09,0.7826228166445921,0.9444544587090504,0.5043001464077778,0.9627502922616061,0.4664797358163594,0.5419512226904932,0.8164241480314974,0.810380379804905,0.8962594279364172,0.7491422172584221,0.8097155120052641,0.9758253327123272,0.2180429887018005,0.8813409266362779,0.6429464471974226,0.45705427290740397,0.7399101389657051,1,1,inf,inf,0,0,1,0,1,0,1,0,7490,2152,18,1,2,0,1,1,4967,2.9,13,0
2.5,6.25,0,0,3317,8.10711747075039,0,1,4,0,1,0,0,0,0,0,0,27.05,75.68,0.40851723454480915,0.9233388158553515,0.20150717859902212,0.8788693619791805,0.43489232121559973,0.5899533654651675,0.5919193275768421,0.9330552048204221,0.3297070450325126,0.5463067377921839,0.7491769958344382,0.4757244460747162,0.4386416569614816,0.23074625337056798,0.19931386121058203,0.5570195651094754,0.512284653783398,1,1,inf,inf,0,0,0,1,0,1,1,1,2108,1844,152,1,0,0,0,1,3317,2.5,18,0
3.2,10.240000000000002,0,0,1573,7.3613754289773485,0,1,1,1,1,0,0,0,0,0,0,26.51,76.77,0.7343698121963285,0.23818799340678942,0.502348234069868,0.001401746940909332,0.37074895661942775,0.27191541134290553,0.5025859482610089,0.043625552669399825,0.8188139660863104,0.9612369533168131,0.42055678328330026,0.015310749194903384,0.2865539542669332,0.8360744993634897,0.893086726496993,0.8614041797076936,0.39721116330191386,1,0,inf,inf,0,0,0,0,0,0,1,1,8534,214,142,1,0,1,0,1,1573,3.2,28,0
2.7,7.290000000000001,0,0,974,6.882437470997847,0,0,4,0,1,0,0,0,0,0,0,27.63,77.63,0.19497321331490203,0.9815153936804899,0.6122956742950642,0.39006361159017255,0.6462324863766205,0.9737804984231359,0.624309616817941,0.8441621022118774,0.31630375047270487,0.4251079162334984,0.1544361716600955,0.6581418631987892,0.3846385601693919,0.4307356494951412,0.026674398114531317,0.06399258169186417,0.703766216204265,1,0,inf,inf,0,0,1,0,0,0,0,1,595,3851,97,1,1,1,1,1,974,2.7,9,1
2.5,6.25,0,0,427,6.059123195581797,0,0,2,1,1,0,1,0,0,0,0,27.47,77.62,0.9335174932944285,0.17619331046344455,0.8494490379148322,0.11668973857011966,0.6942104525579054,0.7896284149926361,0.32070424857919444,0.5265103065788593,0.02190243496328792,0.4029366028761938,0.7753376614277272,0.3812115697819738,0.7434658780065646,0.403249604196409,0.12301579005912577,0.9765048803266005,0.7483720686737133,1,0,inf,inf,0,0,1,0,1,0,0,0,3948,4011,135,1,3,1,1,1,427,2.5,34,0
3.2,10.240000000000002,0,0,3782,8.23827262463303,0,1,2,1,1,0,1,0,0,0,0,26.07,77.7,0.8849937459644128,0.38810026824321986,0.7564426431240826,0.7143659714530591,0.1662650072210815,0.04264560440762333,0.02012416867758604,0.13115376802553957,0.8522842119718927,0.6591149857756193,0.1100208216795473,0.13317330399288096,0.33680395016411013,0.6312537005882727,0.9501393614519069,0.4223694588043261,0.7874328361595325,1,1,inf,inf,0,0,0,1,0,0,1,0,448,3000,255,1,2,0,0,0,3782,3.2,32,0
3.0,9.0,0,0,2974,7.99799931797973,0,1,2,1,1,0,0,0,0,0,0,27.8,77.13,0.08001798682236394,0.4716965932419751,0.7959425098010333,0.995742758442005,0.7418292362169601,0.396840030850093,0.8059139789189332,0.9563864835916999,0.8016454184722122,0.7552980455926434,0.5354286711521212,0.8104662563753319,0.9851866218898127,0.5568347515333588,0.13480012307419842,0.7162659187514321,0.5895378744517514,1,1,inf,inf,0,0,1,1,0,0,0,0,4620,4317,274,1,1,0,1,0,2974,3.0,43,1
3.6,12.96,0,0,2815,7.943072717277933,0,1,4,0,1,0,0,0,1,0,0,27.02,75.39,0.5553299102584875,0.6200567954693332,0.6109976695348569,0.6151703451095153,0.6534933781939515,0.4785048022453867,0.0028332160968859155,0.009506772471912894,0.12447784029875719,0.6950582560163437,0.00748958721350601,0.8298150415849189,0.11407417265105968,0.4061129215488489,0.37020881495936253,0.7086725217412048,0.8883767331253037,1,1,inf,inf,0,0,0,1,1,0,0,1,3303,16,96,1,0,0,0,1,2815,3.6,14,0
3.0,9.0,0,0,4204,8.344029572407049,0,1,2,1,1,0,0,1,0,0,0,27.94,77.94,0.4013588505806208,0.07953187525997396,0.5580250168507944,0.8901356440026761,0.2548304375845649,0.8710880252547452,0.29660763066939155,0.7138018043647486,0.9416991866925327,0.30693987150861735,0.23791138348728125,0.6966239376909935,0.5931176663350174,0.33912186932852073,0.9396308573707121,0.2157163123364002,0.21956673862598441,1,1,inf,inf,0,0,0,1,0,1,1,1,8357,1547,333,1,0,0,0,0,4204,3.0,14,1
3.0,9.0,0,0,892,6.794586580876499,0,0,2,1,1,0,0,0,0,0,0,27.01,76.3,0.6600713153397382,0.258939248980498,0.44096209015392585,0.9964773399603342,0.7730752096894848,0.928838161031711,0.8185304678160297,0.7669635384139758,0.30089890841714795,0.14421258622618838,0.8889369155663812,0.4055202713518167,0.3768996640911628,0.18976917279464045,0.8510588925863988,0.42530045635841385,0.2936195635111143,1,0,inf,inf,0,0,1,0,0,1,1,0,2991,63,149,0,2,1,1,1,892,3.0,18,1
4.7,22.090000000000003,0,0,2744,7.917536353943631,0,1,1,1,1,0,0,0,0,0,0,26.23,76.59,0.17855704368901892,0.040044113450736996,0.9940436096344816,0.9032612369041864,0.131809503672914,0.11026324056864256,0.568951612807924,0.8095669868505774,0.5031909317388737,0.35191766865426455,0.22081319300279423,0.6933445115745605,0.3910926265616511,0.443693594227478,0.5787597031449583,0.9262172534053029,0.13063195818920104,1,1,inf,inf,0,0,0,0,1,1,0,0,2506,3728,318,0,1,0,0,0,2744,4.7,22,0
2.9,8.41,0,0,1773,7.480992162869525,0,1,2,1,1,0,1,0,0,0,0,27.95,75.55,0.2954287418471031,0.6270250851966748,0.49746516008346287,0.29684033632822393,0.8424977227170439,0.08366301771119189,0.010374566476939795,0.33913848149084325,0.9261201216245153,0.5049571712804776,0.25460744939006186,0.7507239078473532,0.1962039876472722,0.8775024202168421,0.23012807996558238,0.6231159222220127,0.7131150596112924,1,1,inf,inf,0,0,0,0,0,1,1,1,1985,2315,100,1,1,0,0,1,1773,2.9,7,1
4.5,20.25,1,0,3584,8.184513753033722,0,1,1,1,1,0,0,0,1,0,0,27.55,76.92,0.7279156162765797,0.8547638601816705,0.1487114838077681,0.20387242064441602,0.47632535854701563,0.6367966205888045,0.04898997173230413,0.01789793566563036,0.7849493539866818,0.9535828623574698,0.5744117479216451,0.2416420099874439,0.36865566339050027,0.1968562264230277,0.0320069383424012,0.2101608511923042,0.6138205505190275,1,0,inf,inf,0,0,0,0,1,0,1,0,3204,3809,327,0,1,1,1,0,3584,4.5,38,0
3.4,11.559999999999999,0,0,4010,8.296795865770052,0,1,2,1,1,0,0,1,0,0,0,26.34,75.05,0.9520035476418037,0.7871541776092846,0.6402452660779409,0.14171857370623797,0.437919218876916,0.6583617150892564,0.7591126517513412,0.8259118641575934,0.35899609635637164,0.5666956633809928,0.46743874954094844,0.7090800255857559,0.2957131029106166,0.7613702506592135,0.24441732456203957,0.2534055950238049,0.9399248732995841,1,1,inf,inf,0,0,0,1,1,1,1,1,7485,1282,209,0,1,0,0,0,4010,3.4,0,0
4.1,16.81,1,0,2282,7.733245646529795,0,1,1,1,1,0,0,0,1,0,0,26.810000000000002,75.57000000000001,0.914217911615789,0.1440305398324072,0.021856583539885177,0.8997323469672208,0.17277384257379536,0.9229735069984014,0.11254744091256486,0.5509250061460003,0.27684899435165056,0.21537300244140467,0.6227300463892851,0.006123757236153882,0.16828215154017412,0.5286251562710591,0.004508321583742703,0.6919689988488251,0.4192407606491073,1,0,inf,inf,0,0,0,1,1,1,0,1,319,456,18,0,1,0,1,0,2282,4.1,20,1
3.4,11.559999999999999,0,0,2324,7.751475318021456,0,1,3,0,1,0,0,0,0,0,0,27.810000000000002,76.24,0.5275408029085688,0.41943225015069585,0.046226255482126555,0.7191969458655295,0.1559748689341791,0.8942292963839105,0.8051188722426812,0.39977662383921464,0.8688733328311773,0.5527117886507261,0.774079675289565,0.5853976596442966,0.6975127661711803,0.8746784432500255,0.04834094813970835,0.222031341585321,0.5652702767571978,1,1,inf,inf,0,0,1,1,1,1,1,1,3787,1176,285,1,1,0,0,0,2324,3.4,10,1
4.5,20.25,1,0,4038,8.303752415563412,0,1,1,1,1,0,0,0,0,0,0,27.310000000000002,75.07000000000001,0.9018814566673714,0.9698561930016271,0.6826855622500186,0.5860236746205353,0.30365638171166576,0.290765708002129,0.36428291427113546,0.9638213557812766,0.8089979071343636,0.9222783828757899,0.5049018979001487,0.9705118597088614,0.04984070503376137,0.30805068052077733,0.9456326289788844,0.6412763102555911,0.7318586756400742,1,1,inf,inf,0,0,1,1,1,0,0,0,5485,3698,324,1,1,1,1,0,4038,4.5,3,1
3.3,10.889999999999999,0,0,3287,8.098034756176071,0,1,2,1,1,0,0,0,0,0,0,27.82,77.12,0.43206925494594406,0.9984176610772858,0.8151323740939117,0.22186237613630022,0.03596254219755168,0.6364635658802833,0.23466951796237112,0.6166119573853084,0.340581333810723,0.264707596867648,0.26566098048936326,0.9777038718133223,0.5343707937288772,0.19725239109470893,0.3750263799398854,0.06329725717406443,0.6030393581422933,1,0,inf,inf,0,0,0,1,1,0,1,0,7361,192,336,1,1,0,1,0,3287,3.3,6,0
4.0,16.0,1,0,4409,8.391629968440892,0,1,4,0,1,0,0,0,1,0,0,27.54,77.01,0.4168884677661693,0.747672312490091,0.9455159015412647,0.626396181079489,0.943981701372312,0.3315839859574956,0.2037077247055844,0.5161571945873225,0.007420983019761462,0.700101096049378,0.4876233431727147,0.6801200060385256,0.4250191270189061,0.8094762429296739,0.5037881693802997,0.6693255314900715,0.9415256138960137,1,1,inf,inf,0,0,1,0,1,1,0,1,6676,622,159,0,3,0,1,1,4409,4.0,34,0
2.6,6.760000000000001,0,0,1288,7.161622002939187,0,1,2,1,1,0,0,0,0,0,0,26.0,77.63,0.7057081537880266,0.9308493872635905,0.7461792196166689,0.5403946797608751,0.08273540001149005,0.3374534805502306,0.18441457089396007,0.5424617944415325,0.18102593421387914,0.47352861689110026,0.5462786889715573,0.2789594634539654,0.16469373941988097,0.615816826681253,0.04169172883997707,0.44576472017470703,0.056232766125813294,1,1,inf,inf,0,0,0,1,1,1,1,0,8546,4183,190,1,0,1,0,1,1288,2.6,4,1
3.8,14.44,0,0,4472,8.405814603432848,0,1,3,0,1,0,0,0,1,0,0,27.21,76.59,0.7440143017500807,0.6039762623296409,0.01963455205421183,0.26039666309149223,0.5651423523615419,0.27736196757194775,0.3441042555108178,0.529530287519355,0.008065353446928825,0.3521828526028905,0.8595219084234521,0.9071405627653046,0.2322411512237469,0.34760596283052125,0.9054462316201463,0.0661487960221051,0.9207204806549507,1,1,inf,inf,0,0,0,0,1,0,0,1,8034,2645,223,0,0,0,1,1,4472,3.8,26,0
2.6,6.760000000000001,0,0,1911,7.555905093611346,0,1,2,1,1,0,0,1,0,0,0,26.77,75.38,0.10220713341449916,0.7326894582361028,0.8159271518035536,0.8304331228321344,0.18469981819173364,0.4979192139152939,0.0317472898754847,0.2471619207739374,0.5930594874196551,0.6552969107666058,0.7315034210687065,0.8993879898608241,0.6037491824565719,0.6358981616553465,0.5208851491969143,0.18240316648419852,0.9356406855680172,1,1,inf,inf,0,0,1,0,1,0,0,1,8089,3512,82,1,3,0,0,1,1911,2.6,3,0
2.7,7.290000000000001,0,0,2172,7.6838639802564295,0,1,1,1,1,0,0,0,0,0,0,26.76,77.61,0.2593708419574675,0.6234457820712871,0.8603922032201226,0.9941110391999455,0.025220745739189088,0.5620138326703569,0.687932933950743,0.9254937690580771,0.3318933603347244,0.4192390103451401,0.27172095760729464,0.17980376733764247,0.8054161176009486,0.8509951559296083,0.3077866823516624,0.7632869704598214,0.8623194589529961,1,1,inf,inf,0,0,0,1,0,0,0,1,9409,365,43,1,1,1,0,1,2172,2.7,22,1
5.0,25.0,0,1,2636,7.877397186353287,0,1,4,0,1,0,0,0,0,0,0,27.8,77.19,0.22577127320077373,0.004761170308317242,0.6580234169493946,0.06864506183510699,0.5552562676548012,0.8450935596703348,0.4351572669162018,0.6360907416671276,0.2388215173100663,0.3887553762042941,0.39791403770992906,0.16603378374776534,0.45895073779223106,0.5247140346235655,0.6186600431711132,0.9015587718848547,0.470429221386648,1,1,inf,inf,0,0,0,0,1,1,0,1,7336,3236,96,0,3,0,1,1,2636,5.0,5,1
3.7,13.690000000000001,0,0,2708,7.904334842085095,0,1,3,0,1,0,0,0,0,0,0,27.0,77.17,0.28414995364875284,0.7770213280091912,0.447829931317572,0.6024319220140739,0.003556246360581272,0.14808872613375978,0.7175206642841429,0.1597220037076701,0.84755548478997,0.9991957054468057,0.16568718561926832,0.22560407771832824,0.3348929903443355,0.2767868558221168,0.38200250156743243,0.5700328897939593,0.5002119164075834,1,1,inf,inf,0,0,0,1,0,1,0,1,4600,3416,164,1,2,1,0,1,2708,3.7,45,0
4.6,21.159999999999997,0,0,805,6.692083742506628,0,0,4,0,1,0,0,0,0,0,0,26.21,76.86,0.9754315161760411,0.7667820539977811,0.025221338018517003,0.6465674947640057,0.49390901624618555,0.3987554509325969,0.46811505685136157,0.1650647424951236,0.8929580334726308,0.12531527645746687,0.6096909308957272,0.4905857544557054,0.09102608606731233,0.0324900548565733,0.3473152141724569,0.8980910144174804,0.28582077958762364,1,1,inf,inf,0,0,0,0,1,1,1,0,7215,424,26,1,1,0,1,0,805,4.6,32,1
3.3,10.889999999999999,0,0,1334,7.19668657083435,0,1,3,0,1,0,0,0,0,0,0,27.080000000000002,77.41,0.06068356945267461,0.12590256316064274,0.3527202281664751,0.5472889177231556,0.4006127811092167,0.1627396850294056,0.559615385597188,0.4437126397433879,0.3122817378636913,0.7382936510246324,0.818264163319692,0.9335033699570964,0.9869260743884127,0.5122376098511849,0.7373902236630768,0.5860543155490875,0.8131077248213422,1,1,inf,inf,0,0,0,1,1,1,1,1,1371,2820,339,0,1,0,0,0,1334,3.3,38,1
3.8,14.44,0,0,4008,8.296297112642508,0,1,2,1,1,0,0,1,0,0,0,27.7,76.88,0.1389023656251288,0.4135615009772411,0.8018836765935446,0.8359477794523827,0.8970249247612806,0.7491342853107332,0.9547758179241465,0.5718195468156044,0.33398940683063016,0.5795975436804002,0.7713264894929791,0.9289446894392838,0.7609050391816697,0.36223742305615314,0.5001654049141591,0.43013592444472526,0.3470199425413,1,0,inf,inf,0,0,1,1,0,0,0,0,8827,1733,281,1,3,0,1,0,4008,3.8,33,1
3.2,10.240000000000002,0,0,2869,7.962067308753666,0,1,2,1,1,0,0,0,1,0,0,26.240000000000002,77.58,0.6239707652675396,0.5870326638742449,0.24389503534336165,0.6865018502742345,0.6309964759205698,0.632545387924466,0.01980542560325005,0.27054175190353824,0.6855601394963554,0.4877735981191581,0.02470824100481339,0.9452095486289287,0.5448745063168802,0.8370172313982137,0.26794353875787247,0.5321227376451129,0.731322475769061,1,1,inf,inf,0,0,0,1,1,1,0,0,6378,3568,81,1,2,1,1,1,2869,3.2,12,1
4.2,17.64,1,0,4354,8.379079889286603,0,1,1,1,1,0,0,0,0,0,0,27.5,75.89,0.6570267265930246,0.08583983484771063,0.535806019940591,0.08169354401728735,0.018964269424085023,0.3797432235891274,0.6964720690795232,0.9094819954559324,0.7938616692812351,0.7015801718491177,0.3069491035238041,0.5587436455568847,0.6205358402156023,0.8373643748957926,0.8892697649213893,0.21168001130868574,0.5600471484926659,1,0,inf,inf,0,0,0,0,0,0,1,0,5646,2693,257,0,2,0,0,0,4354,4.2,33,0
3.6,12.96,0,0,3589,8.185907481482324,0,1,2,1,1,0,0,0,0,0,0,27.61,77.49,0.5683874337769124,0.24514057098838393,0.8105672116074368,0.3413775673865833,0.16211010696556338,0.7677552301033116,0.515315608739193,0.09799440707065188,0.37691902881404826,0.9849825099037343,0.3343592299642397,0.09632124197523573,0.9855292308053468,0.8739444767827385,0.23971631703822704,0.5240601596307021,0.9575688059845515,1,1,inf,inf,0,0,0,1,0,0,0,1,9602,4327,188,0,0,1,0,0,3589,3.6,13,1
4.4,19.360000000000003,1,0,2629,7.874739125171811,0,1,4,0,1,0,0,0,0,0,0,27.76,76.9,0.252595656226827,0.2189821025862102,0.35963084602562934,0.22657419973538717,0.3172052309789597,0.42849411577066987,0.5366217276684271,0.42943931800839896,0.6412193148324842,0.23645317495713503,0.7095795897852214,0.7731583862484208,0.2758407910938808,0.3525249790537345,0.7103276147404417,0.5933774651802226,0.5085817846977632,1,1,inf,inf,0,0,1,0,0,0,1,1,3356,3443,99,0,1,0,0,0,2629,4.4,29,0
2.6,6.760000000000001,0,0,3867,8.260492856573185,0,1,4,0,1,0,0,0,0,0,0,27.66,75.35000000000001,0.4908681586205199,0.09752313069349161,0.7616116490854493,0.8383115628544432,0.6761325571623802,0.7612106132262237,0.20081993206368964,0.6227981002419811,0.19211171937995275,0.1725256269997565,0.8328920271471157,0.004609982031001603,0.7996834834237778,0.8703453325172065,0.24772737960047608,0.5167920573624702,0.5584738705678489,1,1,inf,inf,0,0,1,1,1,1,0,1,2747,3392,229,0,2,0,0,1,3867,2.6,0,0
4.1,16.81,1,0,96,4.574710978503383,1,0,3,0,1,0,0,0,0,0,0,27.51,76.69,0.8575635124223202,0.38623233942051394,0.6267985430621726,0.9458019176590727,0.9057275801904029,0.46458361151530647,0.8334761735971224,0.6411542549359079,0.5487992545751497,0.1663520898592704,0.030309085368221744,0.3245403918148012,0.26437807033514016,0.540021952520152,0.7093979521313996,0.21770496906223535,0.33055853129953905,1,1,inf,inf,0,0,1,0,1,1,0,1,9896,753,181,1,0,1,1,0,96,4.1,35,1
3.4,11.559999999999999,0,0,497,6.210600077024653,0,0,1,1,1,0,0,0,0,0,0,26.44,75.63,0.8950201113421247,0.041345794605126995,0.3138081896744018,0.7077627504339566,0.9663574522232101,0.6726599646921736,0.559400643535893,0.6151611644629587,0.5548445154845131,0.7905797646891881,0.11786925315514396,0.9112482098906354,0.8845286470983089,0.4317479088444637,0.09716885283807852,0.47978751896608285,0.7648138076785742,1,0,inf,inf,0,0,0,1,0,1,0,1,7564,1612,37,1,1,1,1,0,497,3.4,41,0
4.1,16.81,1,0,1919,7.560080465021827,0,1,3,0,1,0,0,0,1,0,0,26.98,76.66,0.3797883645511555,0.8536420658305173,0.9455432654427257,0.027174075128506114,0.11435388322937734,0.7404623039156328,0.27416720478195833,0.7583623373413095,0.974272592158048,0.42050955980331917,0.8624527077195544,0.2739496948192168,0.6118062184603819,0.7499149959947415,0.1413679453911746,0.1159608076020634,0.5250979685026026,1,1,inf,inf,0,0,1,1,0,1,0,1,2510,4969,332,0,1,0,1,0,1919,4.1,42,1
3.0,9.0,0,0,368,5.910796644040527,0,0,2,1,1,0,0,0,0,0,0,26.990000000000002,75.47,0.5959204964035311,0.07909961940981713,0.5400727666639416,0.633365094872127,0.12889954283628768,0.7441867792727435,0.7052725465408557,0.6710744877733706,0.7623594555479158,0.48762843283288815,0.3405487092907826,0.23846416363295253,0.678125316228428,0.3162049734473453,0.24859907963175143,0.14796941205615433,0.6304744373352721,1,0,inf,inf,0,0,0,0,0,0,0,0,5039,2091,206,0,1,1,0,0,368,3.0,1,0
4.6,21.159999999999997,0,0,302,5.713732805509369,0,0,3,0,1,0,0,0,0,0,0,27.810000000000002,75.28,0.00318857394881078,0.5219571334993154,0.8360259708946858,0.16451635426856603,0.8416368360589359,0.2593927227198407,0.893560507821534,0.40770039203911923,0.49787776674447304,0.5923648516857111,0.9210304185451252,0.343478612195255,0.15096490401367735,0.16381875725296458,0.5699424147799126,0.44226817640670024,0.6107160698882361,1,0,inf,inf,0,0,1,0,0,1,0,0,8922,4093,283,1,3,0,0,1,302,4.6,45,1
4.6,21.159999999999997,0,0,3050,8.02322468471667,0,1,4,0,1,0,0,0,0,0,0,26.16,77.32000000000001,0.5830699348853214,0.45305347673473373,0.43298565777455056,0.20466392702361202,0.06133421007409112,0.4955940143433756,0.7754005956031903,0.8735287228005678,0.645975623652809,0.23886858974491876,0.8408223276896225,0.6217939605075434,0.10428826905169508,0.016141285198651878,0.19158941966606013,0.03019820128379702,0.6047370135471223,1,1,inf,inf,0,0,0,0,1,1,0,0,1187,3163,336,0,1,0,0,0,3050,4.6,41,0
3.0,9.0,0,0,373,5.924255797414532,0,0,1,1,1,0,0,0,1,0,0,27.23,75.55,0.7360197722715894,0.14135463021918948,0.1496869256018205,0.6537231166090467,0.7733408860083458,0.12880700976068538,0.6632979041248422,0.4457895717720902,0.9928843316862768,0.7242770408440252,0.997651847205145,0.9773726409615154,0.7751182579652525,0.08168095777393947,0.7918741650659495,0.7886424066647921,0.04758569301179927,1,1,inf,inf,0,0,0,1,1,1,0,0,9318,665,304,0,2,1,0,0,373,3.0,39,1
4.4,19.360000000000003,1,0,3309,8.104703468371108,0,1,3,0,1,0,0,0,0,0,0,27.27,77.54,0.8593175918131523,0.38613082483188266,0.6642304550097914,0.9980290602816239,0.51277895713052,0.9434430158796756,0.9450518417317492,0.37558546931776304,0.49228498573369517,0.40022560589238565,0.741834165721657,0.4681354877669459,0.27456289554187896,0.20970157318578486,0.6440280646945942,0.335124066699482,0.5823063139160478,1,1,inf,inf,0,0,0,1,1,0,1,0,5511,1925,298,1,0,0,0,1,3309,4.4,4,0
2.8,7.839999999999999,0,0,2407,7.786551806428712,0,1,1,1,1,0,0,0,0,0,0,27.25,75.81,0.2773628832775137,0.501434568835403,0.6295991154710856,0.5992149804508313,0.14851917483457178,0.6550654230581433,0.992277149970781,0.3888726887073508,0.8891707307476004,0.5720661521830753,0.4725494832737591,0.10553186229752898,0.8984596071251402,0.5347521459078773,0.9037154597806567,0.8138979286599123,0.872997233447609,1,1,inf,inf,0,0,0,0,1,0,1,1,6457,2199,211,0,2,1,1,0,2407,2.8,49,1
4.0,16.0,1,0,1880,7.53955882930103,0,1,3,0,1,0,0,0,0,0,0,26.95,77.2,0.37969679171363535,0.8568166302380377,0.3151699974265857,0.5542697998689698,0.2122673920145638,0.591146024450792,0.2281190214157488,0.5119930135425218,0.396996080682015,0.8532996885656224,0.9410665313941874,0.7412740305017136,0.7839152917931104,0.24714392535088325,0.05703471839210006,0.3356916836980197,0.7511819886427094,1,1,inf,inf,0,0,0,0,0,1,0,0,1594,185,261,0,1,0,1,0,1880,4.0,17,0
3.1,9.610000000000001,0,0,880,6.78105762593618,0,0,2,1,1,0,0,0,0,0,0,26.810000000000002,75.22,0.17251701660875784,0.2711618157531782,0.7451868805280032,0.9097162518911801,0.9773281487874275,0.1612337701547346,0.7930803915251612,0.7505530300965643,0.6632103624120596,0.15636328848731773,0.0757900116592174,0.2458832758747479,0.2204332599351626,0.6354816587723172,0.5906877841521699,0.4683362629898792,0.772357484084142,1,1,inf,inf,0,0,1,0,0,1,0,1,6081,2130,22,0,0,1,1,0,880,3.1,32,1
4.0,16.0,1,0,2869,7.962067308753666,0,1,3,0,1,1,0,0,0,0,0,27.26,77.27,0.8541629427420799,0.18756196285460158,0.8879485798872234,0.017001927830298635,0.8097481835675365,0.028117687463252383,0.9199584991752019,0.09300107180757722,0.25452976532142724,0.23378526809044697,0.5103655690910989,0.038668043823996245,0.02110889833902896,0.8234059794617926,0.7332804428345959,0.4227749924932268,0.6111492703593621,1,1,inf,inf,0,0,0,0,1,0,0,1,8375,3552,121,0,1,0,1,1,2869,4.0,14,1
4.5,20.25,1,0,510,6.236369590203704,0,0,3,0,1,0,0,0,0,0,0,27.1,77.09,0.3778389669376665,0.28411783731331675,0.20195080300927992,0.6316712352429565,0.3087640920800092,0.9764555499141531,0.18824004458412413,0.10849544634647634,0.08221532436144274,0.5654613299883716,0.9901041785983957,0.5980797955582822,0.48647012737380313,0.4579068404037273,0.41084658542029506,0.6115183474358318,0.047486258243256474,1,1,inf,inf,0,0,0,0,1,1,0,0,1848,2381,39,1,2,0,1,0,510,4.5,46,1
2.7,7.290000000000001,0,0,197,5.288267030694535,1,0,1,1,1,0,0,0,0,0,0,27.330000000000002,77.39,0.8803865318175356,0.45916856047627697,0.9105092447117352,0.7359201318078417,0.25355428980915073,0.31721680692919485,0.09543477505189446,0.8227998585919709,0.9718046552615311,0.32729035530638795,0.7459039349260936,0.3616771259810455,0.9217068667653,0.4445660212273127,0.5955602726472116,0.18197881367838298,0.8143061939308204,1,1,inf,inf,0,0,0,1,0,1,0,0,9351,3284,105,1,2,0,1,0,197,2.7,9,0
4.8,23.04,0,1,567,6.342121418721152,0,0,3,0,1,0,0,0,0,0,0,26.46,75.06,0.5877922274385166,0.2292674794019961,0.6081584784550268,0.508114783170222,0.15455540609896978,0.03946102502855353,0.5159576519453224,0.26051916022791555,0.8335907865036353,0.9771086892724529,0.13726723835342935,0.3860674974959989,0.17851263672970108,0.431333780341814,0.5969101561379629,0.9264778437100757,0.1807774139893703,1,0,inf,inf,0,0,0,0,0,0,0,1,3490,2079,294,0,3,0,0,1,567,4.8,22,1
2.7,7.290000000000001,0,0,2162,7.679251425953058,0,1,2,1,1,0,0,0,0,0,0,26.580000000000002,76.71000000000001,0.9068128588550979,0.15417784981636495,0.35382523679981814,0.40300688649372196,0.013970725558809294,0.2600766498866929,0.7801478032725373,0.9095462372402989,0.4003282382514636,0.09899592591110695,0.9591861199604617,0.5396112725831399,0.3807755817341425,0.8898331220466151,0.2482422419729916,0.9215829571413745,0.48942825160673487,1,1,inf,inf,0,0,1,1,0,0,1,1,8111,2086,265,0,2,0,0,0,2162,2.7,12,1
3.7,13.690000000000001,0,0,160,5.081404364984463,1,0,4,0,1,0,1,0,0,0,0,26.23,75.64,0.17045929990380282,0.005805219979779563,0.9028653726199231,0.9378625962326564,0.6010239205149145,0.7308367844961178,0.5021221986835197,0.364615563455875,0.5469205692776212,0.5439630092463112,0.1927236612377785,0.09375236972372547,0.31579880760021917,0.4852802555390895,0.5319312392950052,0.6585174361815883,0.046715144405535924,1,1,inf,inf,0,0,1,1,0,1,1,1,6887,185,255,0,2,1,0,0,160,3.7,3,0
4.5,20.25,1,0,3316,8.106816038947052,0,1,2,1,1,0,0,0,0,0,0,27.78,77.23,0.1416526669093886,0.13975857716436857,0.6995328170199326,0.7090628463006999,0.25870025086160353,0.3869913902814295,0.8958169190783599,0.5991844372909453,0.7759905024185199,0.2489636462942788,0.6191662902776668,0.32254714900869985,0.3390740243163479,0.5631225141621413,0.6441224517134532,0.8612388711488402,0.8152211947088921,1,0,inf,inf,0,0,0,0,1,1,0,1,4043,4049,260,0,0,0,0,0,3316,4.5,18,1
2.8,7.839999999999999,0,0,4534,8.419580362549237,0,1,3,0,1,0,0,0,0,0,0,27.84,75.87,0.16686404825779833,0.8895143876415418,0.11172266629190719,0.4463798569655243,0.8536838529931258,0.36216906484066713,0.27787674890297565,0.1616092279999165,0.8344406431548357,0.23835441597507367,0.03614922021787759,0.6778682311975152,0.6693000543127827,0.00045048327445229575,0.45591864126199366,0.7234046869319455,0.9125330347296965,1,0,inf,inf,0,0,1,0,0,1,1,0,2053,41,50,0,3,0,1,1,4534,2.8,21,0
4.5,20.25,1,0,3745,8.228443883004033,0,1,1,1,1,0,1,0,0,0,0,26.400000000000002,77.92,0.26460354097045635,0.693170441231365,0.5802804137806437,0.7159675290113244,0.4623154426356457,0.15715337682481711,0.6068960434538176,0.9315114633583618,0.6709484586716702,0.39715152305383783,0.2058864284961639,0.5663808509875118,0.29437293016129606,0.8258547688778721,0.7805596375991037,0.17518298127720977,0.9104155440011118,1,1,inf,inf,0,0,1,0,1,0,1,0,3715,1261,233,1,2,1,0,1,3745,4.5,10,0
4.9,24.010000000000005,0,1,1283,7.157735484249907,0,1,2,1,1,0,0,0,0,0,0,26.07,75.76,0.8295615829402062,0.4732579191550509,0.6640523117115904,0.7110106983826336,0.31101491525626235,0.7479665422730352,0.5420586411357801,0.9815595701875712,0.720465009980997,0.4367429437508755,0.8810762941301274,0.3833174618462811,0.8097488418995701,0.8476555352995083,0.08594292991826302,0.49624124719805374,0.21405288015248192,1,0,inf,inf,0,0,0,0,1,0,1,1,7169,728,127,0,1,0,1,1,1283,4.9,16,0
5.0,25.0,0,1,107,4.68213122712422,1,0,1,1,1,0,0,0,0,0,0,27.92,75.52,0.32820928105384783,0.04047938316988475,0.08619748525216919,0.8621594099962795,0.21571937345781345,0.17292967984461405,0.3302623765457652,0.1485145117757164,0.782574480139218,0.026009882421900277,0.726230938342584,0.6955130534615851,0.674766923188326,0.31050422618974083,0.8499526201029982,0.5170538142598818,0.09265680596145398,1,1,inf,inf,0,0,1,0,0,0,1,0,9876,2879,198,1,2,1,0,1,107,5.0,20,0
3.3,10.889999999999999,0,0,4124,8.324821298768782,0,1,1,1,1,0,0,0,0,0,0,27.27,75.98,0.6110764610640196,0.17219179062776657,0.7333999881728194,0.30700636768430045,0.32074407102863445,0.9788797467688674,0.9380925478741168,0.3289473339162262,0.7201081608663551,0.9311744032393093,0.5610036530630804,0.9780924377268359,0.06590277766447916,0.7706584154945134,0.8762671151365303,0.6213917216140153,0.5353239573203632,1,0,inf,inf,0,0,1,0,0,1,1,0,2462,4568,93,1,3,0,0,0,4124,3.3,26,0
4.6,21.159999999999997,0,0,1648,7.407924322559599,0,1,2,1,1,1,0,0,0,0,0,27.69,77.63,0.15241990417128315,0.6944536275866194,0.3189789450935938,0.4222777009983072,0.13268141836035086,0.19253342643612503,0.8770595161472058,0.46300805082480456,0.6213620063870706,0.30990329199175937,0.537973138193943,0.588009814801492,0.6633731747609297,0.10909044835736292,0.4482352652041457,0.7140089222021416,0.4322769341334134,1,1,inf,inf,0,0,0,1,0,1,0,0,2138,409,353,0,1,1,0,0,1648,4.6,23,0
2.9,8.41,0,0,4266,8.358666283188,0,1,4,0,1,0,0,0,0,0,0,27.14,77.29,0.4486687755787181,0.9507415795066435,0.6349151571416679,0.20388888570615582,0.24795451071927188,0.7234787655879441,0.6067185596839197,0.22617812303025353,0.511255853912494,0.2231242927260323,0.3425454603101745,0.5178637599824164,0.24141229836642697,0.006081807333737088,0.31673745066016,0.22053746627741333,0.5959868385712974,1,1,inf,inf,0,0,0,0,1,0,1,1,5298,2380,65,1,2,1,0,0,4266,2.9,31,0
4.4,19.360000000000003,1,0,3905,8.270269111436624,0,1,3,0,1,0,0,0,0,0,0,27.330000000000002,77.12,0.9108637410369755,0.41549199817484617,0.726292660078984,0.7666722272480052,0.19580635089648735,0.1429502660457962,0.9204724725629273,0.9792230636951823,0.3216628750199495,0.7690764308181034,0.8507187078455093,0.30735074292724784,0.14853140216147187,0.9494475160928387,0.635478533454965,0.2601611746163921,0.46091753594920093,1,1,inf,inf,0,0,1,0,1,0,0,1,7479,3801,331,1,1,1,1,0,3905,4.4,47,1
3.8,14.44,0,0,4014,8.297792626380861,0,1,1,1,1,0,0,0,0,0,0,26.0,75.57000000000001,0.9074036907766896,0.5599446699811809,0.2790800066726743,0.0076442695047801434,0.9788490701290182,0.21206667635385623,0.14435315458373288,0.8893767847999736,0.5914018960379996,0.32104875145495493,0.9014629981596617,0.15605857596306338,0.6877389843261741,0.851926212076477,0.5164377121141666,0.9371179458826567,0.7345004750775943,1,1,inf,inf,0,0,1,1,0,0,1,1,8591,1094,182,1,1,1,1,0,4014,3.8,40,0
4.3,18.49,1,0,1958,7.580189417944541,0,1,2,1,1,0,0,0,0,0,0,27.310000000000002,77.09,0.31772403859597564,0.13955952558091245,0.646822718431433,0.5229071771914003,0.21132953354090367,0.5696684279211979,0.952597800712832,0.40467822877289983,0.0500061854197722,0.9803608478537914,0.81280730404688,0.8701392651950278,0.5162489940140568,0.4144438491049842,0.14485071023143803,0.1201256240028491,0.04204410494870314,1,0,inf,inf,0,0,1,1,0,0,0,1,3692,1793,71,1,0,1,0,0,1958,4.3,33,0
3.4,11.559999999999999,0,0,1552,7.347943823148687,0,1,2,1,1,0,0,0,0,0,0,26.07,76.45,0.060982609781456976,0.10323993056613057,0.7468222727067687,0.782615566344018,0.6593423452668801,0.7684786801717037,0.045890073047422986,0.15742949517557003,0.6100781145403953,0.5281936648605057,0.45146357097349044,0.07735950345033893,0.2328188094422995,0.827222162347352,0.09935781852444792,0.3848925689552951,0.19005912541395853,1,1,inf,inf,0,0,0,0,0,0,1,1,18,1189,323,1,3,1,0,1,1552,3.4,17,1
4.9,24.010000000000005,0,1,926,6.831953565565855,0,0,1,1,1,0,0,0,0,0,0,27.36,76.55,0.7676407629538212,0.6977451833120775,0.33528990130795744,0.21104564120251534,0.511517323983515,0.61527903319687,0.45737592033753105,0.4994820870087098,0.2933876108005681,0.7375495836099396,0.6091631893288009,0.4870412907740921,0.2438833337941092,0.9022804181688477,0.11156614632169337,0.9229323419901964,0.8999180450549323,1,1,inf,inf,0,0,0,1,0,0,0,1,94,4693,63,0,3,0,1,0,926,4.9,37,1
4.8,23.04,0,1,3177,8.064007347096661,0,1,3,0,1,0,0,0,0,0,0,26.45,75.64,0.03258642665270761,0.9358490339006675,0.6286881374934083,0.6148513216873767,0.3078346257510979,0.003478893529186844,0.5119390097642427,0.22850804710070638,0.23347418850534785,0.9290611168499744,0.3062464381983988,0.393663819554511,0.9725547456755511,0.8557772458047023,0.2083733602964839,0.8032368560270762,0.13977556314007633,1,0,inf,inf,0,0,1,1,1,0,1,1,1249,4495,234,0,2,1,1,0,3177,4.8,14,1
4.5,20.25,1,0,340,5.831882477283517,0,0,2,1,1,0,0,1,0,0,0,26.51,75.06,0.6644029825287409,0.6101475036396227,0.40617742054923345,0.12138902539805996,0.13093931443194207,0.058495492933881676,0.6540029660706347,0.7397962250828094,0.39632219211194397,0.29314934264385617,0.484590880324114,0.39342588447214333,0.6335200763880257,0.3164444469472648,0.6819751765442368,0.39535979248221254,0.6798281581799377,1,1,inf,inf,0,0,0,0,1,1,0,0,2497,1009,301,1,2,1,0,1,340,4.5,7,0
4.7,22.090000000000003,0,0,4302,8.3670677328386,0,1,1,1,1,0,1,0,0,0,0,26.72,77.03,0.9660556855086603,0.831673093042542,0.6083390469291676,0.610091827258731,0.7524240164740551,0.8307197061286336,0.28801381965216755,0.32144195543535736,0.869373093395889,0.9427299795216071,0.48022172024145315,0.37860839081137676,0.8952366479399477,0.6762732735597446,0.8058259319792809,0.10797205932930842,0.8526480616090533,1,1,inf,inf,0,0,0,0,1,0,0,0,3766,4762,52,1,1,1,1,1,4302,4.7,32,0
5.0,25.0,0,1,2586,7.8582541821860294,0,1,1,1,1,0,0,0,1,0,0,27.05,76.87,0.5231557977489639,0.5167172272015429,0.504720411857481,0.4581234269526553,0.8683107137704182,0.1420807355344067,0.5016069073234467,0.6183523655664516,0.2967478105479884,0.11600803320367203,0.4190765965963904,0.940142740592286,0.8728760700260578,0.06788259884691406,0.5398113976585712,0.42394293529923777,0.9420199915994582,1,1,inf,inf,0,0,1,1,1,0,1,1,4663,4646,7,0,2,0,0,0,2586,5.0,9,0
2.9,8.41,0,0,2990,8.003363058629947,0,1,1,1,1,0,0,0,0,0,0,26.82,77.09,0.8517062008717136,0.773514442460806,0.9795917813676743,0.7245161243766198,0.8849298098970579,0.9696247779193772,0.4243965888807625,0.14465499136742221,0.2730860369378426,0.9824498692713839,0.4168006788140426,0.054683101122841915,0.44751533304342495,0.5772608031723219,0.7682109869998698,0.7859499747220398,0.9843090659386723,1,0,inf,inf,0,0,0,0,0,0,0,0,8834,1203,246,1,2,1,1,0,2990,2.9,8,1
4.0,16.0,1,0,3238,8.08301991917133,0,1,3,0,1,0,0,0,0,0,0,27.95,75.43,0.9452765654295529,0.9537674705774084,0.417760717593864,0.7364610878356809,0.762765593808672,0.226307169582596,0.5819240316758975,0.8553019139281873,0.6471595789413138,0.6655676434736573,0.8592026001328827,0.6377000526137696,0.9896159545918953,0.5231993416920798,0.5839043767303994,0.007044684950396896,0.6161855718932998,1,1,inf,inf,0,0,1,0,1,1,1,1,6757,3803,150,0,3,1,0,1,3238,4.0,35,1
4.1,16.81,1,0,3659,8.205218426395412,0,1,1,1,1,0,1,0,0,0,0,27.8,76.14,0.20136747498522534,0.1372016313053256,0.19964467589125523,0.47361115201833437,0.836650031283646,0.5148817128803119,0.8950090734757661,0.7016551285406213,0.1660594727693928,0.09642593005981082,0.4247294354022705,0.10521323823339723,0.8781809157810521,0.30252333623988803,0.9595272472531055,0.0341797226759738,0.20698760172728914,1,0,inf,inf,0,0,0,0,0,1,1,1,6742,2668,316,1,1,0,1,1,3659,4.1,21,1
4.5,20.25,1,0,584,6.371611847231857,0,0,4,0,1,0,1,0,0,0,0,27.76,77.29,0.15282133026770972,0.044198077896299814,0.42609968337335347,0.774488961232276,0.5963874638630523,0.957191079355034,0.04083473283120409,0.33994304820005816,0.3908078648824028,0.2616157855402722,0.35443563269500744,0.2962709339037457,0.6226219158731144,0.4798989637668908,0.08463077755002069,0.29767510489420934,0.15517138107069428,1,1,inf,inf,0,0,0,0,1,0,0,0,2084,677,131,0,0,0,0,0,584,4.5,10,0
3.0,9.0,0,0,32,3.4965075614664802,1,0,2,1,1,0,0,1,0,0,0,26.51,75.51,0.14107849209857604,0.016887782037876997,0.9270566374587594,0.6827009292360756,0.9417037046943634,0.02183673413638576,0.744603560556501,0.5661195019078454,0.13101409099410122,0.46695721360804765,0.5572687316653429,0.9281102389842643,0.02177052901911314,0.1932762391417152,0.6705532500515049,0.07309695048607368,0.16316787109138386,1,1,inf,inf,0,0,1,0,0,0,0,0,69,3060,56,1,3,0,1,1,32,3.0,39,0
3.1,9.610000000000001,0,0,2998,8.00603417874901,0,1,4,0,1,0,0,0,0,0,0,26.8,76.56,0.6793133839377699,0.4833100640962523,0.19388857570012952,0.5079966051428335,0.3993505630960089,0.034286106830731855,0.12902605748291796,0.31022792694076595,0.9146415569801378,0.7231126472932383,0.867548003685106,0.17177380110038898,0.3850446268507869,0.9230805866202794,0.6546681997722013,0.7551362307337168,0.9980466183888628,1,1,inf,inf,0,0,0,1,1,0,1,1,2676,153,150,0,0,0,0,0,2998,3.1,5,0
3.0,9.0,0,0,2219,7.705262474866325,0,1,2,1,1,0,1,0,0,0,0,27.400000000000002,76.54,0.5951433863096165,0.21720999047269696,0.5511146805140507,0.9646443847601813,0.30015304210285754,0.299858385478314,0.2667284474606182,0.3805562546634197,0.6914179781694554,0.737114267816488,0.703803595437637,0.17485376458286583,0.6617108243347719,0.4235250240707368,0.6873603306349658,0.0763077793964122,0.9238596758667537,1,1,inf,inf,0,0,1,1,0,0,0,1,3383,713,252,0,0,0,1,1,2219,3.0,46,0
3.8,14.44,0,0,2815,7.943072717277933,0,1,3,0,1,0,0,0,1,0,0,27.67,76.64,0.8323836665453266,0.37464485347826204,0.5204415875582161,0.4277005454987629,0.2708035671129365,0.3885418792092903,0.4757801560193642,0.7820619945026892,0.7504406916103639,0.03522430110820929,0.6870500969356255,0.9848171008185206,0.437588739380148,0.5818925210671129,0.13513187537934734,0.9441802522825661,0.3130321454689259,1,1,inf,inf,0,0,0,0,1,1,0,0,8663,524,334,1,3,1,1,1,2815,3.8,39,0
3.1,9.610000000000001,0,0,977,6.885509670034818,0,0,4,0,1,0,0,1,0,0,0,26.75,76.88,0.47339540434317995,0.15420071303024896,0.1737160915749807,0.5983276122816423,0.9767944874658053,0.4173328057460408,0.13412280483825145,0.5391585511572127,0.10061201703047662,0.6763205701710467,0.6245673953233876,0.13423664705825,0.5840183987453781,0.28376335592216384,0.7494979026572881,0.06036493703321544,0.17248555256060571,1,1,inf,inf,0,0,1,0,1,1,1,0,384,4188,123,0,2,1,0,0,977,3.1,8,1
3.5,12.25,0,0,3529,8.169053149927343,0,1,1,1,1,0,1,0,0,0,0,26.28,76.64,0.1018420846912268,0.5219456465981336,0.32080327887122706,0.0018028801739158329,0.20060806598410819,0.4230164320265739,0.5722995047299607,0.2524783156094238,0.10721639386383974,0.10453975297254159,0.2605934359482386,0.36383746450351784,0.6461085966173749,0.11413174457833264,0.47885160943015304,0.26585940331395497,0.8754826815127442,1,1,inf,inf,0,0,1,1,1,1,1,1,5404,3995,241,1,2,0,0,0,3529,3.5,48,0
3.0,9.0,0,0,3388,8.128290171607052,0,1,3,0,1,1,0,0,0,0,0,26.48,76.71000000000001,0.4443320674650678,0.1753889480791071,0.7399535484858951,0.8738106359535506,0.13450286134298017,0.4932345120725079,0.02392819101110566,0.6066933166494101,0.7248827862392697,0.023078469794023615,0.3707058168459074,0.7823621325125263,0.36308030670352764,0.8259775298289738,0.6235796776520386,0.4990536201964596,0.7364735521790045,1,1,inf,inf,0,0,0,1,1,1,1,1,3197,610,186,0,1,1,0,1,3388,3.0,30,1
3.5,12.25,0,0,4289,8.364042011922063,0,1,4,0,1,0,0,0,0,0,0,26.3,77.66,0.17376892087532037,0.560094046819267,0.5082841796630359,0.5310712817671862,0.05071185933865352,0.278528092663649,0.2085297021772412,0.9664677710396801,0.8567118960763871,0.5782782675727817,0.8586178188264542,0.169591784252766,0.44497711630611525,0.2660129825705154,0.8826169439406399,0.07464903727606109,0.9790535673794669,1,1,inf,inf,0,0,0,1,1,1,0,0,3558,2149,131,0,1,0,1,1,4289,3.5,44,0
4.6,21.159999999999997,0,0,1506,7.317876198626496,0,1,3,0,1,0,0,0,0,0,0,27.69,77.91,0.192170045085447,0.3824460651446029,0.8601065620617747,0.8512231602390677,0.15438273169261807,0.4824268415692302,0.2818503153221116,0.751997239250411,0.7735920711724587,0.6303399439238455,0.9937426924153001,0.37922868339393234,0.9315564202023816,0.8098249538154306,0.6466337559722839,0.42078983443697304,0.16452661528628598,1,1,inf,inf,0,0,1,1,0,0,1,1,7005,4893,228,1,3,0,0,1,1506,4.6,15,0
2.6,6.760000000000001,0,0,201,5.308267697401205,0,0,2,1,1,0,0,0,0,0,0,26.73,76.45,0.7038304225061547,0.5040038063542508,0.5148275465125938,0.07621069472649833,0.3631185931341966,0.21623829308990838,0.6608739741655573,0.4842681915036742,0.3823166180482934,0.3856680406607308,0.07990412440579231,0.08359320639712353,0.17637521379727372,0.5746501645541223,0.4102647765856159,0.39785044237802114,0.46773159775536666,1,1,inf,inf,0,0,1,0,0,0,0,1,5872,3416,8,1,0,1,1,0,201,2.6,1,1
3.7,13.690000000000001,0,0,269,5.598421958998375,0,0,4,0,1,0,0,0,0,0,0,26.11,75.56,0.20202169882558052,0.04262930830345191,0.011584271135892998,0.8908723858235066,0.372625306451687,0.27540080644498466,0.2357712808287361,0.6861996532774484,0.15655252794021401,0.8737642082575751,0.7234159158431708,0.9700826324601928,0.8767828230030049,0.8640645582226012,0.022660639174770902,0.9929106098776547,0.8830030314592854,1,1,inf,inf,0,0,1,0,1,1,1,1,8106,4986,310,0,0,0,0,0,269,3.7,14,1
3.6,12.96,0,0,889,6.7912214627261855,0,0,2,1,1,0,0,0,0,0,0,27.240000000000002,76.02,0.7225396099693946,0.6095911489037847,0.5689002813846942,0.3543559902906849,0.21105528390887596,0.28754360178222516,0.9168714323192602,0.06624673201773101,0.6019378396314518,0.07386652903307223,0.3345869043260661,0.7790094946684208,0.8146532093248798,0.23442164838262813,0.2772295795173805,0.24476230741545635,0.2570150149892665,1,1,inf,inf,0,0,1,1,0,0,1,1,2575,4376,17,0,0,1,0,0,889,3.6,5,1
4.8,23.04,0,1,3999,8.294049640102028,0,1,2,1,1,1,0,0,0,0,0,27.44,76.7,0.3683984182059782,0.2892976748659445,0.4537909412287111,0.6481892079398448,0.1442859903453706,0.09422916472268295,0.8093387978731748,0.4454645723960342,0.7807191425817193,0.9682880011716778,0.2644880663499196,0.21430618176397875,0.3462766332145447,0.6729285398850122,0.4812984785603168,0.9627327450995948,0.2277352694893625,1,1,inf,inf,0,0,0,0,0,0,1,1,623,3512,208,1,2,0,1,0,3999,4.8,41,1
3.6,12.96,0,0,652,6.481577129276431,0,0,2,1,1,0,0,0,0,0,0,26.92,77.19,0.7208441230317968,0.32261505187453876,0.19802182041836447,0.6396340388861614,0.8318231454559184,0.5118957000885995,0.2149891764079015,0.9250488092077371,0.3075123568420296,0.6151803528892158,0.22723080321049316,0.5408915755656992,0.5610044140728728,0.7782849104625736,0.937399083883883,0.6152708400232035,0.28961630837993535,1,0,inf,inf,0,0,1,0,1,1,0,1,5597,206,306,1,3,1,1,0,652,3.6,33,1
3.7,13.690000000000001,0,0,264,5.579729825986222,0,0,1,1,1,0,0,1,0,0,0,27.13,76.22,0.8942571955867102,0.7389707822378335,0.08955753782540088,0.7426495432885,0.17423516515153048,0.22603115126385798,0.32644605466672194,0.3808432092048173,0.3150121452238749,0.9442416809373625,0.9092258758317595,0.5552626125050422,0.20017655986214522,0.29597718954421937,0.4919259725432886,0.4909380714888326,0.534072671677893,1,1,inf,inf,0,0,1,0,0,1,0,1,8757,3381,24,1,2,0,0,1,264,3.7,30,0
2.6,6.760000000000001,0,0,514,6.244166900663736,0,0,4,0,1,1,0,0,0,0,0,26.54,76.95,0.018454387798537253,0.6276594504802995,0.23222511786284605,0.6783671866607759,0.2761613599339886,0.5393041590886045,0.7884432871536544,0.5561004463449226,0.7109871908713821,0.19292236136163687,0.1410038781402072,0.12065959753228839,0.9809230499526568,0.9914610144075855,0.8003896298583303,0.8828736899126354,0.7555975862503015,1,1,inf,inf,0,0,1,0,1,0,1,0,5372,869,228,0,0,0,1,1,514,2.6,20,1
4.7,22.090000000000003,0,0,4273,8.360305435879093,0,1,4,0,1,0,0,1,0,0,0,27.89,75.31,0.0774136297179906,0.8672664346192641,0.07893715595300865,0.21556208316258985,0.2587239009364318,0.21075575533452906,0.9743391405418064,0.19316892596800483,0.1205479859930838,0.21478367203248394,0.47531055139604217,0.6588655577751591,0.8618014778433091,0.775692794383292,0.3344993809633606,0.7966918390631207,0.0788782553236328,1,1,inf,inf,0,0,1,1,0,1,0,1,1354,2011,64,1,1,0,0,1,4273,4.7,24,0
4.9,24.010000000000005,0,1,1314,7.181591944611865,0,1,2,1,1,0,0,0,1,0,0,26.42,75.61,0.15641117264610604,0.0719228154449496,0.37717266827430096,0.6690153045053132,0.6534070612077028,0.6105837373019093,0.6229016381436047,0.48502715113337314,0.4348175847957251,0.7071023608569225,0.8821224717377955,0.48212416655763823,0.01961080265765558,0.9712333071284598,0.9475177604755455,0.4577609171306882,0.13506878142107215,1,1,inf,inf,0,0,0,1,0,0,0,0,1905,4745,317,1,1,0,1,1,1314,4.9,1,1
3.7,13.690000000000001,0,0,2687,7.89655270164304,0,1,2,1,1,0,0,0,0,0,0,27.490000000000002,75.76,0.960509646362935,0.4376347985922635,0.8302113695755977,0.5825116185563316,0.0433271294070523,0.5932853888260271,0.18660333771727466,0.360544327587877,0.7838242867255422,0.4760389536703774,0.2392705169982422,0.06688024285550542,0.9660688450317659,0.23291369437907172,0.373253320561175,0.9780558735734352,0.7343444058953116,1,1,inf,inf,0,0,0,0,1,1,1,0,1657,3366,118,1,2,1,1,1,2687,3.7,27,0
4.8,23.04,0,1,4307,8.36822903827628,0,1,3,0,1,0,0,0,0,0,0,27.37,75.93,0.7585425978646849,0.013371542733688235,0.12482947676498057,0.46423495216232913,0.4178200104882086,0.41341111983778167,0.0205764880653031,0.1338924564713484,0.5251267649972194,0.8989860168951008,0.028216202459532935,0.8897811706600495,0.173388462709391,0.6817436733621048,0.10894233147043564,0.2500860038073248,0.016847574698904744,1,1,inf,inf,0,0,1,0,0,0,0,1,7578,4457,24,0,0,0,0,0,4307,4.8,41,1
2.8,7.839999999999999,0,0,4610,8.436200032206706,0,1,2,1,1,0,1,0,0,0,0,26.37,76.72,0.26573185365590235,0.2186296194411984,0.8319778666680719,0.9741396654710675,0.8947800815161084,0.5533846977661886,0.2477176948094787,0.1597420349592945,0.9410064292878652,0.8777225449541496,0.4705301671860075,0.960516501803936,0.48831696313440465,0.3504042582273337,0.08026110877310966,0.5283361606887983,0.18637578288208534,1,0,inf,inf,0,0,0,1,1,0,0,1,571,278,56,0,0,1,1,0,4610,2.8,22,0
4.5,20.25,1,0,1551,7.347299700743164,0,1,4,0,1,0,0,0,0,0,0,26.23,75.66,0.018159757312784186,0.8420124721369604,0.3175848757562335,0.4326231233216369,0.250975423110363,0.9184073517306857,0.5333679628676099,0.9246470049303098,0.1847425290898056,0.7132963753879762,0.13057770579668848,0.1982612789862509,0.9798375743353993,0.4783164584873316,0.08259104780643978,0.17099628953683077,0.27428914751945377,1,1,inf,inf,0,0,1,0,0,0,0,1,633,2761,112,0,0,0,0,1,1551,4.5,3,1
3.7,13.690000000000001,0,0,2854,7.956827122090111,0,1,4,0,1,0,1,0,0,0,0,26.7,75.61,0.7177818377862776,0.08114115744373396,0.1387121992125252,0.30302495121278716,0.7169244552893714,0.8742261540482771,0.030926165907954273,0.7052955236581689,0.14995628741893285,0.2829165362459559,0.1420925334948534,0.759289536781098,0.40669286936088855,0.44056416489135886,0.9972621735276463,0.6705197325082365,0.6748867110794847,1,1,inf,inf,0,0,0,0,1,1,0,0,3969,746,66,1,1,0,0,1,2854,3.7,8,1
3.5,12.25,0,0,704,6.558197802812269,0,0,3,0,1,0,1,0,0,0,0,26.3,75.98,0.12074577929414432,0.09196189301843272,0.08991448607814234,0.052236813919481984,0.8198398728497776,0.5426319201139713,0.6907441296820143,0.6017080784585687,0.9918802788473653,0.6435903998729893,0.06935926067563081,0.3557114528874429,0.10023052505730867,0.18107582813020406,0.4670908506047563,0.30733759294306495,0.9237874554680057,1,1,inf,inf,0,0,0,0,1,0,0,0,7329,3141,13,0,1,0,1,0,704,3.5,21,1
3.8,14.44,0,0,3840,8.253488028345904,0,1,1,1,1,0,0,0,0,0,0,26.51,77.89,0.9673210993266121,0.28944242572915546,0.7521521560842714,0.7999069798961541,0.8340097119632264,0.9164335337000281,0.3386654156437656,0.8484901007465869,0.661235231572124,0.6217198059022248,0.2454840317986603,0.835793282563502,0.27488285630893117,0.8491689131245348,0.3956550110688132,0.8116461668588362,0.25949266961396256,1,0,inf,inf,0,0,1,1,0,0,1,1,8365,4946,229,1,0,0,1,0,3840,3.8,49,1
3.3,10.889999999999999,0,0,4806,8.47782846789396,0,1,3,0,1,0,0,0,0,0,0,26.37,77.09,0.8214929800197341,0.05135366651261508,0.6765275907275591,0.8501248186161686,0.8314540178545108,0.6704606596267605,0.8743887939077094,0.30758827875580363,0.3245735351601684,0.6284479542394069,0.008917051014477595,0.7357867367903329,0.9707334243026701,0.07013694614715449,0.8956073304688059,0.5837374074817242,0.47953012986754595,1,1,inf,inf,0,0,0,0,0,1,1,0,1556,3311,207,0,1,1,0,0,4806,3.3,49,0
3.9,15.209999999999999,0,0,1159,7.05617528410041,0,1,3,0,1,0,0,0,0,0,0,27.2,76.93,0.3548622719090607,0.910615504635543,0.6962783711861581,0.8997369749932164,0.1262687614783221,0.7448308279717996,0.13482861866962303,0.7863854086111094,0.33483573297904723,0.9030070464454448,0.6091840158423851,0.91319867537305,0.7322841806714331,0.8750500915032688,0.6192423695149689,0.4010131991714396,0.829613028179506,1,1,inf,inf,0,0,1,0,1,1,0,0,5573,793,278,0,3,1,1,0,1159,3.9,17,1
3.6,12.96,0,0,4496,8.411165786770708,0,1,4,0,1,0,0,1,0,0,0,26.67,76.94,0.1551627694657659,0.6452542430137015,0.6082070556888236,0.8228962453736485,0.20143493303220605,0.8736880596720425,0.4075178234177841,0.25222404186437575,0.10856805505662159,0.23931777528773246,0.48019023859264354,0.14071103888405234,0.9644487908573697,0.9963299265210043,0.5954357519116071,0.9975521616748199,0.26961294420616366,1,1,inf,inf,0,0,1,1,0,1,1,0,2011,1115,281,1,3,1,1,1,4496,3.6,40,1
3.0,9.0,0,0,2096,7.64826303090192,0,1,1,1,1,0,0,0,0,0,0,27.39,76.85000000000001,0.24551042425412473,0.3500736688267877,0.1809734687039377,0.16809476596951256,0.9065003931907771,0.7565731432167714,0.7737361192952655,0.8419892505156189,0.39611235730702654,0.023942896004098047,0.2751026737031118,0.9357226882866285,0.11220709323076339,0.7299060854947477,0.49238104736028643,0.7127144080657078,0.7290930575006895,1,0,inf,inf,0,0,0,1,1,1,0,1,2456,122,167,0,0,1,1,1,2096,3.0,24,0
3.7,13.690000000000001,0,0,3112,8.043342170441608,0,1,4,0,1,0,0,0,0,0,0,26.61,75.79,0.005488482559961372,0.7751167519934073,0.165389641656986,0.5710422573092061,0.8193726094363812,0.5140381330401199,0.27135931478284503,0.08779469036833087,0.9795737051205784,0.45772375925841047,0.9277178379354004,0.145849360239659,0.9326830703614186,0.40500821455359615,0.815791624076381,0.723879940566463,0.5108847121288335,1,1,inf,inf,0,0,1,1,1,1,0,1,7041,3960,270,1,3,0,1,0,3112,3.7,30,0
3.1,9.610000000000001,0,0,2919,7.979338895262328,0,1,1,1,1,0,0,0,0,0,0,27.35,75.76,0.7110530562800904,0.5959064622059738,0.5536879161701561,0.4031097448838862,0.32724212058169166,0.6068901009203679,0.04761607199749207,0.9514296267001244,0.02343724582464002,0.4766848879694977,0.828281715052685,0.24938877666728487,0.2203542123324863,0.8992663127908296,0.21880154273741248,0.219838102858825,0.6149532264918287,1,1,inf,inf,0,0,1,0,1,1,1,1,7055,2646,293,1,1,1,1,1,2919,3.1,23,1
3.8,14.44,0,0,2020,7.611347717403621,0,1,1,1,1,0,0,0,0,0,0,26.19,77.34,0.15296320574716982,0.16929520437573564,0.3359024422697592,0.2109419624449933,0.20097531755671472,0.4463700326653307,0.42133725409685374,0.8668335269541289,0.716871287424912,0.9865069161750446,0.9829879054095915,0.7235154779349581,0.8370676220986585,0.1280234587403657,0.21996644524919495,0.28138058419499057,0.46130230863039057,1,0,inf,inf,0,0,1,1,1,0,1,0,3721,1561,103,1,1,1,0,1,2020,3.8,42,1
4.3,18.49,1,0,4712,8.45807992692373,0,1,1,1,1,0,0,1,0,0,0,27.88,76.16,0.09081231553863534,0.40541578735579487,0.9403083498033871,0.17424000164441655,0.08488023278412027,0.3454892809958511,0.35642925501628553,0.8183789439497651,0.2768611050812061,0.3770854251217508,0.7847226572609992,0.30230910344469,0.31736096428837157,0.5656479059756419,0.36680762581551185,0.6763178948425053,0.5804675291397804,1,0,inf,inf,0,0,1,0,0,1,1,1,877,2214,209,0,3,0,1,0,4712,4.3,14,0
4.8,23.04,0,1,2397,7.7823903355874595,0,1,1,1,1,0,0,0,0,0,0,27.740000000000002,77.74,0.781478404558687,0.7491670653740907,0.7703483438441423,0.6818294548120537,0.9310796523354321,0.28752346581910027,0.8839311346008193,0.2504612341064484,0.3558128488780906,0.4769569002568671,0.18786402655495227,0.10040556277437584,0.8798523024783717,0.1612348557977622,0.31213555959410144,0.13811076361181707,0.3328795226622444,1,1,inf,inf,0,0,0,1,0,1,1,0,6645,4348,244,0,0,0,1,0,2397,4.8,25,1
4.4,19.360000000000003,1,0,3388,8.128290171607052,0,1,1,1,1,1,0,0,0,0,0,26.98,77.14,0.585772278656541,0.3719005612345161,0.5637589814180622,0.07264760447057361,0.9931608305860632,0.35977032752020044,0.9257345248686741,0.5287629951077453,0.9075180147685032,0.2765306708584063,0.007986464078841626,0.18079286816051487,0.896109579051462,0.9257162446926579,0.2634476541433567,0.4924245362182771,0.6757197867580937,1,0,inf,inf,0,0,0,0,1,0,1,1,9040,4141,81,1,2,1,0,1,3388,4.4,5,1
2.5,6.25,0,0,2623,7.8724551500639794,0,1,3,0,1,0,0,0,0,0,0,27.79,76.76,0.5669989336157496,0.3092967170045329,0.3691224593482927,0.2465506944941973,0.2126731886299148,0.8928131910013617,0.8227250483000597,0.5496812282583434,0.07682581459599902,0.3559114691138622,0.851844427341278,0.9687605555249833,0.44009277213300346,0.6125011456328431,0.4162208016198349,0.8892764044255999,0.20360700999680836,1,1,inf,inf,0,0,1,1,0,0,0,0,9216,14,198,0,3,1,1,0,2623,2.5,7,1
3.3,10.889999999999999,0,0,716,6.57507584059962,0,0,1,1,1,0,0,0,0,0,0,26.990000000000002,77.42,0.21966524529358022,0.09731803911049663,0.7659648726140462,0.7653068443805903,0.19586975640118132,0.9263647060717749,0.2210942742407691,0.2098147155530029,0.1708713553306398,0.37791098941709944,0.18256160878400018,0.9766326926554454,0.4558941675768542,0.7316414272807868,0.7336862765972407,0.36184996693832383,0.27436454987858283,1,0,inf,inf,0,0,0,0,1,1,1,0,4513,1011,51,1,1,0,0,0,716,3.3,47,0
2.6,6.760000000000001,0,0,217,5.384495062789089,0,0,3,0,1,0,0,0,1,0,0,27.27,77.34,0.12195257508563839,0.2873102127752264,0.17277415622897963,0.3403797885500992,0.8630488291062998,0.2036296806440474,0.5564930854465369,0.8980846165837868,0.5468617672954624,0.24223869780347185,0.981049944688603,0.8276510580494727,0.2951098648283048,0.4461454478580147,0.49139928158552404,0.16209535069402115,0.8272478208035495,1,0,inf,inf,0,0,0,0,1,0,0,1,2805,2688,69,1,1,1,0,1,217,2.6,17,1
4.0,16.0,1,0,4189,8.340456012916183,0,1,1,1,1,0,0,0,0,0,0,27.34,77.09,0.44631867610961984,0.8816131555858302,0.5398878967611156,0.3743905479232157,0.14523751073297153,0.1637372734666237,0.9450469463641117,0.41560667853637834,0.38218363495080365,0.7153789889454087,0.7654111198099568,0.358955839510505,0.9024809872476304,0.17515492574347258,0.11125688605654782,0.9410859373583246,0.9356267796407118,1,1,inf,inf,0,0,0,0,0,1,0,1,6362,568,330,0,1,1,1,0,4189,4.0,21,1
4.1,16.81,1,0,184,5.220355825078324,1,0,2,1,1,0,0,0,0,0,0,27.62,75.19,0.23157506604490352,0.5160950614979032,0.3282354532354532,0.7100748010628701,0.44844552129017623,0.8587296435735768,0.9959256691668649,0.5839392480055163,0.562607697452184,0.9640010857003116,0.3976093563714246,0.8208615562058758,0.6851219110604035,0.8662200550261169,0.11334748861493116,0.5198158969322263,0.45069341520066875,1,1,inf,inf,0,0,0,1,1,0,1,1,2365,665,306,0,3,1,1,0,184,4.1,44,1
2.8,7.839999999999999,0,0,74,4.31748811353631,1,0,4,0,1,0,0,0,0,0,0,27.2,77.65,0.834014948961679,0.5209844962458497,0.13624189904879547,0.7208195485388588,0.9530076571794033,0.6684809167330137,0.1402559400349026,0.022504618352957917,0.2883758969719825,0.3791815842393955,0.9305173618746021,0.7370526020012476,0.8227279148709816,0.6276804615141104,0.13181955724070604,0.8971632310920564,0.7238854886078961,1,1,inf,inf,0,0,1,1,0,1,0,0,2705,4919,35,1,3,0,1,0,74,2.8,26,1
3.9,15.209999999999999,0,0,2493,7.821643126239982,0,1,4,0,1,0,0,0,0,0,0,27.080000000000002,75.93,0.2533266346771327,0.7983790951113857,0.18713916899466543,0.9403258196826317,0.6416540112674078,0.3848137709720254,0.3302926377397174,0.47828411136343874,0.3591099410582239,0.010010498088164455,0.6492247637783538,0.8229068296205526,0.18934451206877578,0.8027588078720727,0.5396748714459777,0.24625887549962133,0.9300350375460781,1,1,inf,inf,0,0,0,0,1,1,1,0,4981,2003,194,0,1,0,1,0,2493,3.9,46,0
4.1,16.81,1,0,769,6.646390514847729,0,0,4,0,1,0,0,0,0,0,0,27.89,75.24,0.2568727154950522,0.5389042272547292,0.7201334418775223,0.7373585400144014,0.30919936507230805,0.6788137918351841,0.6401623516935239,0.20901395223625185,0.3137006075969355,0.28274570844475266,0.7134244914505836,0.9203173135844286,0.30510160742193426,0.9536044483290063,0.7589998163679315,0.09621540784445692,0.3134381655900801,1,1,inf,inf,0,0,1,0,1,0,0,1,4710,3925,341,0,0,1,1,1,769,4.1,47,1
3.5,12.25,0,0,4576,8.428799040653642,0,1,1,1,1,0,0,0,0,0,0,27.060000000000002,75.23,0.6983327155113267,0.206068198328604,0.8758844952105977,0.018995889745879402,0.9826615521719414,0.24177735251929933,0.7253542583527249,0.29509023197415507,0.5440415324643622,0.7583001405769874,0.4995634192603914,0.09326343359700928,0.5407277888547167,0.7341851466210215,0.3898110669380772,0.2105128558305338,0.5478410809538728,1,1,inf,inf,0,0,1,1,1,0,1,0,3451,4613,176,0,1,0,0,0,4576,3.5,5,0
4.7,22.090000000000003,0,0,4662,8.44741429680832,0,1,1,1,1,0,0,0,1,0,0,26.37,77.01,0.7879749089358723,0.9859866538448743,0.5678406002114087,0.4916723937913259,0.8292916159714585,0.36462519311289265,0.7420447752776245,0.8839996711890297,0.395425794401423,0.43424476890308117,0.09931084353219377,0.0977640315927446,0.45301383246351135,0.2768481755255092,0.46097827105654676,0.5373720417488377,0.7732748824766349,1,1,inf,inf,0,0,1,0,1,1,0,0,9276,990,13,1,0,1,0,1,4662,4.7,45,0
4.8,23.04,0,1,4662,8.44741429680832,0,1,2,1,1,0,0,0,0,0,0,26.51,75.49,0.8970566582690479,0.6504310283326007,0.19703435656843238,0.6285318857527699,0.7285872959196643,0.12574309799789873,0.5660161015053138,0.8852540766941707,0.7345281805131305,0.4392117387524421,0.8121010953451557,0.5582404798889429,0.43177667337817593,0.7672086836769015,0.4036908558119293,0.5987508310439942,0.5077079980373861,1,1,inf,inf,0,0,0,1,0,1,1,0,5995,685,143,0,1,1,0,1,4662,4.8,13,0
4.5,20.25,1,0,4670,8.449128460502108,0,1,2,1,1,0,0,0,1,0,0,26.580000000000002,76.38,0.9121104010337657,0.9043254698636054,0.8256390861318527,0.7825225393959407,0.5875056306732392,0.36569312614737426,0.38475814779202,0.01631676582876107,0.5527161146750736,0.6234290588269825,0.7875364486130687,0.11791534540709525,0.5562857283722327,0.2988973453862581,0.9201098777544517,0.7705186567856579,0.14830428445759747,1,1,inf,inf,0,0,0,0,1,0,0,0,9350,2149,68,0,2,1,1,0,4670,4.5,35,0
4.4,19.360000000000003,1,0,3143,8.053251153549096,0,1,2,1,1,0,0,0,0,0,0,27.94,76.85000000000001,0.9357369409406805,0.5576471122295864,0.6575612503711479,0.441154816092434,0.653507661706648,0.3810712865061737,0.4082810284367786,0.7603381082890501,0.8524792446452452,0.050201588308957046,0.27825461445522204,0.663710879781859,0.7912451810830895,0.17392961311058663,0.9577244048285104,0.8383243237429329,0.07909809343548213,1,0,inf,inf,0,0,0,1,1,1,1,1,5658,1934,88,0,1,0,1,0,3143,4.4,35,1
3.5,12.25,0,0,3147,8.054522609537294,0,1,3,0,1,0,1,0,0,0,0,26.64,75.95,0.761024153054334,0.9332309774328531,0.7079117161977625,0.06821986825230175,0.2542677334099258,0.7388364170518881,0.4304678648442082,0.6346286733229826,0.31776698194128106,0.17253065121630307,0.539262079327092,0.018120712115988535,0.5795135180494327,0.4807509301512103,0.6067776849662636,0.5749571230702705,0.5818827585822375,1,1,inf,inf,0,0,0,1,1,0,0,1,8860,2764,109,1,2,0,0,1,3147,3.5,38,1
3.6,12.96,0,0,1656,7.4127640174265625,0,1,3,0,1,0,0,0,0,0,0,27.97,77.48,0.1394066431527894,0.8272077526299552,0.916397138933379,0.9066028052324976,0.7468828925737802,0.7206274572468763,0.6866782695874387,0.06515259228616199,0.19550713109759066,0.733795417892585,0.4233685631192562,0.9382340907616217,0.5138257498528211,0.18083974207220022,0.019370792794919045,0.06248614675355024,0.6952866898436393,1,1,inf,inf,0,0,1,1,0,1,0,0,8722,1274,116,1,3,1,1,0,1656,3.6,8,1
2.8,7.839999999999999,0,0,4995,8.516392871245468,0,1,2,1,1,0,0,0,0,0,0,27.98,76.57000000000001,0.9348868446705361,0.9282867547139184,0.20072546981571548,0.30620335928415654,0.23840396989125046,0.032901114862095904,0.021826594289964696,0.08321022110923315,0.8935682666261737,0.1339854570359832,0.06353324498344515,0.5378123054716578,0.31430391767399657,0.2495521527421357,0.5147642101827841,0.6647797149146601,0.7545647489705258,1,1,inf,inf,0,0,0,1,1,0,1,0,6691,921,322,1,0,1,0,0,4995,2.8,34,0
4.6,21.159999999999997,0,0,4430,8.39638057119949,0,1,3,0,1,0,0,0,0,0,0,27.03,75.88,0.06666296048237574,0.07366292873897273,0.7012905269571988,0.5176814920985437,0.17973326946457535,0.07988862106290606,0.2001731743165177,0.8116823283787624,0.9161873784986055,0.9080219205197141,0.053624778630706915,0.5378915076172848,0.6217649460986681,0.16507530212033128,0.5065588263729753,0.07573714080280847,0.3158936295788135,1,0,inf,inf,0,0,1,1,1,0,0,1,9528,1647,50,1,1,1,0,1,4430,4.6,48,0
3.5,12.25,0,0,3914,8.272570608424903,0,1,4,0,1,0,0,0,1,0,0,26.13,76.79,0.9344149708399664,0.8731900258081388,0.8501512449928414,0.8892090850246448,0.526288512219021,0.20395059236995106,0.37293887118445523,0.28307916796579335,0.672631530534611,0.8188645110866105,0.6021158526325922,0.6182966934271279,0.32474980854512525,0.9411303034159939,0.4188126454010104,0.5732569194227393,0.06377485804224625,1,1,inf,inf,0,0,0,1,0,1,1,1,7888,2442,13,0,0,1,1,0,3914,3.5,38,0
4.6,21.159999999999997,0,0,412,6.023447592961033,0,0,4,0,1,0,0,0,0,0,0,26.830000000000002,76.46000000000001,0.8057282078693075,0.1645135003411048,0.4904788035540595,0.7665800946930128,0.8650651047958523,0.108055350523381,0.2524456245603509,0.6667744267048666,0.1996443474263856,0.3188362298866366,0.16903914059067682,0.8515645290691563,0.7160495112136885,0.4418380066548363,0.9565704863721706,0.9710430492411177,0.5207262671403485,1,0,inf,inf,0,0,1,1,0,0,0,0,7661,4603,272,0,0,0,0,1,412,4.6,43,1
4.8,23.04,0,1,1386,7.234898420314831,0,1,1,1,1,0,0,0,0,0,0,26.68,77.07000000000001,0.948224166408414,0.0075326854445458835,0.7571659165401582,0.5422527569315069,0.566615681912499,0.6341905845757039,0.6800357097954162,0.6797216432048812,0.6762264230717988,0.6009626418683887,0.9163866954349557,0.07947250281560847,0.7614512114702886,0.7640088582776728,0.47198199129800844,0.9957144640874236,0.5117414498275443,1,1,inf,inf,0,0,0,1,0,0,1,0,4390,4478,318,0,0,1,1,1,1386,4.8,27,1
4.8,23.04,0,1,695,6.54534966033442,0,0,1,1,1,0,0,1,0,0,0,26.16,76.27,0.9803700236133301,0.32309277424508187,0.4410585995211592,0.33065379543833473,0.2151748075007398,0.7851573161323283,0.0037279023940985923,0.8122939177919821,0.8908407550867229,0.49227053180159996,0.7985203445997582,0.291536527388614,0.20610592956989104,0.9369473366184546,0.06798053515515512,0.09743067455508858,0.8761177674892374,1,1,inf,inf,0,0,1,0,1,0,1,0,1585,1313,32,1,1,1,1,0,695,4.8,31,0
3.9,15.209999999999999,0,0,1745,7.465082736399547,0,1,4,0,1,0,0,0,0,0,0,27.76,77.37,0.4654295625478152,0.6408183046684901,0.10332290168261449,0.5911595502040486,0.2671744119563635,0.8629201594058027,0.4206626596831925,0.6024890788392587,0.14328760617723368,0.3646435383115413,0.539355966383846,0.7326678554532593,0.47370113505503775,0.0905903715136861,0.9645340062613892,0.972132476268537,0.150800832825292,1,1,inf,inf,0,0,0,0,0,1,0,0,6642,4981,292,0,1,1,1,0,1745,3.9,10,0
3.3,10.889999999999999,0,0,1265,7.143617602704121,0,1,4,0,1,0,0,0,0,0,0,27.97,75.25,0.8127340909017972,0.6764360382298145,0.8100657423804958,0.31798837879762987,0.6898281781170158,0.81873546510813,0.09717742869561263,0.8755530321049708,0.6559696873220594,0.03929150371005685,0.3162696534646592,0.35183370001715564,0.009946174162860477,0.6548230782872151,0.11442094001952241,0.9861805990459876,0.05910051272800876,1,1,inf,inf,0,0,0,0,1,1,1,0,961,830,204,1,2,1,1,1,1265,3.3,24,1
3.6,12.96,0,0,2375,7.773173680482536,0,1,1,1,1,0,0,0,0,0,0,27.63,75.63,0.05059286471685587,0.854204142678602,0.9304260669690446,0.05041987450310048,0.4809328509159071,0.14392674147873363,0.20053502558124547,0.16061564982786203,0.8871571050460277,0.06646479496488478,0.9617988022024913,0.745865302584156,0.48496994441954255,0.7986437334612848,0.9557790891079163,0.3206265504926791,0.5363855932951861,1,0,inf,inf,0,0,0,0,1,1,0,0,3224,1141,97,1,1,0,0,1,2375,3.6,11,1
3.4,11.559999999999999,0,0,882,6.78332520060396,0,0,1,1,1,1,0,0,0,0,0,27.47,75.84,0.3424974095923309,0.3990468618392192,0.7043265755258067,0.04851984409386734,0.9596132171819172,0.8184951314232164,0.4218023152157262,0.14897098602421166,0.6598944729701595,0.1888257362526371,0.24138407958577068,0.42786188688016313,0.3546448362387479,0.6263140536974624,0.8797463758629289,0.6639592481267816,0.11461247626453497,1,1,inf,inf,0,0,0,1,1,1,0,1,2854,4608,250,1,0,1,1,1,882,3.4,31,1
4.9,24.010000000000005,0,1,2651,7.883069351305753,0,1,3,0,1,0,1,0,0,0,0,26.29,75.88,0.1406089458906733,0.09960607197737315,0.8221921130772069,0.7896658118847099,0.44326772438505,0.07794133603754694,0.7584715148467425,0.3643535984086961,0.1913748932476662,0.8903368030363418,0.4098458596492115,0.9878317296609113,0.9458928524038459,0.45350390299010446,0.6958787052109531,0.7602985245138831,0.7477882834514327,1,1,inf,inf,0,0,1,0,1,1,0,1,9523,4903,302,1,0,1,0,0,2651,4.9,43,1
3.3,10.889999999999999,0,0,2785,7.932362154339751,0,1,3,0,1,0,0,0,0,0,0,26.3,75.21000000000001,0.6694798709399706,0.4431258173948053,0.3475022182244828,0.149975213620949,0.3254963977806892,0.12351872866968172,0.43346407981914825,0.7143866138389413,0.005681553337353984,0.904175787454229,0.5920590275938998,0.7634174298167019,0.215972607920616,0.6747664164436717,0.6878947293816907,0.5628211263012144,0.23407397983479483,1,1,inf,inf,0,0,1,1,1,1,1,1,3674,458,246,0,0,0,0,1,2785,3.3,11,0
4.3,18.49,1,0,4295,8.3654396361887,0,1,3,0,1,0,0,0,0,0,0,26.34,76.57000000000001,0.19762976932313991,0.17096095674274514,0.2739033450310234,0.7767452365513675,0.38000066915603437,0.6569925720721683,0.5869098265307774,0.514887482166299,0.03319744319629403,0.9446246722264152,0.47910027979487535,0.7993995634876776,0.0495437232364373,0.8345897191314632,0.6752323756081108,0.2896388513478445,0.7688337474844081,1,0,inf,inf,0,0,0,0,0,0,1,0,7003,3989,332,0,3,1,0,0,4295,4.3,9,0
2.8,7.839999999999999,0,0,1628,7.395721608602045,0,1,3,0,1,0,0,0,0,0,0,26.37,75.03,0.37335976016604144,0.6851435052545077,0.10748010489572402,0.5809853714177213,0.8269725185631414,0.3918021538725557,0.7093727323034786,0.0982608296438281,0.9052482244695821,0.01237230092982522,0.5149370953893943,0.5584700794870235,0.8081398232536949,0.7697401384984711,0.8499287707414668,0.600600240815256,0.02199996905083723,1,1,inf,inf,0,0,0,1,1,1,1,0,1175,2853,342,0,1,0,1,1,1628,2.8,34,1
2.6,6.760000000000001,0,0,1597,7.37650812632622,0,1,4,0,1,0,0,0,0,0,0,26.54,75.02,0.9568284172591434,0.3866290956617524,0.03455637810533174,0.0887741253719494,0.5487388145954482,0.369884809667532,0.6706745687635297,0.5279240738435057,0.561524664666347,0.8004882304778199,0.22718683005391693,0.5176494681479664,0.5201406889643589,0.00736790583461111,0.8835740677483961,0.4599969391416382,0.10219069336287889,1,1,inf,inf,0,0,0,0,1,0,0,0,2119,3223,22,1,2,0,0,0,1597,2.6,16,0
2.7,7.290000000000001,0,0,1567,7.357556200910353,0,1,2,1,1,0,1,0,0,0,0,27.48,77.06,0.7918443480069068,0.824610287578852,0.37163724359558614,0.8753612188038454,0.5231843475657236,0.6359935139248137,0.43478322963979743,0.5307993347991696,0.574637566063542,0.5098865330804129,0.6073567972391164,0.6241438688268934,0.008147205463806317,0.8170140032215348,0.26050773722411413,0.10781797027130646,0.6753189639847218,1,0,inf,inf,0,0,1,1,0,1,0,0,4843,2998,141,0,2,0,1,1,1567,2.7,29,1
4.5,20.25,1,0,3694,8.214735833382303,0,1,1,1,1,0,1,0,0,0,0,27.14,77.42,0.021628038359126522,0.16905361219948767,0.11200482204679463,0.37247880964931257,0.7791995063288802,0.7207356771284871,0.5949171750665163,0.9274285224354196,0.24066394383097378,0.9451256537681142,0.5404825487504072,0.24927095543285016,0.5995471457324438,0.03534110772310106,0.13448560815104738,0.8478222345835347,0.943586659178878,1,1,inf,inf,0,0,1,1,0,0,0,1,7690,1369,21,1,0,1,0,1,3694,4.5,31,1
3.0,9.0,0,0,3941,8.279443487712665,0,1,1,1,1,0,0,0,0,0,0,26.14,77.63,0.2714532057756246,0.848363293006278,0.7944643715505472,0.468075029791723,0.9912068983526722,0.9453841248758929,0.6900768836309557,0.0261738115220419,0.8517308107934527,0.84345804116524,0.20620967627276332,0.9417271253359442,0.30416014263056534,0.11695650384491274,0.5570817067012064,0.01281445447674845,0.9142285442587228,1,1,inf,inf,0,0,0,0,1,0,1,1,944,4461,346,0,2,1,1,1,3941,3.0,18,0
4.9,24.010000000000005,0,1,453,6.118097198041348,0,0,2,1,1,0,0,0,0,0,0,26.04,76.75,0.04375317691737779,0.6173014898840481,0.9464556205971315,0.19204936979835185,0.11573297895358459,0.7521546519357694,0.7071616145608154,0.2764395079977793,0.18799660325587264,0.6419967279706313,0.7038234918450568,0.02937572867320748,0.25582764349090115,0.9324963124103173,0.04030702118644458,0.6323011384244949,0.5690529219713949,1,1,inf,inf,0,0,0,1,0,0,0,1,4366,4452,178,1,0,1,1,0,453,4.9,45,1
4.4,19.360000000000003,1,0,4290,8.364275084991524,0,1,4,0,1,0,0,0,0,0,0,26.86,76.82000000000001,0.6265162376626636,0.47145828622786856,0.3230003879848363,0.3430531030027233,0.8461143012290028,0.08413330176392675,0.25115857321524515,0.4658554902311257,0.5198471793255358,0.06111054980327191,0.8122748229674664,0.587497671357922,0.8724994684710715,0.5011172807524056,0.1128481746757829,0.9696690811958215,0.47618240054244954,1,1,inf,inf,0,0,0,1,1,1,0,1,2305,580,137,0,2,1,1,1,4290,4.4,19,1
3.7,13.690000000000001,0,0,3652,8.203304026795282,0,1,1,1,1,0,0,0,0,0,0,27.82,77.52,0.09388666924871325,0.31836785740059825,0.9574488101891244,0.7920532801061815,0.21865200182765887,0.2536098905401186,0.034113900728845126,0.5254290576357703,0.10191370638589436,0.3955064587519881,0.6026876160706219,0.8216347584671441,0.19129269277785632,0.9129447768178381,0.08497969458722643,0.522438386197375,0.15099676394428685,1,0,inf,inf,0,0,1,0,0,0,1,0,9815,1602,327,1,1,0,1,1,3652,3.7,38,0
3.5,12.25,0,0,136,4.919980925828125,1,0,3,0,1,1,0,0,0,0,0,27.17,75.02,0.6013720384468062,0.6331159879415362,0.2593980862370935,0.188515183054067,0.4354550014994284,0.2294341757242594,0.10998122448639036,0.6982695818290678,0.8254690207325668,0.3937495060170283,0.04769547793338669,0.8050577693307466,0.7216125450189045,0.654709201046455,0.6544473238431009,0.956559899122075,0.2910192051324756,1,0,inf,inf,0,0,0,1,0,1,0,1,8990,4449,112,0,0,0,1,1,136,3.5,19,1
3.7,13.690000000000001,0,0,4723,8.460411177317253,0,1,4,0,1,0,0,0,1,0,0,26.35,77.92,0.6696922508993258,0.4762516512003617,0.5880775549730348,0.9516830802160597,0.16034927150052014,0.12680739464194424,0.11316955939389761,0.9781754672786395,0.19062291110502805,0.5703202375756417,0.9099285017919835,0.8860504627621473,0.3371158265295091,0.9532044689223885,0.5931272872957457,0.3175876367632655,0.7198837437717291,1,0,inf,inf,0,0,0,0,0,1,0,1,3116,2153,119,0,0,0,0,0,4723,3.7,35,1
4.6,21.159999999999997,0,0,4491,8.410053315858335,0,1,1,1,1,0,0,0,0,0,0,27.490000000000002,75.99,0.06569173705881748,0.7989694943615833,0.5297007172776065,0.2665953296315853,0.5323974493656246,0.3946881328788757,0.6272652963761691,0.15882850873415777,0.023913761534152367,0.9420750886006923,0.329402474045145,0.6613401968231402,0.5251668262008322,0.9629580132690657,0.2420281481122437,0.6411605872514778,0.59525691488734,1,0,inf,inf,0,0,0,1,1,1,1,1,9524,4870,298,1,1,0,0,0,4491,4.6,26,1
3.5,12.25,0,0,2565,7.850103545175582,0,1,2,1,1,0,0,0,0,0,0,27.6,75.2,0.5911442709050345,0.7928068837146822,0.36676291809875405,0.3119270647015301,0.4151893173593113,0.585368280461517,0.271954331723134,0.021686863984533233,0.06295868245155267,0.5703568681059137,0.045827848416128525,0.17058405101209517,0.21793280933021397,0.35559453308289746,0.4193391006884222,0.19657106620947462,0.4325584390783911,1,1,inf,inf,0,0,0,0,1,1,1,1,8468,3974,231,1,2,1,1,0,2565,3.5,14,1
3.3,10.889999999999999,0,0,3303,8.102889134640868,0,1,2,1,1,0,0,0,1,0,0,26.77,77.5,0.49644923227183957,0.7728887509961309,0.18424717942488156,0.8028846639914905,0.9952455661129141,0.18086988993995023,0.47419320797095943,0.08069140239079253,0.4520384432653711,0.17370424035478294,0.33521171632070823,0.018030101077003424,0.8963860849233489,0.52446654497417,0.6749171165127853,0.5301506963325949,0.7773059216014087,1,1,inf,inf,0,0,0,0,0,0,0,0,9200,210,255,0,2,0,0,1,3303,3.3,33,0
3.1,9.610000000000001,0,0,4367,8.38206051742474,0,1,4,0,1,0,0,0,0,0,0,26.05,77.31,0.7386670455079455,0.9946647892216072,0.3771990545015478,0.23370389005998127,0.6224747927226296,0.7389033972999052,0.891037304551986,0.3717613922721401,0.9480120779323382,0.17293914546223832,0.5589851556904278,0.2694833085971621,0.8519866702571208,0.5218726847295201,0.028024164407892682,0.6811047147705535,0.6010318557977736,1,1,inf,inf,0,0,1,1,0,0,1,1,1819,2027,206,0,3,1,1,1,4367,3.1,4,1
3.2,10.240000000000002,0,0,3503,8.161660452056282,0,1,4,0,1,0,0,0,0,0,0,27.34,75.64,0.5757533325833397,0.5061315635861947,0.23913703222863658,0.11773925425658849,0.7666783607052267,0.25668461626515937,0.6392837120000223,0.5977309785262012,0.8941208447671541,0.1346596186996697,0.6234963557958368,0.6179333918857298,0.5944776734380193,0.9318530638790198,0.2012042979035239,0.2847546581477427,0.9874541439432986,1,1,inf,inf,0,0,1,1,1,0,1,0,2864,2248,87,0,3,1,0,0,3503,3.2,43,0
5.0,25.0,0,1,3467,8.151333337900432,0,1,1,1,1,1,0,0,0,0,0,27.71,76.44,0.9144310472681255,0.7135209654640794,0.45068560707735716,0.5216406874617603,0.8144414484510346,0.5787604386866014,0.5900244608544757,0.8759515385745791,0.22048013732212024,0.8706139500709988,0.2031645127987366,0.11387146760780364,0.2272861156642617,0.7920947969827348,0.7097928329810548,0.5736388966971959,0.8356293017139309,1,1,inf,inf,0,0,1,0,0,0,1,0,633,2003,295,1,1,1,1,0,3467,5.0,14,1
4.5,20.25,1,0,3291,8.09925056179696,0,1,3,0,1,0,0,0,0,0,0,26.01,75.47,0.2018450592640546,0.008224211436810847,0.472563179682154,0.4368425100819874,0.1811115995343261,0.7537928063863957,0.2676373085096174,0.7236837734403608,0.8905635519087978,0.11065833928614333,0.6476912590733848,0.8626053930212844,0.28489766518780324,0.8596546356106965,0.7817446826119915,0.1443088218452364,0.7233877780259931,1,1,inf,inf,0,0,0,1,1,1,0,1,7575,648,356,1,3,0,0,1,3291,4.5,8,1
3.9,15.209999999999999,0,0,4029,8.301521654940728,0,1,3,0,1,1,0,0,0,0,0,26.650000000000002,76.88,0.870428493204344,0.16712229068649487,0.011342476862255202,0.5110048014385453,0.9122425016003948,0.5266321273532696,0.7569654578829434,0.8736117418371993,0.6672238600722756,0.28023290557778446,0.5622379753108538,0.36274436676919697,0.20119597240356157,0.747637419955809,0.15581939352393792,0.7410742429368662,0.23068614052675707,1,1,inf,inf,0,0,1,1,0,0,1,0,4386,3464,282,1,0,1,0,1,4029,3.9,36,1
3.9,15.209999999999999,0,0,2181,7.687997166393016,0,1,4,0,1,0,0,0,0,0,0,27.54,77.96000000000001,0.4514649205668311,0.22349037110435777,0.15862410824159046,0.4316894770392299,0.03257762018864829,0.5232580630536133,0.6651560017022211,0.8516824529914925,0.33239361997177963,0.2020394237492248,0.18723740916926268,0.5898400170692063,0.76387509640106,0.9960317883664092,0.7259105380271123,0.9214917891626684,0.4833204492667308,1,1,inf,inf,0,0,1,0,0,0,1,1,8711,4494,22,0,0,1,0,0,2181,3.9,16,0
3.8,14.44,0,0,4569,8.42726848388825,0,1,1,1,1,0,0,0,0,0,0,26.6,76.57000000000001,0.3092954726726842,0.3146950873478782,0.5160915620977166,0.3625764321907927,0.2548521056289649,0.35596371884675204,0.13259157424643253,0.11450414511890061,0.7108309755393073,0.9550417462214588,0.009892157714010086,0.9391557988207226,0.3883884787880342,0.6841085696347632,0.7578202976834496,0.27262530939076846,0.6800194605181824,1,0,inf,inf,0,0,0,0,0,1,1,1,9825,2221,284,1,0,0,1,0,4569,3.8,17,1
3.8,14.44,0,0,3615,8.193123721512068,0,1,3,0,1,0,0,1,0,0,0,27.64,76.01,0.4376319470742889,0.6025954488141532,0.07233840508727274,0.9530138201982365,0.10918254925496562,0.45820085878942163,0.9423295455939245,0.7064399312140647,0.45612090142824535,0.39955718221803305,0.7830350183632979,0.9940764433284719,0.6433678695403955,0.9739291934844498,0.17336641404544484,0.33973914310918296,0.6508379835799672,1,1,inf,inf,0,0,1,1,1,1,0,0,3758,3363,99,1,0,0,0,0,3615,3.8,27,0
4.6,21.159999999999997,0,0,4257,8.356554845453426,0,1,3,0,1,1,0,0,0,0,0,27.25,75.41,0.038889181697583375,0.31731694285821055,0.620228999215738,0.34037941741938205,0.40107815273210123,0.6008377975753674,0.4764410029810151,0.6204098851090825,0.2344428505396351,0.947127826731414,0.7024530909720226,0.5531740922889063,0.26444750885040025,0.8762863550257332,0.7232046055779857,0.9666777610788407,0.008998319141825029,1,0,inf,inf,0,0,0,1,1,0,1,0,7053,1721,225,0,0,0,0,0,4257,4.6,33,0
2.9,8.41,0,0,752,6.6240652277998935,0,0,2,1,1,0,0,0,0,0,0,26.43,75.81,0.4814761467240085,0.36828403338856297,0.34049926517713136,0.67336754256998,0.16836984318701953,0.7357356560902392,0.15499445127182998,0.6458943603924543,0.43124440004047926,0.35630859082019994,0.23405389201434124,0.28322859174018267,0.11500022609024585,0.015767142793466138,0.8072436480016523,0.5003732899904983,0.4422486754134247,1,1,inf,inf,0,0,0,1,1,0,1,1,4820,2111,9,1,1,0,1,1,752,2.9,31,1
3.4,11.559999999999999,0,0,65,4.189654742026425,1,0,4,0,1,0,0,0,0,0,0,27.17,76.21000000000001,0.9830297370797049,0.9063722348773263,0.8790410858477571,0.9967031690471242,0.2934245850544005,0.4391977085701515,0.791448465683993,0.36502686548909413,0.49055248703196963,0.7450513990045293,0.26103037151297626,0.9169961050621921,0.18218187693916044,0.8202813992375075,0.5273993931454124,0.856950412817266,0.06123099027804069,1,1,inf,inf,0,0,0,0,0,0,1,1,3717,3121,243,0,0,1,1,0,65,3.4,2,0
4.8,23.04,0,1,4153,8.331827004436057,0,1,1,1,1,0,0,1,0,0,0,26.82,76.99,0.28044005101722047,0.8866390542492231,0.5044794344678224,0.5710252705267073,0.8412713367166916,0.5244701316289069,0.17429386110612732,0.18039260026995885,0.8155842670962719,0.7783295530152037,0.6157946549720191,0.6349789370311771,0.8788937635261973,0.28682817962507623,0.5824180973616293,0.26838059999499275,0.29945249052583056,1,1,inf,inf,0,0,1,1,1,0,0,1,919,692,16,0,0,1,0,1,4153,4.8,31,0
3.4,11.559999999999999,0,0,600,6.398594934535208,0,0,2,1,1,1,0,0,0,0,0,27.060000000000002,77.9,0.46781427153653143,0.6256514393050439,0.7630717444237874,0.9441071898962022,0.7962457532464788,0.527286046035261,0.918679379720808,0.14039601754347397,0.33519084953584555,0.8389881968810965,0.7328546809832861,0.9791815252489132,0.02413557858575488,0.36246288918607006,0.714101942988584,0.7593056471816617,0.8325702190577472,1,0,inf,inf,0,0,1,0,1,0,0,0,3103,408,95,0,1,1,1,0,600,3.4,46,1
3.4,11.559999999999999,0,0,3224,8.078688229229872,0,1,4,0,1,0,0,1,0,0,0,27.52,75.08,0.04831790000584135,0.619402860886492,0.706429365790831,0.5801214564516706,0.00749675123274629,0.42541146063146784,0.5071764834128948,0.09233235170975396,0.2481650124953103,0.33501343221113145,0.9462040438431552,0.9022360903206617,0.6991345321157724,0.8119062165131314,0.8304682176260305,0.44525409390032256,0.8091120725949519,1,0,inf,inf,0,0,1,1,1,1,0,1,8631,3827,42,1,3,0,0,0,3224,3.4,38,1
3.6,12.96,0,0,1726,7.454141078146678,0,1,4,0,1,0,1,0,0,0,0,27.78,77.48,0.8002907265140741,0.5832881541714373,0.552973619660346,0.18530457955566404,0.6240627173232381,0.7646214509282766,0.5288404727601819,0.9919372521758663,0.9258444123293174,0.48426195270362016,0.4995074601133739,0.0307908557321942,0.18837144572926334,0.7131534467791423,0.8047247945480136,0.7113186575342816,0.6063706102004593,1,1,inf,inf,0,0,1,0,1,1,1,0,1328,2421,155,1,3,1,0,0,1726,3.6,33,1
4.5,20.25,1,0,452,6.115892125483034,0,0,4,0,1,0,0,0,1,0,0,27.42,77.55,0.17621252160245804,0.9278261736064053,0.8753621178379954,0.6236866283308042,0.2265085330081914,0.7105153929031465,0.07874186932760918,0.20676023404260846,0.8509854202735204,0.7505699457468383,0.6019681606334645,0.2829660853240018,0.539134734800346,0.27613466921152485,0.8938051156699133,0.6679962850223031,0.2026374983565835,1,1,inf,inf,0,0,1,1,0,1,1,1,6949,581,33,0,2,0,1,0,452,4.5,45,1
4.4,19.360000000000003,1,0,189,5.247024072160486,1,0,1,1,1,1,0,0,0,0,0,26.11,77.06,0.5445252615210343,0.3623805970025614,0.5127947003184292,0.5178889092645785,0.4907905465911717,0.980647976736109,0.6213551167795317,0.2193101364718184,0.65211637075488,0.1026446563150375,0.9239086157692257,0.2726925000948599,0.8063231234119606,0.9403454478688259,0.9854640598254643,0.46687490449801783,0.6114170087414623,1,0,inf,inf,0,0,1,0,1,1,0,0,9093,4444,179,0,2,1,0,0,189,4.4,7,0
2.7,7.290000000000001,0,0,3141,8.052614818815567,0,1,3,0,1,0,1,0,0,0,0,27.26,77.60000000000001,0.11179140993769288,0.4751572919814744,0.4738920930695516,0.7745252805212295,0.7347239560583118,0.06453296773252226,0.8211854912449994,0.8799878282217293,0.7545350519230317,0.1609786093745098,0.4173319450786983,0.09817397687394325,0.4321821573667486,0.04122840131369365,0.04435794166116058,0.12561006485858572,0.6497406845348414,1,1,inf,inf,0,0,1,0,0,1,1,0,7727,2911,308,0,1,1,0,1,3141,2.7,45,0
4.3,18.49,1,0,3265,8.09132127353041,0,1,3,0,1,0,0,0,0,0,0,26.240000000000002,75.08,0.8962011001492464,0.06501827749369382,0.669980146715565,0.7238443188560184,0.666564758708432,0.959746036200634,0.5082950925670849,0.6005576778124684,0.9755947058685277,0.34479163680081426,0.0008224392212962117,0.1026819236444172,0.47133920272076024,0.1291171470552548,0.9648620061718061,0.018031566794851184,0.8380956905974638,1,0,inf,inf,0,0,0,0,1,0,0,1,3640,4784,362,1,3,1,1,1,3265,4.3,29,1
3.7,13.690000000000001,0,0,1907,7.553810852008231,0,1,2,1,1,0,0,0,0,0,0,27.990000000000002,77.2,0.32803102383210614,0.651341724425979,0.6082544344218902,0.9666730472195075,0.7105762781312436,0.6731284433611178,0.5810560241966264,0.37017715565957154,0.24865413741976505,0.6635688130679672,0.6905409059739569,0.4263848268626479,0.5581420962270364,0.3157356603985205,0.20079532238451492,0.6881052413562573,0.7600951050044069,1,1,inf,inf,0,0,1,0,1,1,1,1,5522,2267,109,1,0,1,1,1,1907,3.7,33,1
2.5,6.25,0,0,1973,7.587817219993427,0,1,2,1,1,0,0,0,0,0,0,26.5,76.56,0.8766485959930339,0.6522839499344196,0.3413674062260078,0.5009371945790554,0.8175413687013209,0.7039399254130011,0.6740259425108405,0.13418707114445994,0.8523047377066014,0.7123790650956645,0.9783884918216227,0.7724271300112984,0.27511558112075485,0.08755406515332087,0.8377782775352012,0.21418601861225406,0.9115504391727148,1,1,inf,inf,0,0,1,0,0,0,0,1,9711,103,80,0,0,1,1,0,1973,2.5,22,1
4.8,23.04,0,1,3379,8.125630988477065,0,1,2,1,1,0,0,0,0,0,0,27.29,76.74,0.3286679601595399,0.46667399924463027,0.789658152431018,0.9451603915735635,0.6537327368717069,0.4627160687464954,0.5194030833751062,0.23550536602255978,0.0019656745446327006,0.6084203417312241,0.4672131050544228,0.3071137533691374,0.7940983113511826,0.28810055003847246,0.09423782964773186,0.06493260222939878,0.46693252550778475,1,1,inf,inf,0,0,0,1,0,1,0,1,4710,2629,229,1,0,1,1,0,3379,4.8,28,0
2.7,7.290000000000001,0,0,2700,7.901377353792616,0,1,3,0,1,0,0,0,0,0,0,26.17,77.03,0.0030545656228440077,0.8716311472829751,0.33167039245250274,0.41139717618165883,0.09291489526989138,0.1449690183908513,0.46429985988657985,0.5743900870629538,0.5074068011115812,0.8502331730344258,0.7311895496379335,0.14918367307455316,0.9545812679042104,0.8289107216751499,0.19754570150663198,0.5104660417209168,0.5606332721200536,1,1,inf,inf,0,0,1,1,0,0,1,1,6840,3972,224,0,1,0,0,0,2700,2.7,40,0
2.9,8.41,0,0,4910,8.499232866039245,0,1,1,1,1,0,0,0,0,0,0,26.63,76.8,0.46895726320056375,0.4700938284521995,0.934885768771775,0.18323250932507096,0.22096218929793565,0.46197953670030945,0.26821059839783234,0.8625116794868047,0.4770832473623392,0.5684708319581935,0.8521311892849178,0.14472251756238186,0.3562710539047662,0.388268227493619,0.6479582764148833,0.4810125625224537,0.423351301028835,1,0,inf,inf,0,0,1,1,0,0,1,1,8927,2936,149,0,3,1,0,0,4910,2.9,9,0
2.7,7.290000000000001,0,0,210,5.351858133476067,0,0,2,1,1,1,0,0,0,0,0,26.96,76.65,0.2563561336474489,0.20847340695526717,0.9785733612456377,0.17235180777259795,0.10834761666080162,0.6181199675377936,0.5225189027894331,0.2542918429031509,0.10693788907006907,0.42512363087255345,0.911224058083656,0.4611046611203291,0.4941909025704252,0.13715370695367335,0.3989932460563471,0.6149779035064978,0.5706183224058743,1,0,inf,inf,0,0,0,1,0,0,0,1,9421,115,353,1,2,0,1,1,210,2.7,29,1
4.8,23.04,0,1,3300,8.101980731853192,0,1,1,1,1,0,0,0,0,0,0,27.19,77.32000000000001,0.3427606344699736,0.5552799187351135,0.7270550367763883,0.12956377586117207,0.23603751003564521,0.8028960796085394,0.9652089717444121,0.38802922983952504,0.052630282586741406,0.884003060898483,0.26262002537096385,0.0321887233325957,0.07221326388817495,0.6290861957183014,0.3731421354877569,0.6802032238448577,0.7231866407454477,1,1,inf,inf,0,0,1,0,1,1,0,0,1144,1720,210,0,3,0,0,1,3300,4.8,40,0
2.6,6.760000000000001,0,0,1395,7.241366283322318,0,1,1,1,1,0,0,0,0,0,0,26.7,76.78,0.2355634854846681,0.8308311045937556,0.18546290910929852,0.024711528139261807,0.16544660101803776,0.07581782634718859,0.30405421605358474,0.04589937447627823,0.09769438811299391,0.04362721623858545,0.7436721413605192,0.6438129449022125,0.12694165146910008,0.826645203736341,0.3007552146684247,0.3694002505666488,0.5627871879993304,1,1,inf,inf,0,0,1,1,0,1,0,0,552,1628,278,1,1,0,0,1,1395,2.6,21,0
4.6,21.159999999999997,0,0,2293,7.738052297689316,0,1,1,1,1,0,0,0,0,0,0,26.77,76.68,0.17035288674365345,0.6807832010222706,0.7336868369259401,0.7832502800070509,0.7169779836046996,0.17720352841875175,0.4404136586000039,0.6696247868425409,0.5455637591925281,0.8108442792526289,0.038961107434899556,0.824019641017419,0.20569667285596216,0.08573741240710575,0.7635249389947376,0.43339177028437526,0.2968268289963528,1,1,inf,inf,0,0,0,1,1,0,1,1,5738,3568,170,1,2,0,1,1,2293,4.6,44,0
4.3,18.49,1,0,1711,7.445417556701687,0,1,2,1,1,0,0,0,0,0,0,26.47,75.58,0.5539057693475646,0.7881096886892787,0.09604487732207023,0.6951810221230104,0.6541037083570959,0.5146025297410541,0.8383835001844988,0.37414092885155825,0.6851019976430252,0.10947099210301081,0.3808515057104116,0.820963397954136,0.179930203373602,0.24750644983997583,0.21625634671515148,0.2805504544460302,0.7349631106791507,1,0,inf,inf,0,0,0,1,1,1,0,1,8117,2079,322,1,1,1,0,1,1711,4.3,41,1
3.4,11.559999999999999,0,0,1833,7.51425465281641,0,1,2,1,1,0,0,0,0,0,0,26.3,77.23,0.24209376673669203,0.32305255487704365,0.4284744296012526,0.7906560833373014,0.655436808703598,0.26843750684027967,0.2330815305722349,0.3362791453934335,0.751671946933532,0.12077103298914127,0.11754009530798293,0.5935527048275255,0.8740933616532602,0.08207453715203872,0.23143325881914967,0.7045612069276829,0.47699460718771414,1,1,inf,inf,0,0,1,0,0,0,0,0,2485,1057,236,1,1,1,1,0,1833,3.4,15,0
3.8,14.44,0,0,1441,7.273786317844895,0,1,2,1,1,0,0,1,0,0,0,27.75,77.63,0.5535076690211582,0.12091427120262044,0.3824829967949842,0.6136815160976247,0.6695217266530515,0.4409206718288249,0.2503245060264906,0.05927630375880266,0.2891742923231877,0.598454264974946,0.016449275786378004,0.6060242946722898,0.412358132000063,0.834471090129829,0.31588773097690626,0.3234585890940709,0.795328854006761,1,1,inf,inf,0,0,1,0,0,1,0,0,1723,4799,142,0,2,0,1,0,1441,3.8,11,0
2.6,6.760000000000001,0,0,2129,7.6638772587034705,0,1,3,0,1,0,0,0,1,0,0,26.1,75.2,0.041237212649801624,0.35773925036946796,0.7592745020849065,0.22689747147820116,0.8729985749186796,0.15703212263963684,0.06094225316539614,0.8791095839608191,0.9674313967787941,0.6866136472167653,0.9143449611642483,0.8724984920611493,0.6337916790192134,0.6891564101768014,0.8623777742327493,0.470299882515689,0.3571781803551941,1,1,inf,inf,0,0,1,1,1,0,0,0,6062,1838,285,0,0,1,1,1,2129,2.6,16,1
3.8,14.44,0,0,1064,6.970730078143525,0,1,4,0,1,0,0,0,0,0,0,27.88,75.41,0.21375506441482273,0.00643978812084578,0.7542797084459922,0.1334209852107815,0.0772165808130626,0.43902966507464847,0.5190089434253993,0.5328313783137558,0.32968921791103634,0.16999502880064887,0.26674110237840976,0.345292166904836,0.5064796767984822,0.36246855847232595,0.5647238654713339,0.9616832794972137,0.41851520651916585,1,1,inf,inf,0,0,1,1,0,0,1,1,943,3604,135,1,2,0,0,0,1064,3.8,32,0
4.5,20.25,1,0,936,6.842683282238422,0,0,2,1,1,0,0,0,0,0,0,26.52,75.57000000000001,0.3343875135071387,0.6286596615438889,0.08454348817993473,0.2932049822785944,0.9283920774397065,0.050917399355853044,0.6419031002182163,0.9975712899041783,0.9255757230623259,0.1051473993030535,0.736476397435649,0.25237177507567843,0.5174660614001552,0.7628863255860353,0.2759069250894559,0.5717861571345789,0.828312856393289,1,1,inf,inf,0,0,1,0,1,1,1,0,545,1031,17,0,3,1,0,1,936,4.5,16,1
4.9,24.010000000000005,0,1,2664,7.887959336599945,0,1,2,1,1,0,1,0,0,0,0,27.76,75.67,0.45149268739147363,0.29482445369273624,0.5936006620790603,0.8272393732010008,0.615973694137097,0.45965811773844867,0.4051823853715222,0.045321632281441815,0.31455137083407625,0.030289223485964856,0.740268090053765,0.8044782252178444,0.5990706514266485,0.33558227301457944,0.2538883646830321,0.6286978336384611,0.7194425788808664,1,1,inf,inf,0,0,0,1,0,1,1,0,2963,4508,267,0,0,0,0,0,2664,4.9,39,0
5.0,25.0,0,1,4247,8.354203562921775,0,1,1,1,1,0,0,0,0,0,0,27.34,77.15,0.817320252705871,0.5257839647133173,0.26642728059686926,0.4934178193192671,0.9384119138754448,0.06067777789746642,0.4450128873099811,0.034164550345632705,0.05035521952207178,0.6487795768526641,0.4524220486549251,0.5991371459998306,0.467021303591596,0.832981425470779,0.20124916473776955,0.035058129162370166,0.6075525209629284,1,1,inf,inf,0,0,1,1,1,0,0,0,7677,4877,15,1,2,0,0,0,4247,5.0,49,1
4.0,16.0,1,0,2420,7.791935956938058,0,1,2,1,1,0,0,0,0,0,0,27.47,77.99,0.45096856974259547,0.012942528487318361,0.9185673873754807,0.3980867656212096,0.3303378726409113,0.3014847076359378,0.5353771734729307,0.59528524958192,0.9366641838318329,0.00044377576525367335,0.2725462816152612,0.9298381862459081,0.4151585818380231,0.2013188925769801,0.924205552395021,0.9026886925245119,0.4258043217724462,1,1,inf,inf,0,0,0,1,0,1,1,0,9944,1642,160,0,3,0,0,1,2420,4.0,21,0
2.6,6.760000000000001,0,0,2109,7.6544432264701125,0,1,1,1,1,1,0,0,0,0,0,27.11,75.53,0.36526957711810626,0.23098072295235494,0.160814819925848,0.5135180300878247,0.21489610474891685,0.4653669798483624,0.34150222841278954,0.555789380182909,0.05829056402737298,0.8204492921555216,0.7039772273687452,0.37625255123448775,0.3706688283291971,0.39353728999040694,0.9919247862407835,0.3624161052822955,0.24585888840544434,1,1,inf,inf,0,0,0,0,1,1,1,0,180,4503,183,1,1,1,1,0,2109,2.6,47,0
4.1,16.81,1,0,2176,7.685703061234547,0,1,4,0,1,0,0,0,0,0,0,27.79,76.42,0.36294670436567966,0.839324966269651,0.5227190357218477,0.692943672334787,0.02604206492061123,0.42790704047007866,0.664903784889081,0.8118049080442344,0.8597870155689226,0.47357936484643703,0.742007042748683,0.8897044082207863,0.24226369492249766,0.35385373402034614,0.05597949378671119,0.6685807960632272,0.7035679802988428,1,1,inf,inf,0,0,0,0,0,0,0,0,9772,1049,5,0,2,0,1,1,2176,4.1,23,1
2.9,8.41,0,0,2478,7.8156105320351905,0,1,1,1,1,0,0,0,1,0,0,26.63,75.41,0.19743194890527027,0.8842561747734866,0.17731273493846755,0.47907772916864233,0.7005949115963114,0.872854185821968,0.27066721678532735,0.5888106923843692,0.4019749541654787,0.45160564326479913,0.4546890433301719,0.6664373025520172,0.17834703115031214,0.8900375433663371,0.1709794329509282,0.15042036227350797,0.2729910191027488,1,1,inf,inf,0,0,1,0,1,1,1,1,8353,1316,126,0,0,0,0,1,2478,2.9,28,0
4.5,20.25,1,0,3663,8.20631072579402,0,1,4,0,1,0,0,0,0,0,0,26.17,77.22,0.4698732140809938,0.6564457662296491,0.46127533418476163,0.9509336511979234,0.034272848502827746,0.5547222820630687,0.14851046581096128,0.4962537796018691,0.2801281154403431,0.12809524400115901,0.8192266005070166,0.07868569362107736,0.7317000045598838,0.09383854955753934,0.040511078238188225,0.222321180678138,0.5100760467172524,1,1,inf,inf,0,0,0,0,1,1,1,0,4802,181,123,1,2,0,1,0,3663,4.5,43,0
2.6,6.760000000000001,0,0,1121,7.022868086082641,0,1,4,0,1,0,0,0,0,0,0,26.07,76.02,0.742706502972426,0.9460159646439664,0.9132958467476361,0.7880044495918678,0.006836636103359717,0.8609588279531081,0.4285881701864941,0.013097617030360609,0.6458893291643656,0.47037351633291724,0.448076768006644,0.6186446807917343,0.6413577381010819,0.14161847110768755,0.16498287011291657,0.7372482026475249,0.8866187072257142,1,0,inf,inf,0,0,0,0,1,0,1,1,6399,3996,100,1,0,1,1,0,1121,2.6,26,1
3.1,9.610000000000001,0,0,1968,7.585281078639126,0,1,4,0,1,0,0,0,0,0,0,26.69,77.99,0.8848303563465334,0.0332838955002388,0.20483163522294057,0.13982085592362137,0.013205801701678843,0.9997705502505643,0.8933101242223818,0.8478196177423913,0.08626553855653452,0.2008050044131754,0.7559123533109079,0.6972454191093231,0.1434351607602331,0.3433350373204449,0.8813378570955535,0.33996614240337886,0.9261006222254629,1,1,inf,inf,0,0,1,0,0,0,1,0,3852,4583,322,1,2,1,0,1,1968,3.1,5,0
3.2,10.240000000000002,0,0,2569,7.851661177889265,0,1,1,1,1,0,0,0,0,0,0,27.52,76.05,0.9530917652548798,0.09889825727362256,0.7911133764557178,0.3668747815237171,0.6154032240419939,0.7033581419638846,0.9815293308995093,0.6586459660129029,0.7212408962129757,0.880601285463011,0.9602793852571183,0.3513252487390427,0.517001210962923,0.09095818202142003,0.892714357968601,0.5390907189527331,0.11801337475558338,1,1,inf,inf,0,0,1,0,1,1,1,0,6836,1336,60,0,0,0,1,0,2569,3.2,34,0
4.1,16.81,1,0,2967,7.995643604287271,0,1,2,1,1,0,0,0,0,0,0,26.67,75.7,0.5157151978173937,0.4565012924995713,0.6346444594918125,0.48840754636013395,0.1580113833829665,0.548868924359853,0.9349646705831196,0.3438931450929785,0.19667084841782445,0.7840554089920496,0.6434108506913359,0.1873211286713472,0.822331568466184,0.18714298946784436,0.8167691415063931,0.08345566940414673,0.39006946937551845,1,1,inf,inf,0,0,0,0,0,0,0,1,1926,3779,21,1,1,0,1,0,2967,4.1,9,0
3.6,12.96,0,0,24,3.2188758248682006,1,0,4,0,1,0,0,0,0,0,0,27.490000000000002,77.37,0.19754460081464909,0.2324101251781998,0.3233582143072623,0.4530497580489784,0.4040802133695789,0.6453907880103292,0.9005289977235573,0.4325238059548512,0.048269978287770354,0.12988453597438732,0.06575597772956476,0.5430213314606153,0.6009947611285295,0.3357326253108832,0.43816781088360146,0.41998335624306504,0.7604561446756282,1,0,inf,inf,0,0,1,0,1,1,1,1,6547,1000,178,1,3,1,1,1,24,3.6,24,1
4.0,16.0,1,0,1308,7.1770187659099,0,1,3,0,1,0,0,0,0,0,0,27.97,77.99,0.9781781086985208,0.816000020797188,0.5659511667331629,0.4435360776662777,0.5932722765332384,0.7462230706484814,0.3290750339909402,0.4558909508598403,0.7113916019898355,0.27517771265806656,0.7634131455125467,0.6339997625549902,0.6841618024951014,0.6592154610400496,0.07550973237512237,0.5216988508312149,0.34214297907394076,1,1,inf,inf,0,0,0,1,0,1,1,0,4572,2741,197,0,1,1,0,0,1308,4.0,25,0
3.8,14.44,0,0,2399,7.783224016336037,0,1,2,1,1,0,0,0,0,0,0,27.94,76.23,0.9860194962533646,0.15376040998020157,0.3240019868276892,0.12190227796782593,0.5557611251377755,0.8847891402426902,0.6745874459937503,0.7267422592808548,0.27939878687561004,0.5155146192845909,0.5162670768557277,0.8309637502560192,0.7933053774877388,0.7831165512720503,0.010510290656338683,0.5731728530205266,0.8752828468839081,1,1,inf,inf,0,0,0,0,0,1,1,1,5682,1332,12,1,0,0,0,0,2399,3.8,18,0
4.0,16.0,1,0,692,6.541029999189903,0,0,4,0,1,0,0,0,0,0,0,27.82,76.77,0.42266140702967303,0.7756448658800578,0.02722777407893895,0.5331196081839281,0.646976407779505,0.142118172442935,0.1688348183262982,0.05703062644756107,0.5081325058243814,0.291828428137202,0.8877749962203727,0.16061271169082758,0.7500450314109596,0.41550228466524786,0.7499352583506779,0.04135724719856082,0.15252568507720887,1,0,inf,inf,0,0,0,0,0,1,1,1,5974,4652,289,1,2,0,1,0,692,4.0,29,0
3.9,15.209999999999999,0,0,4175,8.337109129562474,0,1,2,1,1,1,0,0,0,0,0,26.5,77.51,0.9117840888259979,0.6024824428758305,0.904793659229586,0.7279289502956905,0.18824621282388443,0.6528035727893612,0.5653885642207275,0.5758869868777465,0.0635140032725342,0.548704450556588,0.516539106969704,0.2892648065275135,0.9127021934583672,0.25915307562968226,0.04402780394641226,0.18168731300585306,0.24249305877883465,1,1,inf,inf,0,0,0,1,0,0,1,1,6466,1437,1,0,3,0,1,1,4175,3.9,17,0
5.0,25.0,0,1,3528,8.16876982367527,0,1,4,0,1,0,0,0,1,0,0,27.86,77.91,0.4442288242274359,0.9669656825945925,0.6869034787995334,0.5994886076121769,0.9681758664283757,0.30499238493030423,0.4533090962816182,0.46428143419461454,0.07635806705565196,0.8085092781057248,0.1650831195021054,0.0046779669480762065,0.8500494327562972,0.6017656779799448,0.12650290831321565,0.6066430975552332,0.8896577259863104,1,1,inf,inf,0,0,0,0,0,1,0,0,7887,2222,166,0,2,0,0,0,3528,5.0,15,1
3.2,10.240000000000002,0,0,2800,7.937731775260109,0,1,2,1,1,0,0,1,0,0,0,26.59,77.61,0.609858389814052,0.39680916597051386,0.5916050370998139,0.140524471931333,0.5624738400862236,0.9123391299348754,0.6536197089714921,0.40979145628532665,0.3604308118657894,0.09525375074784448,0.6844246213060863,0.9637858160945795,0.09387952041819403,0.6620293646498326,0.571730437445889,0.9088851981009143,0.22927953993242722,1,1,inf,inf,0,0,1,1,0,0,1,0,589,2095,11,1,1,1,0,0,2800,3.2,18,1
3.3,10.889999999999999,0,0,3707,8.218247926685745,0,1,4,0,1,0,1,0,0,0,0,26.580000000000002,76.12,0.7895442369823346,0.495997507013919,0.323591350909591,0.34018445092547733,0.12150043206447769,0.6350563471631789,0.5179861151456326,0.05094174734260659,0.9086178857341733,0.04224835871923582,0.7705597677834378,0.2944410776593467,0.5573300166250174,0.17414349709406474,0.8953255727783774,0.13828698034533027,0.8435045837429745,1,0,inf,inf,0,0,0,1,1,0,0,0,2285,4328,59,1,1,1,0,1,3707,3.3,35,0
3.2,10.240000000000002,0,0,4091,8.316789127071518,0,1,3,0,1,1,0,0,0,0,0,27.900000000000002,76.59,0.9696771236379225,0.10888741343668495,0.3470337096373385,0.13249402544070887,0.8151291899035756,0.9307435587326284,0.049869404734093625,0.3356932530794834,0.6871730346235663,0.9915836255769108,0.3813504564799455,0.5146139241762835,0.17080174291908223,0.23858190807680835,0.5457516794678668,0.5275052403967505,0.8581358079530325,1,1,inf,inf,0,0,0,1,1,0,0,0,1255,3395,218,1,0,1,1,0,4091,3.2,3,1
3.2,10.240000000000002,0,0,2356,7.7651449029361315,0,1,4,0,1,0,0,0,0,0,0,26.13,77.67,0.49086233277021907,0.9879457989635546,0.23865161652426947,0.12818288277999046,0.4854905889233506,0.2221753593645195,0.1440579831221872,0.4158257988767131,0.2643104878135505,0.8624483025149762,0.9796653731157885,0.6684474289389133,0.20966191245034438,0.1052887826740252,0.5956270206193126,0.46171986492994854,0.10396135908843229,1,0,inf,inf,0,0,1,1,1,1,0,0,1970,1627,141,1,3,1,1,0,2356,3.2,31,0
4.9,24.010000000000005,0,1,271,5.605802066295998,0,0,1,1,1,0,0,0,0,0,0,26.87,76.51,0.3616549372124648,0.18214594333511935,0.8123136432417809,0.04227163525423416,0.5703639026965216,0.8824647426417036,0.21197681766981813,0.24963274401085023,0.3781986247769237,0.4751047826609589,0.27700367515489854,0.7399717640964385,0.9720576610056507,0.2839927270579592,0.6870444643067396,0.1423673610194821,0.5694937616977944,1,1,inf,inf,0,0,0,1,1,1,0,0,5405,4459,150,0,3,1,1,1,271,4.9,15,0
2.6,6.760000000000001,0,0,1150,7.048386408721883,0,1,1,1,1,0,0,0,0,0,0,27.29,76.72,0.9800646486552117,0.47116981962912186,0.1919966743785294,0.18986991346560733,0.6784448238338284,0.8114270149341104,0.4649226877210738,0.9951304765647834,0.20667071062581588,0.7490554794624263,0.9246397580811694,0.07820614877444754,0.36749600702079055,0.8705015659950468,0.5858796960003703,0.08892997042922623,0.5944931585869992,1,1,inf,inf,0,0,0,1,1,0,1,0,5353,1068,333,1,2,1,0,1,1150,2.6,7,1
3.2,10.240000000000002,0,0,4211,8.345692873253865,0,1,1,1,1,0,1,0,0,0,0,27.52,75.46000000000001,0.13925742802621965,0.4655683451545727,0.12258030718741542,0.8067471394759425,0.3928710909179428,0.8271634793865251,0.09338054612585855,0.297525022212093,0.6895335563848616,0.6454341445214731,0.0006888572731030829,0.692839283491792,0.849537997225847,0.5364018408559125,0.9894078366975133,0.9973880804314966,0.21438719852947452,1,1,inf,inf,0,0,1,0,1,0,1,1,4321,546,293,0,2,1,0,1,4211,3.2,34,1
2.6,6.760000000000001,0,0,1398,7.243512974665482,0,1,2,1,1,0,0,0,0,0,0,27.310000000000002,75.59,0.12742106771660355,0.5285772187490961,0.5634399124816516,0.03362543535439666,0.8646463471006114,0.3671167904420902,0.19209842087177498,0.8409059441194886,0.0372283240376996,0.1804025947678739,0.9587320742836623,0.41552898312957764,0.592644785428313,0.5191061198991153,0.3421477470298625,0.05201928264742384,0.31182584670540703,1,1,inf,inf,0,0,1,1,1,1,1,1,7584,1797,333,1,1,0,1,0,1398,2.6,41,1
3.5,12.25,0,0,4305,8.367764677924308,0,1,4,0,1,0,0,0,0,0,0,26.96,77.59,0.5584079525646338,0.6628435692544586,0.027731395583344476,0.7614058233136075,0.537332907204017,0.8211658401510531,0.4094247598539704,0.0809942414148952,0.7934367142231803,0.969163245333386,0.06311254385103271,0.7247083254064415,0.291915830677536,0.3616079935021477,0.02984735883858458,0.6767473102619682,0.9001839645478231,1,1,inf,inf,0,0,1,0,1,0,0,0,480,559,334,0,1,0,1,1,4305,3.5,19,1
3.1,9.610000000000001,0,0,2429,7.795646536334594,0,1,4,0,1,1,0,0,0,0,0,27.310000000000002,76.34,0.8949693391199791,0.416668928775214,0.21422606242896913,0.9278170114742673,0.5657729258901866,0.3378622746680521,0.5556696716980154,0.7726725884996708,0.44409398620768126,0.2985782881707558,0.736108228442745,0.5500807629342995,0.646145988115838,0.3609995787252157,0.5399764666495469,0.7477833470972416,0.5997536080697722,1,1,inf,inf,0,0,1,0,0,1,1,0,383,1657,11,0,0,0,0,1,2429,3.1,10,1
3.9,15.209999999999999,0,0,4223,8.348537825386098,0,1,1,1,1,0,0,1,0,0,0,27.66,77.86,0.05346715009636205,0.7119964578478897,0.20159510751901444,0.4031856778974796,0.35988997065930717,0.6893465718573916,0.6038699052386349,0.6999989497180169,0.65252999965651,0.7594396162188985,0.8691402017283629,0.7808686822964838,0.6044270264429734,0.5732645803997006,0.05782241069121996,0.4836978168791781,0.1670426097852168,1,1,inf,inf,0,0,0,1,1,0,1,1,6656,1395,134,0,2,1,1,0,4223,3.9,45,0
4.2,17.64,1,0,3541,8.17244681834278,0,1,2,1,1,0,0,0,0,0,0,26.52,77.91,0.8325923275832655,0.8484917807336917,0.8098556602805119,0.6064208981748539,0.06622940773388775,0.5184566369218989,0.7859756207441325,0.34538743286140483,0.5152598821450323,0.8189379774728405,0.6304551331932999,0.5589272705682333,0.14754253968108888,0.4969451366586415,0.5320258266417395,0.24278473191313432,0.8650012332590588,1,0,inf,inf,0,0,0,1,1,0,1,0,1371,251,121,0,0,0,1,0,3541,4.2,9,0
4.1,16.81,1,0,4820,8.480736654405622,0,1,2,1,1,0,0,1,0,0,0,27.29,75.73,0.6960367142565179,0.7800040602032139,0.9191858542688602,0.6305466891465988,0.5957560188916428,0.21613465520882136,0.33128694274473325,0.8312275889106066,0.2352407992692379,0.20277543082994187,0.46767164016635043,0.999642029455006,0.2789641460261061,0.3147092898430489,0.507298624027238,0.9487056782714459,0.3446787852980723,1,1,inf,inf,0,0,1,1,1,0,1,0,9838,4233,63,1,0,1,0,0,4820,4.1,40,0
3.7,13.690000000000001,0,0,839,6.733401891837359,0,0,2,1,1,0,1,0,0,0,0,27.52,76.5,0.6096654541521062,0.5618264022086457,0.879378506831338,0.3979225986617677,0.8153743574848507,0.8436717213703495,0.7601778964908433,0.9530488767697373,0.006082112076129409,0.035938120251168826,0.9014048585475491,0.0835923015186254,0.9038485694827876,0.003881839601199588,0.29427545417750756,0.9033944133438656,0.6628117473238346,1,1,inf,inf,0,0,1,0,0,0,0,0,5439,4781,335,1,2,1,0,0,839,3.7,43,0
4.9,24.010000000000005,0,1,2586,7.8582541821860294,0,1,1,1,1,0,0,1,0,0,0,26.69,75.2,0.35089419985178194,0.22495805431364946,0.1216155899687339,0.548637789299364,0.7424210639606302,0.9149942502269773,0.9886669157365694,0.8887137285100759,0.7978808598045092,0.7213633441176517,0.30567079693182375,0.37592912637715437,0.2358820385163003,0.3203687829958004,0.1732999870599099,0.011869839356192124,0.02342553715243678,1,1,inf,inf,0,0,0,1,1,1,0,1,566,964,146,0,0,1,1,1,2586,4.9,36,1
3.2,10.240000000000002,0,0,3160,8.058643712215618,0,1,1,1,1,0,0,0,0,0,0,26.96,75.60000000000001,0.49249293377903736,0.892977359212869,0.4597819603076767,0.08074605370971855,0.45658008849380616,0.6688505336061502,0.9536159814404815,0.9143047082536395,0.6127171607380261,0.984102638657498,0.1672546386209467,0.14520603241115382,0.956615475023633,0.9128685865342571,0.25864636124612017,0.6642517899446034,0.9436585471606956,1,0,inf,inf,0,0,1,1,1,1,0,0,2704,4679,346,1,2,1,1,0,3160,3.2,17,0
3.7,13.690000000000001,0,0,4546,8.42222295382501,0,1,2,1,1,0,0,0,0,0,0,27.93,76.04,0.8315289481804097,0.5843691754506137,0.5835487766338747,0.09096104606598499,0.7566862839709786,0.3503171447719504,0.17297016711010194,0.7962988904946307,0.013313404755894154,0.14388466993550197,0.44370009133597865,0.897946121398652,0.20578615537805656,0.013018950496913262,0.9665560367556556,0.9973155969787156,0.4935016837860027,1,1,inf,inf,0,0,0,1,0,0,0,0,1199,2023,31,1,0,1,1,0,4546,3.7,34,1
3.1,9.610000000000001,0,0,357,5.8805329864007,0,0,2,1,1,0,1,0,0,0,0,26.95,77.0,0.11064581936372131,0.03201918304890605,0.5560662555239466,0.8756999753013323,0.4908822822937319,0.09382866151772373,0.506669254502851,0.8866538056909913,0.273421245816013,0.5148702522241781,0.2761187081841928,0.13856218219174377,0.7433091652848229,0.5782886402240817,0.946463416791742,0.5172516193734392,0.8664792619487678,1,1,inf,inf,0,0,1,1,1,0,0,1,7155,3990,211,1,3,1,1,0,357,3.1,45,0
2.9,8.41,0,0,2454,7.805882040228621,0,1,2,1,1,1,0,0,0,0,0,27.0,77.06,0.14140191350099007,0.45107077170870247,0.45299041479699875,0.5450673772934018,0.11283307650274477,0.25292159008994697,0.9198346762802276,0.7341850809318904,0.6109718159609256,0.033492095660937915,0.5813377077347214,0.049441297397102124,0.15484868408750996,0.23505824771280548,0.6963078100728987,0.8290502478287948,0.06090585432191742,1,1,inf,inf,0,0,1,1,1,0,1,1,4721,3146,202,0,3,1,1,0,2454,2.9,14,0
4.2,17.64,1,0,4389,8.387084506069217,0,1,1,1,1,0,0,0,0,0,0,27.72,77.4,0.48916178247190667,0.4726781038275407,0.9887299238829546,0.053364374218488275,0.7660600886350596,0.08709435800719467,0.516894959808575,0.5560340573565546,0.05205226052995804,0.13423475174845467,0.8802351566417391,0.44693783217117056,0.5117129452922923,0.11225232334056678,0.07033118278798578,0.8642209825551247,0.9276574859435189,1,1,inf,inf,0,0,1,0,1,1,1,0,73,2350,134,1,2,1,1,0,4389,4.2,43,1
3.2,10.240000000000002,0,0,2596,7.862112211662748,0,1,3,0,1,0,0,1,0,0,0,27.060000000000002,76.84,0.35825528364479264,0.7665195703804822,0.9359010843774876,0.6534996453012887,0.015388243457020834,0.7483560740030158,0.18102267535634065,0.16657054849616204,0.24030566586942004,0.31442506579638607,0.6742743968397744,0.5320024166634055,0.6998783148177105,0.9486323260530761,0.47334905615617595,0.32089171108582537,0.4372848993519832,1,1,inf,inf,0,0,1,0,0,1,1,1,5946,1439,151,0,3,0,0,1,2596,3.2,24,1
4.1,16.81,1,0,25,3.258096538021482,1,0,3,0,1,0,0,0,0,0,0,26.96,76.15,0.50032227664721,0.3899355020472446,0.8936834596384508,0.9411728481050466,0.5658408652802731,0.7705698268113279,0.03720984890193413,0.3658365085390879,0.5170280655534087,0.7047432954263521,0.9309716899586169,0.032543146632465714,0.4781296564711749,0.5109651354021314,0.09700694511413221,0.32456759871717944,0.34310160123497,1,1,inf,inf,0,0,1,1,0,0,1,0,4523,2087,22,0,3,0,0,0,25,4.1,6,1
4.3,18.49,1,0,1341,7.201916317531627,0,1,2,1,1,0,0,0,0,0,0,26.490000000000002,77.3,0.7518405146085432,0.4938091919764238,0.5066150001841617,0.033617599065222215,0.7022017740985833,0.6984440663251196,0.6267000543920002,0.7778941407845625,0.7927537511840701,0.6157074256279905,0.33962181679684134,0.8361218994113037,0.4971281495305996,0.02567946260917575,0.8448146897224534,0.4384862280945079,0.715260481019171,1,0,inf,inf,0,0,0,0,1,0,0,0,1460,2524,54,0,3,0,0,0,1341,4.3,17,1
2.7,7.290000000000001,0,0,1130,7.030857476116121,0,1,3,0,1,0,0,0,0,0,0,26.19,76.62,0.17900504447487875,0.32793916455755434,0.21797495752698015,0.40223622995199315,0.9735838923184306,0.3962346896598994,0.6148876641240093,0.39267450273598425,0.9961090687512087,0.7043359842615103,0.9617931406633748,0.5428254141265453,0.7402229304735941,0.866875226243273,0.2936565541237136,0.4023803714310801,0.17782796889231955,1,1,inf,inf,0,0,1,0,0,1,1,0,6418,2993,138,0,1,0,1,1,1130,2.7,18,1
4.7,22.090000000000003,0,0,438,6.0844994130751715,0,0,1,1,1,0,0,0,0,0,0,26.92,75.4,0.06362803662196015,0.8875195927355606,0.38449229575371,0.4023833327266051,0.8963497093816734,0.16190721375022155,0.21602290484511022,0.536813237420509,0.13840081761805856,0.4142663885727276,0.49922107634740354,0.1561262117621287,0.6490100558816653,0.12163184654380232,0.7314865061454341,0.12409064431085814,0.3948823172043384,1,1,inf,inf,0,0,0,0,1,0,1,1,2695,1139,288,0,2,0,1,1,438,4.7,5,1
4.0,16.0,1,0,1725,7.453561871643373,0,1,2,1,1,1,0,0,0,0,0,26.37,75.13,0.05226657370387944,0.908347864760029,0.5321658612458152,0.4450439449950738,0.4244079206072735,0.015316456526800248,0.2631062868883768,0.4049813107212017,0.4509814057314132,0.730500105577464,0.34184196121595356,0.07315888871390297,0.7810065312940281,0.3542146301080492,0.0397622648555076,0.45525959914767933,0.5389247221979936,1,1,inf,inf,0,0,0,1,1,0,1,0,8791,4250,59,0,1,0,1,1,1725,4.0,31,0
4.1,16.81,1,0,1885,7.542213463193403,0,1,2,1,1,0,0,0,0,0,0,27.64,76.60000000000001,0.03429513780970761,0.9027136833753777,0.40664099491308814,0.08017310950809697,0.45461047646141095,0.8293214705139539,0.8272729648774384,0.8557146130591072,0.04717606571070587,0.8232654192398586,0.8197831020324744,0.3835860890330266,0.8805435184784952,0.044648480885046915,0.7137902004307114,0.8871770457007776,0.17880689225326896,1,0,inf,inf,0,0,1,0,0,1,0,1,7338,698,259,0,2,0,0,1,1885,4.1,29,0
5.0,25.0,0,1,4003,8.295049140435111,0,1,4,0,1,0,0,0,0,0,0,27.240000000000002,77.63,0.5064122787062687,0.48256532502184013,0.7321991709026378,0.7616440465952461,0.7125511683694795,0.6526757139662342,0.832680905714712,0.7558825471574105,0.8847866855705135,0.498981106554517,0.1100979737915575,0.5442217365055051,0.2499683310752907,0.050487256421905435,0.9838418018720776,0.9851562869444667,0.8311100890826326,1,0,inf,inf,0,0,1,0,0,1,1,0,6328,3654,269,0,1,1,0,1,4003,5.0,5,1
3.4,11.559999999999999,0,0,689,6.536691597591305,0,0,2,1,1,0,1,0,0,0,0,27.22,75.21000000000001,0.1440918339982662,0.48461282437545206,0.10681863419026483,0.4309214251882528,0.7903141721022665,0.3948351270625333,0.11957251746799402,0.9054454969490567,0.22835647615110566,0.8012185686321958,0.9205626586624869,0.1343946761103212,0.802710929007851,0.23640015627344413,0.4553803970439778,0.4968039599994215,0.503240480159438,1,1,inf,inf,0,0,1,1,1,0,1,1,6977,2240,18,0,1,0,0,1,689,3.4,43,1
3.3,10.889999999999999,0,0,392,5.973809611869261,0,0,3,0,1,0,0,0,0,0,0,26.400000000000002,76.81,0.11451384465094205,0.24099014808183872,0.4628386900563154,0.23043666484828285,0.8090014970554377,0.3057070698598082,0.4149709126959178,0.1872742643233235,0.4599228506693237,0.6722250693361349,0.9417720385307468,0.5728775155170124,0.35342620535845803,0.6241424418506117,0.09039810931247805,0.1682866971472814,0.758234589785563,1,0,inf,inf,0,0,0,0,1,0,1,0,8545,2789,85,0,2,0,0,1,392,3.3,45,0
3.9,15.209999999999999,0,0,2516,7.830822995135316,0,1,1,1,1,0,0,0,0,0,0,26.080000000000002,76.05,0.2352945329892162,0.32502340553097575,0.2618288400651523,0.07701815425870262,0.2060400391355569,0.17319597069550519,0.21252791689884087,0.8008537527766982,0.5672134266666874,0.9243042368537773,0.9437687796686705,0.5538135795905197,0.6740716676191674,0.40425425610520405,0.7698930379229103,0.8761668935366244,0.7098193483051553,1,0,inf,inf,0,0,0,1,0,0,0,1,4518,1600,86,0,0,0,0,1,2516,3.9,11,0
3.7,13.690000000000001,0,0,2238,7.713784616598755,0,1,2,1,1,0,0,0,0,0,0,26.79,77.82000000000001,0.6697642121748224,0.8220376601756337,0.908830416822585,0.7365524795481779,0.8164743780709921,0.5891439679415486,0.534189964133113,0.011646404479277006,0.031230419865005188,0.7283338268465407,0.37239162426698436,0.5220890053796505,0.425507939634742,0.3789894444133515,0.9789837464527392,0.8323179552214937,0.06308775499375541,1,1,inf,inf,0,0,1,0,0,1,1,1,9053,2139,66,0,0,0,1,0,2238,3.7,37,0
4.7,22.090000000000003,0,0,1896,7.5480289699350145,0,1,4,0,1,0,0,0,0,0,0,26.86,76.51,0.9548774472625974,0.4077766922639462,0.10164672430309718,0.09708818974654643,0.45747629901455666,0.44344574155557936,0.10357131333833347,0.9663936912722949,0.1913567082785702,0.9244576504959954,0.2474228105184807,0.26318474498614186,0.6744483186075259,0.42647707386361844,0.70860709360704,0.47321960480404646,0.6250946323919045,1,1,inf,inf,0,0,0,0,1,1,1,0,2859,2646,93,1,0,0,0,1,1896,4.7,30,1
4.5,20.25,1,0,2353,7.763871287820222,0,1,1,1,1,0,0,0,0,0,0,27.23,75.22,0.1329796806719431,0.19545237819333428,0.15686080973901095,0.4968190408421307,0.6312727747529455,0.0025304629865365857,0.2383877559421237,0.7713648851569738,0.03792229868536412,0.4808930167181329,0.8798850041235649,0.6351834004154266,0.07509906505153807,0.14377517188354072,0.6364552490786868,0.6087222717609524,0.7021551571234412,1,1,inf,inf,0,0,0,1,0,1,0,1,5988,2068,99,0,3,0,0,1,2353,4.5,7,0
2.7,7.290000000000001,0,0,3204,8.07246736935477,0,1,2,1,1,0,0,0,0,0,0,27.42,75.34,0.5059860516178,0.14760123959595195,0.04634754050148049,0.27929285905686474,0.8536889620162688,0.04964599177481155,0.6266854411589875,0.6549231037788645,0.1107806520212864,0.7098979607319179,0.49955448186896934,0.22489295335803838,0.7424508801191751,0.22509103558974974,0.06730643104855916,0.8514898904480341,0.4626295300482476,1,1,inf,inf,0,0,1,1,0,0,0,0,1007,840,215,1,1,0,0,1,3204,2.7,6,1
4.1,16.81,1,0,831,6.723832440821209,0,0,2,1,1,0,0,0,0,0,0,26.740000000000002,76.47,0.7306522200282521,0.0579316647427891,0.5123425555216926,0.5166742047604296,0.38317400446662053,0.7049817122429685,0.19640034325283917,0.42233512143453533,0.4986972762425115,0.4487347907179202,0.7232006251995695,0.4688289875976692,0.9319174712454973,0.2442156220213364,0.9854062106760223,0.7283952181357085,0.7663643760855429,1,1,inf,inf,0,0,1,1,1,1,0,1,7174,2226,348,1,2,1,0,0,831,4.1,20,0
2.5,6.25,0,0,1448,7.278628942320682,0,1,3,0,1,0,0,0,0,0,0,26.19,77.46000000000001,0.4613062564888607,0.9341071971428131,0.35158198177815936,0.04896792671400485,0.7077293962970203,0.728640135201664,0.6691675054043134,0.06706161115762932,0.9702876551603291,0.5243658875533891,0.8996761778325589,0.5512658903789445,0.008135395213456964,0.4666660560389728,0.38142888415119913,0.3667189023175752,0.04731843693662119,1,0,inf,inf,0,0,1,0,1,1,0,1,7423,1674,343,0,2,1,0,1,1448,2.5,13,0
3.7,13.690000000000001,0,0,2020,7.611347717403621,0,1,3,0,1,0,0,1,0,0,0,27.97,77.7,0.7926179308681565,0.4509156815748865,0.8127963627943586,0.702854699270235,0.7150099861785907,0.4501481111287673,0.45457400148383653,0.1336959483913419,0.06635489797460092,0.7857087965410339,0.18371309855946139,0.764170868131246,0.8269747625550007,0.5326028546583057,0.8113305211978803,0.07809852630391956,0.6822823194441248,1,1,inf,inf,0,0,1,1,1,1,0,0,5017,2519,123,0,1,0,1,0,2020,3.7,43,1
4.5,20.25,1,0,1004,6.912742820493176,0,1,3,0,1,0,0,0,1,0,0,26.400000000000002,77.7,0.21805252630539795,0.39759983672843613,0.9913657984698259,0.10930267285437734,0.9593901023930738,0.41174478214551247,0.24743333254350564,0.27414233602990656,0.02254441978761834,0.8889639555798527,0.104644857573855,0.9991224862031075,0.1553781180257352,0.8144656033464654,0.48849479564736886,0.8883866630050025,0.30951480424106936,1,1,inf,inf,0,0,0,0,1,1,1,1,1093,3768,94,1,0,1,0,0,1004,4.5,42,1
4.3,18.49,1,0,2934,7.984462732262196,0,1,2,1,1,0,0,0,0,0,0,27.28,77.51,0.243755819240984,0.15991832172529374,0.1697251400831279,0.8986700280472645,0.819362388769373,0.48134151776265577,0.6155758350716228,0.32158997337172257,0.9713702278823523,0.4700091761312578,0.8796198001475534,0.5429651857415837,0.40056649550715817,0.6059024241775087,0.8934805611468976,0.8206946320027821,0.67348261167291,1,1,inf,inf,0,0,1,0,0,1,0,0,281,2175,34,1,2,1,1,0,2934,4.3,2,0
3.5,12.25,0,0,2462,7.809135398120538,0,1,3,0,1,0,0,0,0,0,0,27.240000000000002,75.25,0.8924056942460736,0.9695031840964053,0.8873275552648382,0.8029007346031904,0.5709408060414194,0.5896949693746618,0.6161039800792663,0.269406209294761,0.43608461787573916,0.312327442640178,0.9413698178769127,0.7315776674785089,0.18027375748360275,0.7925916484989929,0.6942499706985766,0.7824706668659868,0.11991524912128737,1,1,inf,inf,0,0,0,1,0,0,1,0,8993,1143,66,1,2,1,0,0,2462,3.5,36,1
4.3,18.49,1,0,4044,8.305236829492593,0,1,1,1,1,0,0,0,0,0,0,27.900000000000002,76.4,0.9160569173224496,0.6962202641025218,0.9642733003720521,0.6545342274763898,0.3896158141230953,0.9536712630914146,0.17707089031037804,0.7561932404963918,0.8746578812904598,0.23317454682807248,0.19964293432563784,0.6886828021352724,0.775179145946108,0.33631051057516137,0.2643203241612422,0.7367900487664877,0.6096412386270654,1,1,inf,inf,0,0,1,1,1,1,1,1,284,30,1,0,1,0,1,0,4044,4.3,18,0
2.8,7.839999999999999,0,0,3380,8.125926802707886,0,1,3,0,1,0,0,0,0,0,0,27.35,75.33,0.9309906138150698,0.8262326080171662,0.6665438919371537,0.9748841602814037,0.5856939649139611,0.1910775969318097,0.5256131495956489,0.9980586905321431,0.7085707010451708,0.3047564868603613,0.9303974289249846,0.5727078147740577,0.695552660442007,0.5592942983508616,0.6372845495794346,0.6440438386565388,0.09836644797692384,1,1,inf,inf,0,0,1,0,0,1,0,1,5501,3084,45,0,2,1,0,1,3380,2.8,31,1
4.4,19.360000000000003,1,0,4996,8.516593011344206,0,1,1,1,1,0,0,0,0,0,0,26.13,75.33,0.15115634665049316,0.7084270743392901,0.4983893291873651,0.785750437697204,0.04230110323912151,0.1812893381111199,0.247928794647728,0.28396976977850985,0.35188598147678607,0.4972806320305424,0.6125598264139734,0.39610483934427176,0.9941381215563451,0.341500480358383,0.7942191492666568,0.8803398505465153,0.9666428204488005,1,1,inf,inf,0,0,1,0,1,0,0,0,5438,3069,72,0,3,0,0,1,4996,4.4,13,1
3.7,13.690000000000001,0,0,2345,7.76046702921342,0,1,2,1,1,1,0,0,0,0,0,26.72,76.60000000000001,0.37971557712245685,0.34880409340565754,0.6468598135772731,0.02772365049866088,0.8822461503621997,0.9476035486129191,0.7203023064364918,0.4834624973759788,0.9188480460727044,0.3579180896129992,0.5011179936654764,0.1905731143234598,0.9474563316026628,0.3151708509048695,0.5719842730842355,0.8692175754048893,0.31068852455273066,1,1,inf,inf,0,0,0,1,1,1,0,0,4717,3475,193,0,3,0,1,0,2345,3.7,45,1
4.4,19.360000000000003,1,0,3925,8.275376374836407,0,1,4,0,1,1,0,0,0,0,0,27.28,77.49,0.7560199193592688,0.1856116143791603,0.5800617922541066,0.19273375197717846,0.6361187772821286,0.9195066260221323,0.7560892115262249,0.15656699735899948,0.45862102944709426,0.17992640295530737,0.10726722517081588,0.8315804882603324,0.5270619816053052,0.7288393933488732,0.5040097800876054,0.8077713142612234,0.05459408522540998,1,0,inf,inf,0,0,1,1,0,1,1,0,3527,4998,16,0,3,1,0,0,3925,4.4,9,1
3.5,12.25,0,0,654,6.484635235635252,0,0,2,1,1,0,1,0,0,0,0,27.39,77.72,0.23088914089661727,0.39074819283521467,0.5585593163065593,0.18316219990656935,0.5846090933817334,0.4188079285340328,0.015910127373073957,0.4598672326592521,0.8478578204741123,0.11874894882282372,0.19677389781326482,0.5232951662127836,0.17234215623177052,0.5240403479045741,0.471435918890419,0.7823231157663659,0.37649223071242466,1,1,inf,inf,0,0,0,1,1,1,1,0,1724,4434,324,0,1,1,0,1,654,3.5,49,1
2.8,7.839999999999999,0,0,4175,8.337109129562474,0,1,2,1,1,1,0,0,0,0,0,27.17,77.81,0.9927619765240158,0.4393639638882859,0.7405766107313541,0.5921985681840134,0.02028490337416544,0.9162812502142297,0.776947213542515,0.9629797801707927,0.798514035701717,0.16329388590413096,0.13122179124267608,0.7839481768610506,0.12247152675301376,0.5108874333002669,0.21279483510148345,0.2576810859414663,0.26335741846442084,1,1,inf,inf,0,0,0,0,0,0,0,0,6598,3581,136,0,2,1,1,0,4175,2.8,46,1
4.7,22.090000000000003,0,0,3901,8.269244521183056,0,1,2,1,1,0,0,0,0,0,0,27.92,77.61,0.758657271097726,0.32624482911163255,0.57037717011187,0.5312415690090267,0.5297237679639383,0.5986157070701631,0.3638683205574714,0.06117226723411129,0.27635843406621685,0.454287034343012,0.020440598679261957,0.3773023650424179,0.8826200220603834,0.8731115920878386,0.39716913615451144,0.6869914628613473,0.558920367537221,1,1,inf,inf,0,0,1,1,0,1,0,1,559,3821,168,1,1,0,0,0,3901,4.7,0,0
3.6,12.96,0,0,2557,7.846980982138788,0,1,4,0,1,1,0,0,0,0,0,27.01,76.99,0.5887900044681106,0.2822941122498467,0.5484912037773338,0.10609439413877486,0.665388920120332,0.9694646980504091,0.904421914748976,0.22262719568006162,0.956600902474062,0.6142095060013762,0.4099393937664576,0.6843713237263116,0.1255762024654915,0.25565592941965143,0.36536542807613426,0.6818289572229279,0.5159379175924982,1,0,inf,inf,0,0,1,1,1,1,1,0,5620,1137,196,1,2,0,1,0,2557,3.6,39,0
4.2,17.64,1,0,1448,7.278628942320682,0,1,4,0,1,0,1,0,0,0,0,27.080000000000002,76.49,0.3422547492330179,0.2494975669322833,0.39804268458643666,0.29997440353331783,0.9108589802742199,0.3329097763563894,0.4311789249277813,0.6811875902737377,0.5656231401107809,0.802334689767388,0.2880499783749464,0.7841513308053825,0.8530159223639894,0.5225411363455313,0.6464150526156618,0.6106040699285042,0.305774630924346,1,1,inf,inf,0,0,1,0,0,1,1,1,2622,2061,245,1,0,1,0,0,1448,4.2,21,0
4.6,21.159999999999997,0,0,4565,8.42639282708974,0,1,3,0,1,0,0,0,0,0,0,26.77,75.49,0.3227871132547049,0.6581989726547056,0.22472501338777484,0.6916393852660293,0.6469631766541508,0.5619469986410537,0.8735879120974008,0.8602372281555065,0.3930916082627247,0.9054786510909143,0.34770380140996815,0.9606272879018092,0.36679624678056,0.45398239015346864,0.11281154890094025,0.24170011920728152,0.23153212759039676,1,0,inf,inf,0,0,0,1,1,0,0,1,4880,2442,169,1,2,0,0,1,4565,4.6,12,0
3.2,10.240000000000002,0,0,192,5.262690188904886,1,0,1,1,1,0,0,0,1,0,0,27.68,75.86,0.6976750587018921,0.4668988158381001,0.07374060724785925,0.04725909375069115,0.36150361166338885,0.6839781478467828,0.6795834409488248,0.17703529047307376,0.16776666866371193,0.9587229926471097,0.3608658098872727,0.628859057665799,0.33796084233399926,0.3153349875715131,0.33072017281238175,0.9133951092205116,0.4621370805645244,1,0,inf,inf,0,0,1,1,1,0,0,0,8076,2804,243,0,0,1,1,0,192,3.2,6,0
5.0,25.0,0,1,302,5.713732805509369,0,0,3,0,1,0,1,0,0,0,0,27.02,75.69,0.08991103146974877,0.24869912956935303,0.3493453471849147,0.8043012417486176,0.8188918936726025,0.5579772943211261,0.30387755851600773,0.3449824644272329,0.7048134409373478,0.696161839886368,0.8842074270407427,0.6419065547680477,0.17839807060416546,0.08287685443450887,0.4803646355741489,0.5364118848917596,0.9490976512460104,1,0,inf,inf,0,0,0,0,1,0,0,0,1894,823,125,0,0,1,0,1,302,5.0,21,1
5.0,25.0,0,1,4862,8.489410810403786,0,1,3,0,1,0,0,0,0,0,0,27.77,76.35000000000001,0.42465637121791733,0.29358447751537575,0.6748567106986836,0.24803881908836467,0.1917437345233255,0.873887059332828,0.9765730418070795,0.38064368426524176,0.8827869174870485,0.6162293332764097,0.30973577663266794,0.3451752027907402,0.3598041880270203,0.0020972932464665694,0.038929947086651095,0.5439135792999523,0.284317600226875,1,0,inf,inf,0,0,0,1,0,1,1,1,6107,2832,2,1,3,0,1,1,4862,5.0,47,1
3.9,15.209999999999999,0,0,2972,7.997326822998097,0,1,4,0,1,0,0,0,0,0,0,27.8,77.82000000000001,0.5902387333728395,0.5760006016158171,0.6749149051815291,0.20929784951060082,0.5457642703061414,0.6759330203591484,0.2351308502607713,0.214724975791299,0.240049142352585,0.6900860312244529,0.9978589064289307,0.20388263468065748,0.6833260078100168,0.43205227129616786,0.6883477413480973,0.9228554696460136,0.8617045889074361,1,1,inf,inf,0,0,0,1,0,0,0,1,9324,3963,13,1,0,0,0,0,2972,3.9,23,0
2.7,7.290000000000001,0,0,3195,8.069655306886165,0,1,3,0,1,1,0,0,0,0,0,26.04,77.92,0.9741706773062566,0.5114802039623866,0.30701330045035025,0.3349287832990696,0.7786136144171635,0.7118854770363062,0.4384980684068589,0.9714506998646601,0.027277019791461687,0.6856416492003927,0.9178263958880952,0.8129420719618415,0.5211398492522283,0.8827675563815354,0.509826929135863,0.30196603136532996,0.786096489651315,1,0,inf,inf,0,0,1,1,1,1,0,0,1265,1941,174,1,3,0,0,0,3195,2.7,0,1
2.8,7.839999999999999,0,0,4169,8.335671314792847,0,1,4,0,1,0,0,0,0,0,0,27.41,76.43,0.7819381719281702,0.8355571764958919,0.7792042560658821,0.5040109202373032,0.2671831106824947,0.5936187169376432,0.2842925579950413,0.4764549515857076,0.6702739150911007,0.0274336284369876,0.9264792534735081,0.9973013243238263,0.7140760463287302,0.5712031233601071,0.8937060454828144,0.6145044990972793,0.834526623897274,1,1,inf,inf,0,0,0,1,1,0,0,1,1070,1836,241,0,3,0,1,0,4169,2.8,0,1
4.2,17.64,1,0,144,4.976733742420574,1,0,1,1,1,0,0,1,0,0,0,27.52,77.71000000000001,0.9742761155082251,0.1331158462516817,0.005405608248221561,0.04092357790089374,0.21454849040291424,0.6712188735925516,0.7626220299015757,0.04659922245798587,0.9906267128212003,0.12284237966222822,0.7357645772449914,0.43005595670321006,0.05888963119259627,0.39991988719862726,0.5395756869547998,0.9800114461600554,0.03893043034438004,1,1,inf,inf,0,0,0,0,0,1,0,1,7187,3595,133,1,0,1,0,0,144,4.2,18,0
3.1,9.610000000000001,0,0,2949,7.989560449333865,0,1,4,0,1,0,0,0,0,0,0,26.71,75.26,0.6727429163310552,0.18498391066861364,0.19233671988652556,0.27198814525318715,0.5782032780666692,0.5610046964559148,0.9832223960793899,0.44197680636427716,0.38679570176085043,0.1622020175000498,0.26670414042929314,0.4167579108743277,0.5496499334870893,0.656012115700915,0.08362251934896414,0.4630047770026572,0.37656342626841877,1,1,inf,inf,0,0,0,1,0,1,0,1,9291,1103,203,0,2,1,0,0,2949,3.1,9,1
4.1,16.81,1,0,3814,8.246695943718557,0,1,3,0,1,0,0,0,1,0,0,27.73,76.5,0.9378520146548928,0.1390423267575609,0.17323461279356067,0.962821198928694,0.7336909794881689,0.9937833807542994,0.9977242438453665,0.2555476392970073,0.7985122400929754,0.8960702808771537,0.023909529149168884,0.15874308151329664,0.7663455389929836,0.8729172322966002,0.8234096838874697,0.12415612670668086,0.67829261731762,1,1,inf,inf,0,0,0,0,0,0,1,0,4670,4285,211,1,0,1,1,0,3814,4.1,5,0
4.9,24.010000000000005,0,1,3847,8.255308811785596,0,1,3,0,1,1,0,0,0,0,0,27.52,76.10000000000001,0.06885736474127446,0.96455598221213,0.5328882935344591,0.2864694073285504,0.6666067798400728,0.5139893027583896,0.28157287078769555,0.8684140182301854,0.26876185981113343,0.8198218360625811,0.48663947321711987,0.3730157051245119,0.33233317741697277,0.387916819104284,0.09473467600620611,0.7551047448540401,0.2566380634386508,1,1,inf,inf,0,0,0,1,1,1,1,0,1480,741,55,1,3,0,0,1,3847,4.9,47,1
3.8,14.44,0,0,4239,8.352318548226004,0,1,1,1,1,0,0,0,1,0,0,26.68,75.77,0.10730427563332734,0.9382918294849483,0.6377428913046167,0.43823569589904765,0.5370610050886124,0.13425708339490317,0.2585725339001351,0.04522229417552137,0.8225482976457904,0.36796392999826344,0.3369876282726293,0.12015358802004306,0.8810653558891999,0.9142650162662036,0.21204786409655585,0.1822188307387439,0.12832724918565686,1,1,inf,inf,0,0,1,1,0,0,0,1,3505,2981,356,0,0,1,1,1,4239,3.8,3,0
3.9,15.209999999999999,0,0,2592,7.860570785538664,0,1,1,1,1,0,0,0,0,0,0,27.96,76.79,0.5896419133096577,0.2882652390630135,0.014938398194552338,0.3606537369263919,0.5092844819281489,0.32085752820364133,0.19276436581787193,0.8963514142770875,0.453349468798676,0.5517978132818789,0.9812591900377822,0.7731320995994616,0.42872127081358513,0.18499322277303198,0.5811980468223544,0.02660896942200286,0.8887940584533834,1,1,inf,inf,0,0,1,0,1,1,1,0,3243,1823,70,0,3,1,0,1,2592,3.9,39,0
3.5,12.25,0,0,926,6.831953565565855,0,0,2,1,1,0,0,0,0,0,0,27.52,75.23,0.4665921614651972,0.4529215019601045,0.2671232174753496,0.9122350671188462,0.6741556775403951,0.3593738312513952,0.4692217457388316,0.6451535583813495,0.8749361132577129,0.5611805357905516,0.24629797291997035,0.6579033945145624,0.8192148736444572,0.4879213170012753,0.15747932960014044,0.2837459130117771,0.9363704549173072,1,0,inf,inf,0,0,1,0,1,1,1,1,8103,48,284,0,2,0,0,0,926,3.5,6,1
3.5,12.25,0,0,3735,8.225770799348734,0,1,2,1,1,0,0,1,0,0,0,27.5,76.62,0.25042633664733305,0.8235155273534587,0.21158170126619935,0.18784667875686922,0.6136249950034494,0.653611677784238,0.22627061235574475,0.04229511517177842,0.3958521858777282,0.3371013756557665,0.7789712455774959,0.780701937664422,0.17223845977032115,0.37082954189740314,0.2888857617235807,0.9862760020162862,0.1433330094502706,1,0,inf,inf,0,0,1,1,1,0,0,1,7794,1395,192,0,1,1,0,1,3735,3.5,14,1
3.1,9.610000000000001,0,0,1356,7.213031659834869,0,1,2,1,1,0,0,1,0,0,0,26.63,75.43,0.18285555821040222,0.4489276004170105,0.8885614508199811,0.3682325487146234,0.5855913572131036,0.863515640306349,0.258282436793957,0.9177888092688418,0.4005793785810442,0.2958949225864882,0.058517425335507633,0.7843016676501979,0.5858033057145177,0.19311640977605238,0.07018637598126343,0.88300097700164,0.2412379225590109,1,1,inf,inf,0,0,0,0,1,0,0,0,2648,2697,259,1,1,0,1,0,1356,3.1,9,1
2.5,6.25,0,0,1617,7.388946097618437,0,1,2,1,1,0,0,0,0,0,0,26.72,77.33,0.3076031213410293,0.28436961683402484,0.6820148776287311,0.9047990345269545,0.313135196553479,0.5189904460411039,0.16862274244252262,0.20718101210785056,0.719431968478407,0.0815537801841355,0.3836518374979506,0.36748925144137634,0.8333829283819917,0.03740821944628148,0.2946925221878196,0.3932585588334411,0.009788744746642819,1,0,inf,inf,0,0,1,1,1,0,0,1,5873,4273,351,1,0,1,0,0,1617,2.5,44,0
4.6,21.159999999999997,0,0,3894,8.267448958304849,0,1,3,0,1,0,0,0,1,0,0,27.52,77.57000000000001,0.555180121308422,0.6733656763667701,0.7764709461957587,0.8809627988270066,0.8828575918784142,0.8273407063633245,0.43783533381273576,0.26755043421207647,0.6392895077863565,0.1189551677710936,0.9378028558254583,0.863115363458184,0.8207096999920142,0.3297090189416575,0.8057152341114882,0.3170506030092013,0.34290315026937224,1,0,inf,inf,0,0,1,0,0,1,0,0,8924,2606,170,1,2,1,0,0,3894,4.6,37,1
4.6,21.159999999999997,0,0,4294,8.365206834418355,0,1,2,1,1,0,0,0,0,0,0,26.88,76.0,0.024878430943273466,0.6525081588123713,0.13668468631715114,0.878542603791615,0.2445895527793741,0.2686135573777855,0.034480249237798244,0.18497659277398937,0.5315962860086374,0.7362790315071986,0.43853462094889084,0.716867667111275,0.19095537099912885,0.6694882336587507,0.9654463734550309,0.04484230828452185,0.09436538473155331,1,1,inf,inf,0,0,0,1,0,0,0,1,6429,521,67,1,3,0,1,1,4294,4.6,46,1
3.8,14.44,0,0,762,6.637258031284457,0,0,3,0,1,0,0,0,0,0,0,27.85,77.03,0.8282314825137059,0.4171446019006708,0.1208064356074825,0.04950612276159483,0.022238259728248777,0.7417926722965542,0.46534729937058383,0.8346932629788385,0.2486333248243182,0.2034159561906126,0.9471152859855299,0.8632278893811135,0.6385879907206304,0.5227264690142724,0.8857015721775788,0.7739275635356861,0.4426530898998269,1,0,inf,inf,0,0,1,1,0,0,0,1,6723,4106,214,1,2,0,1,0,762,3.8,11,0
3.5,12.25,0,0,1744,7.4645098346365275,0,1,1,1,1,0,0,0,0,0,0,27.57,76.64,0.6457908938451222,0.8152318308954745,0.10357082556072406,0.5151170975643664,0.1935582375893833,0.4561684116882211,0.9407705054241129,0.910985215937993,0.7491431768797313,0.11974072147172399,0.22353288287227724,0.24282061585919268,0.2989376226974315,0.3787969116604821,0.36054059520528625,0.7487633376988418,0.06864292436788366,1,1,inf,inf,0,0,0,0,0,0,1,1,8847,4985,154,0,1,1,0,1,1744,3.5,39,0
4.4,19.360000000000003,1,0,2992,8.0040315078527,0,1,1,1,1,0,0,0,0,0,0,27.41,76.86,0.2494182925977777,0.5168736215849344,0.4101877013405293,0.8642098144525733,0.7174721302810436,0.8482357919232049,0.543882738407149,0.3607355221894001,0.11615055602533708,0.2880044282383267,0.7179547311741084,0.6963639905951227,0.22971620016024397,0.7845829163980413,0.5076042569545279,0.009252062747180156,0.43935098874542156,1,1,inf,inf,0,0,0,1,0,0,1,1,8886,4593,296,1,1,0,1,1,2992,4.4,41,1
4.2,17.64,1,0,813,6.70196036600254,0,0,2,1,1,0,0,0,0,0,0,27.01,75.18,0.7125114348252141,0.7022715110946839,0.6470210102509614,0.41970554696231266,0.2361336516569864,0.6602023712690366,0.7472486301961154,0.6433627337847753,0.031669991358976524,0.006424166934166031,0.3612790745732689,0.8459507283618535,0.7158813007788433,0.742272922583351,0.31154048540779655,0.8920251851742457,0.5938149966812408,1,1,inf,inf,0,0,1,0,1,0,1,0,4617,316,257,1,2,0,0,0,813,4.2,38,0
3.4,11.559999999999999,0,0,4468,8.404919948933452,0,1,4,0,1,0,0,0,0,0,0,27.34,76.56,0.40747988657478373,0.7623593936901155,0.4658205462815669,0.39147307752859595,0.9319616648163872,0.0342402812392989,0.6627656819446462,0.22893242353527476,0.551708188935572,0.3346945285329861,0.7951666647331589,0.08486665298125651,0.46203550463418386,0.4485929963743681,0.08559865318905968,0.09218890058370943,0.26044253806619366,1,1,inf,inf,0,0,0,1,0,1,1,1,3842,2366,25,0,3,1,1,1,4468,3.4,33,0
3.1,9.610000000000001,0,0,3654,8.203851372183879,0,1,1,1,1,0,0,1,0,0,0,27.22,77.93,0.1338172866114472,0.22022124847292546,0.05183023079699811,0.9452103034706367,0.22861362353061143,0.17601140187487074,0.5589269807623541,0.5063205996522808,0.827250336077398,0.9273098466177059,0.697798666978925,0.04771931097760296,0.4789459425906959,0.8774112522908357,0.40294987055135123,0.9182076230320697,0.1784899336222272,1,1,inf,inf,0,0,1,1,0,1,1,1,8282,137,268,1,1,1,0,0,3654,3.1,43,1
4.0,16.0,1,0,1153,7.050989447068045,0,1,3,0,1,0,0,0,0,0,0,27.400000000000002,77.75,0.8113447730196217,0.5690369882868457,0.5081557013425345,0.6029237410320102,0.6226552967776345,0.890556753081209,0.5623950897847915,0.8591671135814842,0.6409463542273031,0.4584871070037897,0.09679292872550327,0.9646742618316986,0.5070975716209075,0.7911820137815146,0.5769933033861756,0.8287177301728145,0.9302135419889033,1,1,inf,inf,0,0,1,0,1,0,0,1,803,701,8,1,0,1,1,1,1153,4.0,15,0
2.7,7.290000000000001,0,0,3082,8.03365842788615,0,1,4,0,1,0,0,0,0,0,0,27.01,76.53,0.7626949104344088,0.879761610836973,0.869704500182999,0.4394222950869099,0.5726493747313556,0.5552949212080427,0.9922884469849128,0.9839913810208919,0.5313214584737176,0.34844339767490873,0.6719423875873789,0.8395553410458881,0.08900303738035975,0.8766963305301219,0.42929880917656504,0.9014789359486909,0.054993622146299326,1,1,inf,inf,0,0,0,0,0,1,1,0,1592,2644,326,1,1,0,0,1,3082,2.7,10,1
3.1,9.610000000000001,0,0,3601,8.189244525735901,0,1,2,1,1,0,0,0,1,0,0,26.28,77.64,0.988581366646104,0.5158340161593449,0.06573313552922433,0.6267749478993275,0.9157740553413657,0.7475842336182396,0.8013755885382087,0.822698905918439,0.6806047616619525,0.988233820145393,0.9696849643854698,0.41609488909138903,0.3464026602157647,0.5982978040425868,0.426652845475762,0.513613044706826,0.5790728448734288,1,1,inf,inf,0,0,1,0,0,0,1,0,9788,285,2,0,1,0,0,0,3601,3.1,15,1
4.5,20.25,1,0,2771,7.927324360309794,0,1,1,1,1,0,0,0,0,0,0,27.18,77.68,0.8505142682337,0.6694248472820994,0.2987405332260543,0.5146193452339317,0.6399200836993455,0.5451206522343381,0.45082844315746606,0.489655750056204,0.09563329471456339,0.75064369034511,0.6934833380256455,0.2531052067485178,0.44379302373272767,0.19572442689872738,0.4301443950292636,0.37073599466607254,0.724526032497851,1,1,inf,inf,0,0,1,1,0,1,0,1,4928,2225,253,1,2,0,0,0,2771,4.5,4,0
4.7,22.090000000000003,0,0,3492,8.158516244806831,0,1,3,0,1,0,0,0,0,0,0,27.09,76.45,0.3959604176361655,0.7451140039514992,0.7673169865143481,0.3334729220042598,0.5182530716819829,0.12690932095901963,0.23803578524405167,0.17108938007017138,0.7041779935269721,0.38064234469476355,0.7472985318290913,0.9722748593176245,0.3780382222465477,0.4447276185271761,0.22683559403107612,0.11164588942574138,0.2616520925178387,1,1,inf,inf,0,0,1,1,1,0,0,1,8208,4948,215,0,3,0,0,0,3492,4.7,18,0
4.4,19.360000000000003,1,0,2608,7.866722285136729,0,1,4,0,1,0,0,0,1,0,0,27.810000000000002,77.81,0.48300479500142435,0.9685381497561293,0.9524322228355803,0.685917192186182,0.30009248532304256,0.8053421126208553,0.8880337879431083,0.5571849745279184,0.8158662336143067,0.7457847863698852,0.42777148614425375,0.15797359883280082,0.4160498689160703,0.8553849954333403,0.20195687543446084,0.6297086889654486,0.4682404449142755,1,0,inf,inf,0,0,1,0,0,0,0,0,4970,4399,328,0,0,0,1,1,2608,4.4,17,0
3.6,12.96,0,0,1892,7.545918151209323,0,1,3,0,1,0,0,0,0,0,0,27.18,76.12,0.051212248956657214,0.16179935296576642,0.8433935193895873,0.7112769316571129,0.08266330612603423,0.1026448199483504,0.1337883959452486,0.37347414737695506,0.2934901427638269,0.9605238991367665,0.725537242441358,0.23233963360315657,0.09759598452007323,0.10257951896484496,0.9051602372854605,0.45283146871929447,0.9666499019064398,1,1,inf,inf,0,0,1,0,1,0,1,1,4373,4338,170,0,1,0,1,1,1892,3.6,37,1
4.3,18.49,1,0,85,4.454347296253507,1,0,1,1,1,1,0,0,0,0,0,27.810000000000002,77.51,0.21315020926599804,0.06528057019110789,0.9322397088569271,0.1571952367379592,0.6531818504561646,0.9905214034716496,0.3139662164431345,0.04403814202191725,0.6256805688030705,0.7565588460464343,0.14979576172240572,0.5732226102253665,0.7703065815815078,0.024910941948813048,0.2032201984623554,0.92176212333098,0.20479187102932683,1,0,inf,inf,0,0,0,1,1,0,0,0,8434,2284,95,0,1,1,1,1,85,4.3,35,0
4.4,19.360000000000003,1,0,383,5.950642552587727,0,0,4,0,1,0,0,0,0,0,0,27.75,77.39,0.27061860013328853,0.5012497331449327,0.2895517596917836,0.5048769390081149,0.9315158999614095,0.7761811213825911,0.3884389767642541,0.3404196091400181,0.6763730370441992,0.49582726679654143,0.16654045176760768,0.07609358459750781,0.22517288443521088,0.185527986599061,0.7873207525646797,0.7241230089563282,0.006557360178038207,1,1,inf,inf,0,0,1,1,1,1,0,0,7188,2330,52,1,0,1,0,0,383,4.4,49,1
4.3,18.49,1,0,561,6.331501849893691,0,0,1,1,1,0,0,0,0,0,0,28.0,77.69,0.45267240242345874,0.7065337528532702,0.43798793154070925,0.8431325152404107,0.3027770842889592,0.9333620515487419,0.8662525066320574,0.9407022526432032,0.8860303066903421,0.7048199322275759,0.6285191004543997,0.30920230345189825,0.8443429916852061,0.11935856579292525,0.45173573532472977,0.37547057740262657,0.9136404683447352,1,1,inf,inf,0,0,0,0,0,1,1,1,8720,1171,153,1,2,0,0,0,561,4.3,47,0
3.3,10.889999999999999,0,0,2918,7.978996370854115,0,1,2,1,1,0,0,0,1,0,0,27.68,75.17,0.47791828659489055,0.7866203992466496,0.9346791467589707,0.438066577665542,0.8936359085093584,0.6546258397148175,0.6413226010327376,0.7935269136123518,0.6718230702967113,0.3566921752335749,0.2595032697468721,0.5271885537100094,0.6944151452373513,0.7966807416481345,0.897809719739733,0.8916216933492259,0.23421639333214395,1,1,inf,inf,0,0,1,1,1,0,0,1,8241,2205,258,1,3,1,0,1,2918,3.3,48,1
3.0,9.0,0,0,1033,6.9411900550683745,0,1,2,1,1,0,0,0,0,0,0,26.91,76.3,0.5443791365252242,0.7697220200085048,0.057334218530385894,0.741355567721555,0.3358443117792742,0.8962084904540902,0.09294593980313248,0.1336797583142877,0.6770379329008985,0.083484867541332,0.5010744215410745,0.3412934088829952,0.36030079959264083,0.05271191310860712,0.16912030314633952,0.14010109908178925,0.34525240174732497,1,1,inf,inf,0,0,0,0,0,1,0,1,8020,2696,314,1,2,1,0,0,1033,3.0,1,0
4.3,18.49,1,0,2263,7.724888439323074,0,1,3,0,1,0,0,0,0,0,0,26.55,75.28,0.3564043782938342,0.21890213327214814,0.7913916308729507,0.2218535395099972,0.8760861920762857,0.8787414898959343,0.945982445239144,0.509540128578281,0.17350260694716435,0.4909236294428968,0.9027581778611089,0.5927129823674298,0.7543136186091257,0.767603620144277,0.7175286720930317,0.11814248313162423,0.3900695223371943,1,1,inf,inf,0,0,1,1,0,1,1,0,2694,3594,14,1,1,1,0,0,2263,4.3,9,1
4.9,24.010000000000005,0,1,1278,7.153833801578843,0,1,1,1,1,0,0,0,0,0,0,27.95,76.10000000000001,0.7371459783811556,0.4490579821264885,0.7305266195780702,0.7943420269911167,0.9378382983086966,0.5734621170795355,0.30980583391089345,0.5482338755102751,0.07788788309271555,0.16060964546948342,0.460211030990072,0.2797686427283945,0.7107119671410289,0.20527477841494957,0.23931390795174046,0.8254015163256581,0.8496219307422341,1,1,inf,inf,0,0,0,0,0,0,1,1,8750,2480,273,0,0,0,1,0,1278,4.9,44,0
2.7,7.290000000000001,0,0,4560,8.4252971767117,0,1,4,0,1,0,0,0,0,0,0,27.43,77.23,0.00809522442330357,0.9485041847222211,0.5857185088693313,0.18216864523545795,0.7776089409634981,0.6544821972673728,0.265054929478715,0.48524739555608587,0.9891440349365314,0.6738073906039158,0.8734344495188331,0.8081758016873937,0.9497955170377886,0.5369067090022429,0.2603831136571919,0.5329549563058328,0.8898339261077871,1,1,inf,inf,0,0,1,0,0,0,0,0,1739,4799,210,1,0,1,1,0,4560,2.7,14,1
3.3,10.889999999999999,0,0,600,6.398594934535208,0,0,2,1,1,0,0,0,0,0,0,27.990000000000002,75.56,0.25067381776855535,0.3453671345110201,0.17900357034381276,0.6492289972535445,0.18824841823858163,0.5423164992069089,0.5891509276252399,0.7777684417133868,0.11536169915758154,0.35447904981230116,0.7170574188584597,0.37941979195941355,0.26343492294452175,0.4967506768718838,0.12693490263845608,0.039838964552592504,0.04705134181067583,1,1,inf,inf,0,0,0,0,1,1,0,1,2605,2514,260,0,1,0,0,1,600,3.3,32,1
2.9,8.41,0,0,3582,8.183955717304954,0,1,4,0,1,0,0,1,0,0,0,27.67,77.46000000000001,0.6618483788986735,0.38597863362101015,0.14898308569150165,0.006871057243694967,0.6636944440519418,0.13561341971769236,0.9185000155606635,0.5902828698259446,0.6057387645788165,0.23041577531321167,0.8824767738064294,0.9668820960679162,0.20442549170235425,0.7349597102860544,0.07113553485143553,0.570642350676177,0.5363945770288464,1,1,inf,inf,0,0,0,1,1,0,1,1,68,4257,255,1,2,0,0,0,3582,2.9,40,1
4.5,20.25,1,0,2986,8.00202481821611,0,1,1,1,1,1,0,0,0,0,0,27.43,76.56,0.0878533979763585,0.22807561195355408,0.05813074371393623,0.08350248809311434,0.7511617382084318,0.938750558697068,0.9383463529885239,0.3807029693838986,0.49716660101783283,0.6779402687180476,0.7895556241212687,0.5806610107987156,0.7052586256831559,0.08424266288800364,0.45993209846048366,0.3859716717225732,0.5447661097074478,1,0,inf,inf,0,0,0,1,1,0,0,1,7249,3498,228,0,1,0,0,1,2986,4.5,24,0
2.9,8.41,0,0,4704,8.45638105201948,0,1,3,0,1,0,0,0,0,0,0,26.11,75.24,0.8322383932064443,0.416693645568755,0.9326856571015276,0.1399633225731033,0.6324411999155124,0.5601681873019134,0.37689013738998134,0.30714717356175436,0.5987048284893763,0.5175741566392673,0.8489343031048543,0.6167693120286001,0.2769713587430396,0.446271352911924,0.4018030722802617,0.11477737972258484,0.8566407517925367,1,1,inf,inf,0,0,0,0,1,0,1,0,5462,1507,40,0,3,1,0,1,4704,2.9,28,0
3.1,9.610000000000001,0,0,3943,8.279950715722526,0,1,1,1,1,0,1,0,0,0,0,27.79,77.37,0.5013170900737178,0.17441965459477426,0.8873722207540934,0.04784671846677735,0.7976091933928473,0.6927451072679585,0.9406840137478693,0.6576639598888461,0.7674824806957422,0.6219767722674046,0.3473055579837325,0.8704382022612239,0.4843149647792575,0.6416986535960161,0.881146769500668,0.5105648549298594,0.7489622683057817,1,0,inf,inf,0,0,0,0,0,1,1,0,9949,273,25,0,3,1,0,1,3943,3.1,29,0
3.5,12.25,0,0,2584,7.85748078694253,0,1,1,1,1,0,0,0,0,0,0,27.38,75.21000000000001,0.9537506875316095,0.2617331954873928,0.07238578676880836,0.34514503045388234,0.6149025991032717,0.30001541535817045,0.08341635577345874,0.9557318976605903,0.7853570984404048,0.3807040077763474,0.9588837519764289,0.8368134216988224,0.829868396278985,0.7471163511918022,0.9996513148088755,0.5215471536237887,0.5560956500347369,1,1,inf,inf,0,0,1,1,1,1,0,0,3695,2115,243,0,1,0,1,1,2584,3.5,34,1
3.1,9.610000000000001,0,0,2040,7.621195162809845,0,1,3,0,1,0,0,1,0,0,0,27.060000000000002,76.35000000000001,0.6474919683052875,0.4654615483543971,0.7433229067589185,0.13454058491824172,0.9390625210549264,0.12786932253504024,0.9581465287906369,0.34513734172251975,0.12748470215512175,0.4448333948183726,0.3052825704967528,0.5223161609499045,0.8641114189448298,0.420086090414285,0.7411955972771528,0.9604809513095861,0.7584036675339672,1,0,inf,inf,0,0,0,0,1,0,0,1,7983,1864,320,0,2,0,1,0,2040,3.1,43,0
3.8,14.44,0,0,243,5.497168225293202,0,0,4,0,1,0,0,0,1,0,0,26.94,76.38,0.44445733842225255,0.20418041010598487,0.5646528560242696,0.7687741453447409,0.3350286603122915,0.10270977997075348,0.2184063729416431,0.6344502914282649,0.05904628533815781,0.3038505033700778,0.16709667571350628,0.7089860252767063,0.06286201099122346,0.05543458813540736,0.7535278620511776,0.09069298705536699,0.48145637234692196,1,1,inf,inf,0,0,0,0,1,0,0,1,1409,734,312,1,1,1,0,0,243,3.8,40,1
2.6,6.760000000000001,0,0,1536,7.337587743538596,0,1,2,1,1,0,0,0,1,0,0,26.26,77.21000000000001,0.6720740225266479,0.8106388709071157,0.6504429780199749,0.10689882701915887,0.02514553833844213,0.1525646089607371,0.4701693811761839,0.8235329216409428,0.34243670190710684,0.65561462732933,0.1264631621755915,0.26072157186478084,0.6978689018805561,0.2582384977395047,0.9490651430196021,0.30934973862734705,0.27229162239075655,1,1,inf,inf,0,0,0,1,1,0,0,1,3799,2459,218,1,0,0,1,1,1536,2.6,30,1
4.9,24.010000000000005,0,1,2474,7.813995675002791,0,1,1,1,1,0,0,0,0,0,0,26.080000000000002,77.85000000000001,0.6243692048207627,0.49774448835549057,0.05514000719612533,0.6495308082552569,0.986971921597971,0.8782474472722785,0.5258174174203553,0.7528432220189198,0.9142371992222272,0.6629121736872067,0.4138818309819441,0.919040439178744,0.05395702283895254,0.10724509200054744,0.39354094727364775,0.8189285845211183,0.29843714487860895,1,1,inf,inf,0,0,1,0,1,1,1,1,1618,2816,261,1,1,0,0,0,2474,4.9,8,0
4.0,16.0,1,0,1989,7.595889917718538,0,1,4,0,1,0,0,0,0,0,0,27.02,76.51,0.09239415958645325,0.25673213698844344,0.7503349567560244,0.45563906017609146,0.6879409602541353,0.006028137763264163,0.2727748050655904,0.9825288626800279,0.46339787719416337,0.921969221654781,0.08446779538064741,0.267634521958487,0.41116585790293947,0.16619220568221404,0.2905147546600454,0.5064267603138846,0.6119426890272709,1,1,inf,inf,0,0,0,0,0,0,1,1,1777,84,57,1,3,0,0,1,1989,4.0,48,1
3.9,15.209999999999999,0,0,2540,7.840312983320164,0,1,2,1,1,0,0,0,0,0,0,26.64,76.63,0.9389762339447278,0.1245921235300761,0.5411989670302904,0.3967968394014165,0.7931826587789385,0.851769020284618,0.2021548050237132,0.1884983377972791,0.5878953805081615,0.389613365263232,0.7880755256337887,0.02020695822826668,0.8008152817652981,0.5638165086407131,0.5188040125665699,0.07303733968106496,0.8559596592187079,1,0,inf,inf,0,0,0,1,0,0,1,1,3783,187,246,1,2,0,1,0,2540,3.9,45,1
3.1,9.610000000000001,0,0,82,4.418840607796598,1,0,4,0,1,0,0,0,0,0,0,26.84,75.75,0.33601737745028404,0.5687152142662442,0.2192418059113369,0.414397453368997,0.7621538654474868,0.15057643302159096,0.5761240173465987,0.7914080689318225,0.4154901413061213,0.5842859613501528,0.4074405250976839,0.5551221113745507,0.3973427279914906,0.611357632110013,0.09132990171010014,0.011216379711017854,0.44586981900855904,1,1,inf,inf,0,0,0,0,1,1,0,1,1188,3663,301,1,1,1,0,1,82,3.1,40,0
4.1,16.81,1,0,4126,8.325306029752582,0,1,1,1,1,0,0,0,0,0,0,27.27,76.02,0.3307342561214559,0.4229101048544559,0.9086986902944135,0.6161078306790053,0.23244239597281846,0.6381381282359332,0.9313215301232907,0.866457107888188,0.6878586828600982,0.8032136684976564,0.8073135863815244,0.9482267285672504,0.26408167637657176,0.881390932525054,0.058111088236267205,0.3510442845557782,0.8502859327060186,1,0,inf,inf,0,0,1,0,1,0,0,0,1152,1324,85,0,1,0,1,1,4126,4.1,10,0
3.7,13.690000000000001,0,0,4899,8.496990484098719,0,1,4,0,1,0,0,0,0,0,0,27.21,77.59,0.3508295239213788,0.4325468629115873,0.8876803313915312,0.4017721518918256,0.35665161682408486,0.422338000265432,0.242403961950031,0.49692668403706297,0.6778513801402191,0.7514400362603277,0.30835614124850563,0.9314414308933296,0.8333792683872187,0.4502860005854463,0.877041091639396,0.31402614885276114,0.40129324542713385,1,0,inf,inf,0,0,0,0,0,0,0,1,8847,3739,255,0,0,0,1,1,4899,3.7,20,0
4.6,21.159999999999997,0,0,2734,7.913886714856082,0,1,4,0,1,0,0,0,0,0,0,28.0,75.45,0.8046316663084266,0.7903550556568438,0.7024780738338505,0.1525343054311452,0.8332239432652677,0.41313653237670844,0.29467908466222237,0.6543911111455918,0.7371099563837964,0.1820366789088298,0.3817324131925518,0.1669269763544129,0.11110992242187911,0.9184118438005723,0.1481702380578419,0.6031580226107748,0.7655686555536917,1,0,inf,inf,0,0,1,1,0,1,0,0,4725,3692,133,1,1,1,0,0,2734,4.6,46,0
3.3,10.889999999999999,0,0,1311,7.179307969504034,0,1,4,0,1,0,0,0,0,0,0,27.52,76.97,0.2542423845306232,0.20026068166318378,0.746582228570414,0.8427105341507514,0.26216032788244925,0.4258167193331921,0.7082737356211661,0.8394230139958442,0.34581863531907486,0.7748064848084826,0.23067548109152136,0.5601072302229952,0.7705992432113281,0.2345661422341918,0.5831469522668664,0.6161868571760074,0.42117983789392666,1,1,inf,inf,0,0,1,0,0,1,1,0,3649,4083,19,0,1,0,1,0,1311,3.3,8,1
3.0,9.0,0,0,114,4.74493212836325,1,0,4,0,1,0,0,0,0,0,0,27.1,75.14,0.6102005135293884,0.7736689439865075,0.10742932942177297,0.7796264081430203,0.11836833034588923,0.9323069442147105,0.7944114948719082,0.8540480595724298,0.9620918528284821,0.6751978655647142,0.749101836729517,0.5002230814162463,0.0633113246912731,0.8180643687566267,0.37347172079739277,0.02333690480306083,0.9170458745245059,1,0,inf,inf,0,0,0,1,1,0,1,1,6168,3339,332,0,3,0,1,1,114,3.0,24,1
4.1,16.81,1,0,4942,8.505727713306959,0,1,2,1,1,0,0,0,0,0,0,26.14,75.28,0.5471133877474145,0.1458618325958626,0.5383354528069167,0.13588077031787493,0.9970033702448828,0.6556059894114814,0.32256175987275504,0.15976325548425396,0.6285695001698465,0.47572298361707255,0.5987286960307179,0.6970175157035932,0.4794936318412294,0.6300795124525399,0.9633704097736397,0.11702576453984648,0.026909705041425536,1,0,inf,inf,0,0,0,0,0,1,1,0,4665,4383,12,1,3,1,1,1,4942,4.1,12,0
4.0,16.0,1,0,4841,8.485083137498004,0,1,1,1,1,0,1,0,0,0,0,26.37,75.94,0.5479209490299469,0.6252611620469457,0.5017927791308351,0.5008205584175472,0.010373892329064605,0.1023409453174714,0.23028885070342797,0.5947076965913597,0.30363182412142364,0.06024633238137356,0.31135667344650175,0.3884461452934447,0.25745303419521204,0.40202817180779904,0.11313028642731005,0.5833495856615867,0.8393656259609825,1,0,inf,inf,0,0,0,0,1,1,1,1,8835,2542,334,0,2,1,0,1,4841,4.0,5,1
3.1,9.610000000000001,0,0,2800,7.937731775260109,0,1,2,1,1,0,0,0,0,0,0,26.91,75.17,0.3472518938204504,0.03684539700398015,0.011843421526601339,0.6523479801337801,0.6630387258103606,0.6314333782315704,0.10223033183449759,0.3249945397314482,0.4292687398101016,0.277817869428878,0.8664566774493659,0.7986729475157014,0.2435664655698514,0.8849167091527473,0.7163558936886869,0.2322113399148562,0.9186489624417624,1,1,inf,inf,0,0,1,0,1,0,0,0,8890,2672,151,1,0,1,0,0,2800,3.1,23,0
4.7,22.090000000000003,0,0,785,6.666956792429207,0,0,1,1,1,0,0,0,0,0,0,27.79,76.73,0.5364812474387394,0.6807967831097687,0.24021190884953625,0.3809848699521473,0.8403764466973379,0.5486863793538624,0.39226256249341473,0.8228646095361142,0.35099749663478363,0.4615183374880676,0.9890685215297306,0.2508908931210919,0.18736572172904553,0.19183306867978878,0.5142464045839442,0.8511092959299608,0.4316808244761082,1,1,inf,inf,0,0,0,1,1,0,0,1,8263,3575,51,1,0,1,1,1,785,4.7,32,0
2.7,7.290000000000001,0,0,3200,8.071218539969863,0,1,4,0,1,0,0,1,0,0,0,27.02,76.72,0.4731599742450805,0.1492706506847452,0.9508887942578915,0.9663838638561058,0.7924817502905672,0.8981796617165819,0.792319856294833,0.5462281817318874,0.5460773776976577,0.1554975931186655,0.06351038003171972,0.24590301976280127,0.8417674104332654,0.4941753690325794,0.9139333818184217,0.5490848593431985,0.028856793642392242,1,1,inf,inf,0,0,1,0,0,0,1,1,1713,2210,56,1,0,0,0,0,3200,2.7,45,0
4.4,19.360000000000003,1,0,3944,8.280204233279974,0,1,3,0,1,0,0,0,0,0,0,27.830000000000002,77.97,0.2945403607158792,0.5705474219888758,0.4590493133588851,0.4096847184718929,0.08181806436352446,0.5316115545912665,0.6560879782765643,0.8566410518484832,0.4219745811352932,0.9086525003803498,0.9179242380211209,0.731340320145745,0.8684230152315675,0.8645397996913511,0.11817414041987184,0.22846130470456394,0.3618263877242037,1,1,inf,inf,0,0,1,1,1,1,1,0,708,4424,57,0,1,0,0,0,3944,4.4,39,1
4.4,19.360000000000003,1,0,2077,7.639161171659173,0,1,1,1,1,0,0,0,0,0,0,26.67,75.77,0.85581262195617,0.35075123072328784,0.6711259787410716,0.39729876293683164,0.6400898222548015,0.4424282600734929,0.16087275352298047,0.5974281309622796,0.11470265284657577,0.6274903698201437,0.05214670343767325,0.977186744014436,0.9150064059015273,0.25514084828553285,0.4524860690074176,0.7828435479622151,0.9355729269084537,1,1,inf,inf,0,0,1,0,1,1,1,0,9236,3606,5,1,2,1,1,0,2077,4.4,49,1
4.0,16.0,1,0,2741,7.91644286012226,0,1,1,1,1,0,0,0,0,0,0,27.94,75.27,0.5127063532504209,0.21741881406139119,0.518225285221605,0.7287936320301837,0.756160566523265,0.8031104702479228,0.9045958801884144,0.6183233405926581,0.9415505837680985,0.839043150496696,0.9579950926038301,0.35224351479852445,0.16896672960908132,0.7334422905144771,0.006315237257080275,0.5903341122951635,0.7878775963318809,1,0,inf,inf,0,0,1,0,1,1,0,1,4058,1768,244,1,2,1,0,1,2741,4.0,27,0
4.7,22.090000000000003,0,0,4966,8.51057131510735,0,1,2,1,1,0,0,0,0,0,0,26.03,77.10000000000001,0.012344934661391305,0.024342507400131885,0.7219856599315178,0.1369343044017961,0.6473219769930808,0.24094532939686375,0.7901933171911166,0.3639989836717279,0.7894863714517433,0.08604634984392068,0.4570045442683377,0.033210716162953346,0.36807045477439937,0.721904809475968,0.14378908563486015,0.0749105798052544,0.500663590932968,1,1,inf,inf,0,0,1,1,1,0,0,0,3596,4526,254,1,2,1,1,0,4966,4.7,11,1
3.1,9.610000000000001,0,0,4699,8.45531778769815,0,1,2,1,1,0,0,1,0,0,0,27.05,77.36,0.7718455221010313,0.5210958027792205,0.812794574092571,0.6002617790404294,0.6513927168970302,0.843046507132946,0.3488161099624746,0.8382765934975599,0.5254664838740819,0.40151189100859175,0.9400149450877024,0.36216863082770345,0.8194614798160481,0.5482769726827836,0.8476757856269929,0.09175059711493871,0.4547182102712577,1,1,inf,inf,0,0,1,0,1,0,1,0,2931,1069,329,0,3,0,0,0,4699,3.1,18,0
4.6,21.159999999999997,0,0,3333,8.111928063310739,0,1,1,1,1,0,0,0,0,0,0,27.36,75.95,0.33273898449596384,0.2878694168680872,0.3899371645239218,0.2173562036829615,0.12347711901470182,0.224879454776874,0.8070510617696218,0.9801659515460585,0.041525836778474545,0.20994243898272968,0.9052147873021513,0.0044319429494791285,0.3658200197269659,0.09081380342597256,0.8792867788218767,0.0329282790140758,0.41623023353481703,1,1,inf,inf,0,0,0,1,1,1,0,0,8237,2411,35,1,3,0,1,0,3333,4.6,3,1
3.9,15.209999999999999,0,0,40,3.713572066704308,1,0,4,0,1,0,0,1,0,0,0,26.02,77.43,0.5416866158082374,0.45683903679654314,0.7689815290049627,0.1259194992873458,0.3534251269124733,0.8008287491149787,0.33898261121126105,0.30022047613208847,0.5595412326378962,0.022858045800526083,0.9636074562216793,0.9822711287410033,0.9645154088092837,0.21220440679346575,0.004029044626897238,0.0597071581416746,0.1021304577140636,1,0,inf,inf,0,0,1,1,0,0,1,0,2777,4059,258,1,2,0,1,1,40,3.9,4,1
4.2,17.64,1,0,2919,7.979338895262328,0,1,1,1,1,0,0,0,0,0,0,27.17,75.79,0.5061485828790718,0.4507009010357207,0.09951596808086849,0.5762880885853332,0.276848315900486,0.5072589008094692,0.5024892029491457,0.04702137860190181,0.39979113392212573,0.3535506222011192,0.8343148101788985,0.8504866435453762,0.79443581037396,0.7437580990095473,0.7439467106949794,0.5393212596986695,0.9130559017783666,1,0,inf,inf,0,0,0,0,0,0,1,1,7314,1041,60,0,3,1,1,1,2919,4.2,15,1
3.2,10.240000000000002,0,0,3371,8.123261319121745,0,1,3,0,1,1,0,0,0,0,0,26.69,76.44,0.07155972835997104,0.08565247937557441,0.03232193934148597,0.5032547983156767,0.15688104866495145,0.2352999824726414,0.46571342532186377,0.3259854897748089,0.9634879992000969,0.7129987377090596,0.01583059774943374,0.32385459536523564,0.04656096000295329,0.6614925171549931,0.17926660692359186,0.7775973672902715,0.033298095956502016,1,1,inf,inf,0,0,0,1,1,0,1,1,2875,3973,328,1,2,0,1,1,3371,3.2,32,1
3.6,12.96,0,0,2026,7.614312146452,0,1,4,0,1,0,0,0,1,0,0,26.63,77.28,0.38758948020662176,0.12064088468972978,0.11822872129082551,0.9428247905221628,0.24831443653574659,0.4900235465289019,0.2639932168158653,0.8961031396001528,0.8498115178093282,0.3559654632396242,0.7567757564044845,0.8847536156313549,0.24643905157474644,0.7445485429609503,0.7428220102239176,0.6730206035287405,0.0004196834714524922,1,1,inf,inf,0,0,0,1,0,1,1,0,6490,1266,123,0,1,1,1,0,2026,3.6,45,1
3.7,13.690000000000001,0,0,3999,8.294049640102028,0,1,1,1,1,0,0,0,0,0,0,26.07,76.13,0.3848085935592096,0.01036503068564898,0.48796043587631255,0.686314499442838,0.22745249316731952,0.5108545051274749,0.582184034936248,0.05132945096244135,0.3608600866279148,0.2374249854068482,0.01765564138705278,0.7064737740974052,0.38494030850503425,0.6701560536370477,0.8830123838181168,0.39912766619603635,0.44487546301107084,1,1,inf,inf,0,0,1,0,1,1,1,0,8421,2909,280,0,0,0,1,1,3999,3.7,27,1
3.3,10.889999999999999,0,0,3683,8.211754397375197,0,1,1,1,1,0,0,0,0,0,0,26.62,76.14,0.8169380211974694,0.026539947589546475,0.1258153246717959,0.27240744190645216,0.3297503027609747,0.18011423188707265,0.773814777799691,0.7707528594795342,0.2153615989565817,0.10969437533925819,0.558710045017445,0.6165574039508832,0.23194475135969816,0.14321326026653836,0.036340891644719875,0.9558744716795458,0.9260455693893639,1,1,inf,inf,0,0,0,1,0,1,1,0,993,3138,7,0,3,0,0,0,3683,3.3,14,0
4.6,21.159999999999997,0,0,1277,7.15305163493748,0,1,2,1,1,0,0,0,0,0,0,27.67,77.99,0.8876670052870688,0.9599027673135376,0.3536801120814258,0.23238400678527527,0.6030694850529179,0.8248577677038381,0.6730519347005803,0.04966571579040424,0.1344487010606641,0.1579731019411108,0.9891618174454966,0.18739526807722706,0.3516321823141595,0.03871111387441084,0.6415920308758032,0.19945832843866285,0.1316017124174188,1,1,inf,inf,0,0,1,0,0,0,0,0,8121,4785,52,1,3,0,0,0,1277,4.6,35,1
2.9,8.41,0,0,2410,7.787796878181171,0,1,2,1,1,0,1,0,0,0,0,27.66,76.14,0.674961202434188,0.7301518506257504,0.40505111235161906,0.6101013999210381,0.1173573757376124,0.4825107769667102,0.9648113713887155,0.7257182644369589,0.5199938200960166,0.13169440269767685,0.008001028519672437,0.14833688317672578,0.6572760924512263,0.18959632996770326,0.1411235284502459,0.6657361672395298,0.2057745552766984,1,1,inf,inf,0,0,0,1,0,0,1,1,7911,4512,50,1,1,0,0,0,2410,2.9,3,1
3.2,10.240000000000002,0,0,4833,8.483429561263428,0,1,2,1,1,0,0,0,0,0,0,27.55,77.89,0.8313818120791907,0.11339943737303626,0.831918868214614,0.6660531386478099,0.7863168692454289,0.41235111906318034,0.7612355062468772,0.014945231795271186,0.765334538664229,0.9089886998243105,0.12034399777701255,0.31833032718125476,0.37282008467660577,0.6964538291170631,0.22392053803117984,0.8918010917803522,0.7310178002105725,1,0,inf,inf,0,0,0,0,0,1,1,1,3965,4221,155,1,0,1,0,0,4833,3.2,31,0
3.5,12.25,0,0,1623,7.392647520721623,0,1,2,1,1,0,1,0,0,0,0,26.62,77.10000000000001,0.11400853260855837,0.979011945837435,0.13435070834843998,0.4705050953754324,0.07114965270029272,0.44798136395772514,0.48889386714599614,0.09560384261791322,0.5330421805520241,0.44608605591011674,0.8383284504657212,0.88372791917755,0.275715972437404,0.8555060774706723,0.7164704644106582,0.14747944725633355,0.02407688644078021,1,1,inf,inf,0,0,1,0,0,1,0,0,364,3004,228,1,1,1,0,0,1623,3.5,32,0
4.6,21.159999999999997,0,0,3935,8.277920258172143,0,1,2,1,1,0,0,0,1,0,0,26.61,76.94,0.945045364944949,0.7624502017754566,0.26135384720115995,0.9024856711236445,0.8548275509313747,0.6325039175254288,0.22923910771151046,0.727327132952319,0.6363784471540844,0.4589730194947286,0.34125571610781835,0.9154043376863431,0.09877394254315541,0.05152594835800428,0.7352532138551982,0.37499638824554715,0.5520548092570857,1,1,inf,inf,0,0,1,0,0,0,0,1,771,1298,121,0,0,0,1,1,3935,4.6,37,1
4.7,22.090000000000003,0,0,4265,8.358431899031295,0,1,4,0,1,0,0,0,0,0,0,27.490000000000002,75.62,0.5339595008917956,0.6712750370382999,0.9806431712413879,0.47180902960991467,0.06827516535577749,0.020353146456542293,0.6190032078735522,0.2022299385195394,0.24437846037015754,0.7179994600679019,0.5218257510870539,0.877476006326831,0.5869643851171935,0.9572723991380863,0.3002102755016125,0.6302187965296142,0.09567630811482486,1,1,inf,inf,0,0,0,1,0,0,0,1,982,4256,306,1,0,1,1,1,4265,4.7,49,0
3.1,9.610000000000001,0,0,2995,8.005033344637111,0,1,3,0,1,1,0,0,0,0,0,27.88,76.28,0.37676475287848377,0.5117281057904034,0.051270016162616616,0.32483137882015933,0.44346938770836297,0.6943969823009335,0.7975709393030029,0.9278760143959552,0.5611465922111462,0.8926723573792696,0.15649598622426253,0.16981416023400275,0.6157036061437048,0.8571093119498271,0.5605270059078801,0.7369389637033661,0.7836755734788752,1,1,inf,inf,0,0,1,1,1,1,0,0,6883,1849,44,1,0,0,0,1,2995,3.1,31,0
2.5,6.25,0,0,1790,7.490529402060711,0,1,4,0,1,0,0,0,1,0,0,27.92,75.04,0.4191322161632244,0.9587011142679629,0.034767840477190615,0.9973328869511034,0.9523035634398044,0.3235284861617568,0.8224151832432234,0.3084438756066432,0.9746040305404662,0.1409844449300398,0.02626210610078683,0.12110307817659893,0.456722866230581,0.9462242011532197,0.5567949461388976,0.3446360020366993,0.7242072181987876,1,1,inf,inf,0,0,1,1,1,1,0,0,750,2739,271,1,3,0,0,0,1790,2.5,22,0
4.9,24.010000000000005,0,1,3787,8.239593454305968,0,1,3,0,1,0,0,0,0,0,0,27.490000000000002,77.7,0.5528340279342117,0.30270894434436113,0.6417306097883955,0.8905154793975265,0.6718261901328703,0.3186748280121843,0.6723097016423177,0.19485937946036958,0.5099795199266087,0.32306251657290586,0.05760688711951634,0.05727709999623898,0.37035635077405593,0.6811607065892962,0.24881404042291844,0.9265099389482321,0.6901905268548076,1,0,inf,inf,0,0,1,0,1,1,1,0,701,2900,188,1,0,0,1,0,3787,4.9,1,1
5.0,25.0,0,1,3280,8.0959035329611,0,1,1,1,1,1,0,0,0,0,0,26.94,77.89,0.45088239209377234,0.3528556051570445,0.09147587701180415,0.9821332308056153,0.9830671567552565,0.6067451831563678,0.5524773780483435,0.6998357072928859,0.9684172261422576,0.4989619200285691,0.3956012035153633,0.7406846684286017,0.2360675108440501,0.5320600206747623,0.9465016734879438,0.03761371068638264,0.36388935320346394,1,0,inf,inf,0,0,0,0,0,0,1,0,6298,4082,56,1,1,1,0,0,3280,5.0,49,0
4.3,18.49,1,0,293,5.683579767338681,0,0,4,0,1,0,1,0,0,0,0,26.28,76.41,0.02651217997370503,0.7565719595116347,0.4427325190996274,0.2021695807860613,0.6641942439044901,0.7364425570560994,0.7040121149233926,0.007299497079388928,0.8724754875231677,0.5529836463126794,0.7151481623765008,0.516613711302526,0.4982407643491551,0.12853093015759898,0.7462753091753682,0.18325089151025487,0.7240462104746381,1,1,inf,inf,0,0,0,1,0,1,0,1,8255,367,224,1,3,1,1,1,293,4.3,29,0
3.6,12.96,0,0,2165,7.680637427560936,0,1,3,0,1,0,0,0,0,0,0,27.36,76.46000000000001,0.8602210400797111,0.7138304574177133,0.23681955614710093,0.08315993922885179,0.8226639203032634,0.047357982924518316,0.03076460284274063,0.1939781263149244,0.7206887296951909,0.9926480326176542,0.7946200537548135,0.08810190958552688,0.8363807600040877,0.8790357319143994,0.1292830409374539,0.28891511681939697,0.9393242437918864,1,0,inf,inf,0,0,0,0,1,0,0,1,9672,2301,3,1,1,1,1,0,2165,3.6,11,0
2.5,6.25,0,0,218,5.389071729816501,0,0,3,0,1,0,0,0,0,0,0,26.650000000000002,76.24,0.9218604548620977,0.2542245508459541,0.6445157252937248,0.10613127759431629,0.43017960783028164,0.9598144859745561,0.4516317128230696,0.945667515405462,0.31208975196865973,0.9958640359147043,0.027972028107572933,0.7453371409182096,0.43985471538770526,0.06266212867574894,0.09898414509095632,0.9057373291324486,0.9871542658071446,1,1,inf,inf,0,0,1,1,0,1,0,1,6051,3847,334,0,0,1,0,1,218,2.5,19,0
3.4,11.559999999999999,0,0,2360,7.766840537085513,0,1,4,0,1,0,0,0,0,0,0,26.2,77.12,0.2240240910635698,0.0860669094864045,0.9970091430781179,0.26295248988857856,0.6565493246354008,0.6138444673093968,0.6558325955957348,0.015426229886806087,0.24736453178012918,0.2714925053423609,0.5921272901730819,0.2644806488766054,0.7808185592531256,0.2044152861805868,0.8264766909889009,0.9108367738442699,0.6259414431855296,1,1,inf,inf,0,0,0,0,0,1,1,1,6117,4910,87,0,2,1,1,0,2360,3.4,11,1
3.0,9.0,0,0,4443,8.39931015075952,0,1,2,1,1,0,0,0,1,0,0,27.39,77.39,0.6840199617473032,0.283900698306756,0.4669111550462889,0.6735702553675146,0.07024386059550858,0.03618411155551615,0.7294293445687551,0.23449416950305058,0.009440464945779992,0.6608500139250598,0.896585316539652,0.6303302447346936,0.09668045951122417,0.08149973177429226,0.456098573286581,0.6848315824572085,0.35977791180124996,1,1,inf,inf,0,0,1,0,0,0,1,0,7303,1653,257,0,3,0,0,1,4443,3.0,13,0
4.9,24.010000000000005,0,1,2617,7.870165946469845,0,1,3,0,1,0,0,0,1,0,0,26.22,75.73,0.887602944404893,0.8666968249823862,0.7582262377866604,0.1497149240805734,0.22867771434975726,0.2935034459012281,0.33694305036742667,0.5477405815734705,0.4521134805121676,0.007099725946328017,0.9791529498728254,0.9421082585886064,0.7997495511522658,0.24088270555542657,0.5293471067634937,0.4373459650289373,0.7070924934383617,1,0,inf,inf,0,0,0,0,1,1,0,0,3279,4690,304,1,1,1,0,1,2617,4.9,46,1
2.6,6.760000000000001,0,0,2143,7.670428522190693,0,1,3,0,1,0,0,0,1,0,0,26.43,75.03,0.9679897200529622,0.13850542441313773,0.9409589514253553,0.6724755963728732,0.6664520755648677,0.9272766512561169,0.5629756065420163,0.825311451453849,0.26431722511269884,0.5604597960002061,0.13382425738995696,0.46197586755788245,0.771567973461899,0.30506710722287367,0.03573029007204964,0.9787307763329439,0.1063599647958613,1,1,inf,inf,0,0,0,1,0,0,0,1,107,3475,111,1,3,0,1,0,2143,2.6,6,1
2.8,7.839999999999999,0,0,2741,7.91644286012226,0,1,2,1,1,0,0,0,0,0,0,26.43,75.78,0.961966328771989,0.08148912250193918,0.12549006301555365,0.07902277286017845,0.4592612990146556,0.34277432999593427,0.5902218812425969,0.34208636977818696,0.9368695214239249,0.3632082782695205,0.48235542010656807,0.7712081779091228,0.08757456956385856,0.12528855152033347,0.20944217157022715,0.3640730194782026,0.27557972971570266,1,1,inf,inf,0,0,0,0,1,1,0,0,6963,2457,215,0,1,1,0,1,2741,2.8,33,0
3.0,9.0,0,0,4809,8.478452363099807,0,1,2,1,1,0,0,0,0,0,0,27.7,75.51,0.9293241952277649,0.6767401658841719,0.22321755976977764,0.3859720111810052,0.8669861093647587,0.9843900831748781,0.9902303849695988,0.4478205665435765,0.7806636226866185,0.5662189782458226,0.7221631138560191,0.15898280020718247,0.7171529599218862,0.4072405254216065,0.5989743588686871,0.8225120975571125,0.3001487376562012,1,1,inf,inf,0,0,0,0,0,0,1,1,6199,71,100,1,2,1,0,0,4809,3.0,48,1
3.8,14.44,0,0,4857,8.488382109562117,0,1,4,0,1,0,0,0,0,0,0,27.39,75.67,0.2863072398768963,0.1899354957858721,0.4371633420282157,0.8706370570540182,0.7679834310454691,0.5594096597369442,0.8555572836182216,0.31772670040018225,0.5209027701793648,0.8528822873383608,0.933959700305886,0.27882446452756326,0.9241902508237932,0.7277188485351398,0.3206206092735192,0.9460105439283107,0.7830388537732524,1,1,inf,inf,0,0,1,1,0,1,0,0,885,139,74,0,3,0,1,0,4857,3.8,23,1
4.2,17.64,1,0,3873,8.262042843966942,0,1,2,1,1,0,0,0,0,0,0,27.76,76.82000000000001,0.3138800914211639,0.963199002000292,0.7821324757631963,0.39026967266660706,0.9321766703259269,0.12805403812346383,0.5558208009303589,0.2789530131644363,0.8691359217303397,0.42717641520914396,0.02961519839466009,0.6425176013060633,0.9975081870569507,0.20830880680782282,0.9347468275819555,0.9848826850901424,0.31136464776204664,1,1,inf,inf,0,0,1,1,0,0,0,1,671,1373,259,0,3,1,0,1,3873,4.2,19,0
4.4,19.360000000000003,1,0,4185,8.339500903005945,0,1,2,1,1,0,0,0,0,0,0,26.66,75.65,0.07799841758122084,0.4739461199870171,0.7394922319651962,0.9551528211925279,0.6220547725527109,0.24977762138748072,0.46499020319332474,0.008789637326754085,0.517416870162657,0.25363174957511336,0.4667641356937192,0.8364877598461958,0.5427914102620349,0.8763771559971452,0.8255410169844299,0.9731617576276648,0.278748520126859,1,0,inf,inf,0,0,1,0,1,1,1,1,8959,4625,341,0,3,0,1,0,4185,4.4,7,0
3.8,14.44,0,0,4104,8.31996102188653,0,1,1,1,1,0,0,0,0,0,0,27.080000000000002,75.43,0.21541025309571837,0.4642503430357916,0.00892287435702388,0.31828303581885176,0.6723162214988915,0.6669657607951157,0.1623870954210882,0.8672486600733266,0.21331976145566423,0.8947053390232522,0.8965853661496009,0.10026787821172989,0.7735506892353616,0.46650984602345513,0.6371499014647278,0.608110197433031,0.3118966707131168,1,1,inf,inf,0,0,0,0,1,1,1,1,4014,3995,89,1,1,0,1,0,4104,3.8,32,1
3.4,11.559999999999999,0,0,4517,8.415824697027949,0,1,2,1,1,0,0,0,0,0,0,26.04,76.53,0.24855188363050884,0.06993349250391512,0.7299619201172877,0.9732279559011329,0.41743393515654326,0.2330970328980677,0.8604236399854702,0.15395838348869173,0.5233109407559664,0.44110630667223094,0.8542894083044444,0.9166696146940758,0.7854479911656479,0.9413215089004241,0.0016659552869591199,0.33528903138099886,0.8748438889592988,1,1,inf,inf,0,0,1,1,1,0,1,1,5679,385,309,1,0,0,0,0,4517,3.4,21,0
4.5,20.25,1,0,4506,8.413387022690648,0,1,3,0,1,1,0,0,0,0,0,26.86,78.0,0.7897513477190516,0.09347497847641806,0.965174603299742,0.09016894135603803,0.5106952720174772,0.1389500322663203,0.46484634519593326,0.13811220074851127,0.22006263385735603,0.8133147647172927,0.407077695095444,0.4397451194094847,0.8712615120408808,0.7591766719936686,0.6096435526307205,0.20171527054078076,0.7687841304766736,1,1,inf,inf,0,0,0,1,1,1,1,0,2861,297,100,1,2,1,1,0,4506,4.5,38,0
4.9,24.010000000000005,0,1,193,5.267858159063328,1,0,4,0,1,0,0,0,0,0,0,26.810000000000002,77.94,0.6388910863148725,0.12619521479106444,0.12750953694660694,0.8720404951756571,0.27796760499954176,0.16837112780482588,0.011346934177287049,0.7397722630097694,0.13905869238721347,0.131221327637853,0.8913051420164343,0.6707795994778329,0.8236720388008157,0.41899975128123546,0.3890131652904568,0.3835114768798029,0.5106996959506438,1,1,inf,inf,0,0,1,1,1,0,0,1,4847,4722,328,0,2,0,1,0,193,4.9,22,0
4.5,20.25,1,0,1099,7.003065458786462,0,1,3,0,1,0,0,0,0,0,0,26.580000000000002,77.22,0.7845791587707988,0.7467102681127413,0.10842080428642897,0.5321815576098731,0.37571013217811167,0.72684316330642,0.9198016672027618,0.48039992654464947,0.25729013178592863,0.3765257443445251,0.840991269194604,0.3418101476415677,0.7129146461815157,0.31986646897497595,0.49814776289693796,0.1786016056645574,0.009251433202368098,1,0,inf,inf,0,0,0,0,0,0,1,1,1678,1372,128,0,2,1,0,1,1099,4.5,28,1
3.9,15.209999999999999,0,0,4149,8.330863613224745,0,1,3,0,1,0,0,0,0,0,0,26.66,76.17,0.6293213749902955,0.9192094999582671,0.46576156161564786,0.661774947385715,0.5941699903839791,0.28001074789495917,0.26170732675442676,0.49743518631557704,0.19537134679367074,0.7190507484253603,0.11342025885634188,0.5104062529933397,0.5377592342484195,0.04318844281245571,0.14104393586525743,0.8238924577661637,0.24440242778169485,1,1,inf,inf,0,0,1,0,0,1,1,0,5190,4171,306,1,1,1,0,1,4149,3.9,3,0
3.4,11.559999999999999,0,0,2393,7.780720886117918,0,1,3,0,1,0,0,0,0,0,0,27.12,77.17,0.6548602824402835,0.09909388671252717,0.8963852602714684,0.7340453626422836,0.5071603646504109,0.0072964652073737035,0.29780805065334315,0.014595570078088316,0.48336157086745324,0.5350393071376645,0.9860345443676425,0.9193289431646333,0.327656457526344,0.18611666574947172,0.9146017405748406,0.014181601911555042,0.4282063434192026,1,1,inf,inf,0,0,0,1,0,0,0,0,6776,1122,152,0,3,0,1,1,2393,3.4,32,1
4.5,20.25,1,0,899,6.802394763324311,0,0,3,0,1,0,0,0,0,0,0,27.39,76.08,0.9636622881501063,0.866512299381555,0.3287664668776691,0.9894282555564908,0.9121694724197336,0.8596066322530093,0.5890094313245336,0.6550788291868338,0.9955049402924082,0.671746281001781,0.4004608872830462,0.4957859301537686,0.9982511071615197,0.9948855653667918,0.9642533866747326,0.1667088431231618,0.603532243805008,1,0,inf,inf,0,0,1,0,1,0,1,0,5747,1340,167,0,3,1,1,1,899,4.5,30,1
4.1,16.81,1,0,4740,8.464003362902119,0,1,4,0,1,0,0,1,0,0,0,27.51,75.75,0.6514864621267241,0.6039717535566795,0.9728617622966098,0.8869343711862061,0.08597234675487664,0.0368618044840342,0.865271851217425,0.5478768506275091,0.03181913399950387,0.48646335964387155,0.16548817181930087,0.7507837978070447,0.4041284484805875,0.9260210684346453,0.027706956914915648,0.9339861533550193,0.40798865657983363,1,0,inf,inf,0,0,1,0,0,0,1,1,4479,4566,94,1,2,1,1,1,4740,4.1,24,0
2.7,7.290000000000001,0,0,400,5.993961427306569,0,0,1,1,1,0,1,0,0,0,0,26.560000000000002,76.59,0.6329555105056919,0.7770642901781162,0.29606088843676504,0.868991845417101,0.2380861448673749,0.404861082591642,0.8497101159241992,0.4307365650584293,0.2683754540667018,0.2640185773943312,0.7368413535120262,0.06914096810708181,0.24815158003532,0.936486165939174,0.4930211121353071,0.4257457999666925,0.25098693546097406,1,1,inf,inf,0,0,0,1,0,1,1,0,4570,4403,72,0,2,1,0,0,400,2.7,34,0
2.7,7.290000000000001,0,0,2756,7.921898411023797,0,1,1,1,1,0,1,0,0,0,0,26.900000000000002,75.95,0.2555569301534646,0.10144043448769968,0.9673797549057126,0.5903272724605941,0.019333998055364288,0.36390782960632695,0.9891792425016301,0.3561302856080092,0.609944996363341,0.5905595896497748,0.9391108916963075,0.6162457637324336,0.5750884822476503,0.7451503354654451,0.08731967236146732,0.4828553620426186,0.30877918722274,1,1,inf,inf,0,0,0,0,0,1,1,0,8218,2056,104,1,3,1,0,1,2756,2.7,14,1
2.8,7.839999999999999,0,0,606,6.408528791059498,0,0,3,0,1,0,0,0,0,0,0,27.94,76.54,0.2949362938638478,0.4558177575853182,0.5873056128747016,0.9740699662085954,0.6314306974131513,0.4390573198708724,0.09531566129045488,0.1585778751006376,0.10354570218648917,0.3683010884300433,0.7826735625336382,0.7432772214550507,0.5546315394871566,0.9142040599183406,0.3442441937365912,0.38328698749088563,0.8636181439632092,1,1,inf,inf,0,0,1,1,1,1,1,0,2735,1829,209,0,3,1,1,0,606,2.8,3,0
4.1,16.81,1,0,3114,8.043984431221553,0,1,4,0,1,1,0,0,0,0,0,26.55,75.19,0.9753699732482937,0.40346006424143943,0.6944460828233898,0.7155493985803979,0.7583966210801049,0.850517354735906,0.9115059386211561,0.3162847429894601,0.9367868057711333,0.5493728393307654,0.894802242241579,0.5745527012698973,0.41044654506858713,0.49082969913139274,0.04790334738120594,0.5765853410917139,0.025441670012591677,1,1,inf,inf,0,0,0,0,0,1,0,0,948,1155,331,0,3,0,1,0,3114,4.1,44,0
3.8,14.44,0,0,1878,7.538494999413465,0,1,4,0,1,0,0,0,0,0,0,26.48,76.10000000000001,0.044523986056730136,0.5470530724811861,0.5360388051388797,0.5441900444905282,0.37028240522185407,0.4891627397313595,0.09055516792239493,0.9046447617268427,0.34540494608657746,0.22492596274490628,0.9681568238687183,0.4783256052527578,0.696910243791214,0.4588539663484409,0.9424671987032388,0.8215504269730916,0.14257569190271202,1,0,inf,inf,0,0,1,0,0,1,0,0,9600,1628,246,1,3,0,1,1,1878,3.8,48,1
4.4,19.360000000000003,1,0,1993,7.597897950521784,0,1,3,0,1,0,0,0,0,0,0,27.34,76.76,0.6138737323137303,0.09589194026748193,0.6691878376032894,0.3159996899283215,0.9073968381357315,0.876779868373872,0.8025921900674005,0.35375150133337185,0.4436862462219099,0.7561570701461393,0.5378810263149585,0.6344234881345753,0.5635743919908727,0.3914158569254772,0.5437214593688017,0.23986553509547626,0.6318594997053099,1,1,inf,inf,0,0,0,0,0,0,0,0,5443,2350,86,1,1,1,1,0,1993,4.4,4,1
4.2,17.64,1,0,3732,8.224967478914584,0,1,3,0,1,0,0,0,1,0,0,26.29,77.91,0.9541120624779288,0.36666540110943624,0.5228295086478947,0.09199492942570142,0.48163724557282206,0.32055673494009185,0.36705083380301917,0.322291173686571,0.13598022477291538,0.8290508206535276,0.056986765136352036,0.2014689498692791,0.39735377082842316,0.10337892415397287,0.08703115812127415,0.4800445257516105,0.7035183700735508,1,1,inf,inf,0,0,0,1,0,1,1,0,9101,1522,240,0,0,1,0,1,3732,4.2,43,0
3.4,11.559999999999999,0,0,1379,7.22983877815125,0,1,3,0,1,0,1,0,0,0,0,27.71,77.92,0.029287057534688632,0.04774920008894701,0.415130587940288,0.7613344861083474,0.5155622709994657,0.3871623562139569,0.5210879676665491,0.513182783314959,0.7778375695254416,0.4521475736939701,0.9461255533596981,0.546203722454378,0.07649252977346299,0.1926253788615666,0.39057623631509075,0.625938840614082,0.13590611964275323,1,1,inf,inf,0,0,0,0,1,1,0,1,1579,2852,154,1,2,1,0,0,1379,3.4,39,0
3.0,9.0,0,0,1946,7.5740450053721995,0,1,3,0,1,1,0,0,0,0,0,27.64,75.71000000000001,0.013482787191532952,0.9116610678473038,0.7491346571788254,0.2955743577073505,0.7117161588703218,0.8978436444109971,0.4368368304878907,0.5688680547165075,0.7702790270904981,0.3755959419206988,0.3618915424758552,0.7824438539505105,0.1291892883197613,0.7677919308363358,0.18209619592043824,0.06271950494415046,0.5957104668333487,1,1,inf,inf,0,0,1,1,0,0,0,1,4367,3333,155,1,2,0,1,0,1946,3.0,1,1
3.9,15.209999999999999,0,0,1831,7.513163545234075,0,1,3,0,1,0,0,0,0,0,0,26.19,77.07000000000001,0.16300726471302895,0.11611956619527986,0.3946830959261376,0.08430693689200386,0.18042279074733358,0.8371851332407896,0.2430765409298853,0.03493610099367961,0.15481892754248727,0.060824680318541935,0.2642117417492593,0.4872961231990245,0.9964005018009261,0.4601341673808823,0.7532193888357382,0.5491012416314218,0.27249634133258893,1,1,inf,inf,0,0,1,0,1,0,0,1,4610,2910,294,1,3,0,0,1,1831,3.9,16,1
4.4,19.360000000000003,1,0,1319,7.1853870155804165,0,1,3,0,1,0,0,0,0,0,0,26.26,76.57000000000001,0.41092993028348834,0.12303794502366017,0.7292856820965972,0.13925489180181094,0.6992677886012059,0.2739546771453225,0.5211588678794724,0.04003635811693873,0.4509458311699087,0.0013120920589566598,0.7730840464621819,0.44174454159827103,0.04654490695165037,0.9255049057397093,0.0693177084055644,0.09394464788884238,0.014534100452783694,1,0,inf,inf,0,0,0,1,1,0,1,1,7058,1920,49,1,1,1,0,1,1319,4.4,29,0
3.0,9.0,0,0,2275,7.730174795246222,0,1,4,0,1,0,0,0,0,0,0,26.6,75.96000000000001,0.6331408835964027,0.017001443810612415,0.5629528707828313,0.4477009402717025,0.3710911108998828,0.7974384820180571,0.06412121308066077,0.5098453560881897,0.4028140997359829,0.14716013918000448,0.7968818472723632,0.5289270517230771,0.5061173089880707,0.08892261030682391,0.6284819427856951,0.9374654537971671,0.3588055785605043,1,1,inf,inf,0,0,1,0,1,0,0,1,3696,4778,349,0,0,0,0,1,2275,3.0,46,0
3.4,11.559999999999999,0,0,2580,7.855932199718614,0,1,3,0,1,0,0,0,0,0,0,26.02,77.76,0.6325163449397772,0.5731159064326461,0.9241921102100044,0.1497601243533475,0.8771201778584424,0.09767217727072453,0.6223603752403208,0.428235266333717,0.8978052058477116,0.9407519640631796,0.006752052517561058,0.940083784872031,0.7060082669406414,0.9021136663065668,0.9402180495296018,0.7865749714301349,0.0566857376614357,1,1,inf,inf,0,0,0,1,1,0,0,1,9441,4043,128,0,0,0,1,1,2580,3.4,21,1
4.5,20.25,1,0,4265,8.358431899031295,0,1,3,0,1,1,0,0,0,0,0,27.72,77.73,0.4412832386150176,0.6627320151739143,0.9679663978608866,0.055406175778884625,0.9172753405224185,0.6294623322865109,0.5596909293088127,0.009576255089543406,0.5674322538846343,0.15735078286282078,0.47461094601863396,0.7319276900658551,0.576304021033294,0.38917860475243626,0.5469777966142036,0.6984246302242342,0.7200423510260728,1,0,inf,inf,0,0,0,0,0,1,0,0,5934,3159,35,0,1,1,1,0,4265,4.5,0,1
4.5,20.25,1,0,4508,8.413830678421084,0,1,2,1,1,0,0,0,0,0,0,27.45,76.23,0.6422244490909637,0.28090506407305404,0.14495484524840596,0.21068987748852952,0.6602948976217328,0.4647024082544484,0.17249384751839925,0.22160486805432744,0.552393430783464,0.8972917303275053,0.43767817133411546,0.20879377625457984,0.22904141780333964,0.5295665184018522,0.8582507290220811,0.4130558252849178,0.34545812297915857,1,0,inf,inf,0,0,1,1,0,1,1,1,768,657,86,1,2,1,1,0,4508,4.5,19,1
2.7,7.290000000000001,0,0,2892,7.970049304976135,0,1,3,0,1,0,0,0,0,0,0,26.35,75.86,0.11079677227138718,0.18103607654118536,0.5013329413776672,0.35696471826090415,0.3331741900934918,0.6262762451179151,0.7591058329875116,0.20587942323694453,0.7342007804346777,0.974509485259915,0.8676039081574796,0.5513292030648531,0.6965028086802607,0.9931276123067407,0.8641778673606044,0.7976860815002176,0.702426228844695,1,0,inf,inf,0,0,1,1,0,1,1,1,1311,4533,361,0,3,1,1,0,2892,2.7,24,0
4.7,22.090000000000003,0,0,3670,8.208219383496834,0,1,1,1,1,0,0,0,0,0,0,26.29,75.51,0.07310322523781365,0.4177129411443089,0.26734149913220817,0.06472150137308919,0.9921050352949359,0.917109364526864,0.5942264646357592,0.3576685120628629,0.8833395306631143,0.27128645428447495,0.8599961891650945,0.32890093875614235,0.42419051998660406,0.10468424383072461,0.2447277233896611,0.8727991449205807,0.690610686911152,1,0,inf,inf,0,0,0,1,0,1,1,0,7068,2718,93,0,0,1,0,1,3670,4.7,36,0
2.9,8.41,0,0,3707,8.218247926685745,0,1,1,1,1,0,0,0,0,0,0,27.22,75.85000000000001,0.714755653438911,0.5726153202525731,0.5865642299417007,0.7140180440308587,0.9734439349723537,0.3961700783812724,0.28252079916604644,0.4995725833599488,0.3162579132936234,0.769222817915641,0.27024130449951067,0.4662602902773999,0.780092902676107,0.43111977934471035,0.4486611968440153,0.6132638197534299,0.8152022582067087,1,0,inf,inf,0,0,1,0,1,1,1,1,3357,4873,347,0,0,0,1,1,3707,2.9,37,0
3.5,12.25,0,0,4763,8.46884293047519,0,1,4,0,1,0,1,0,0,0,0,26.55,77.3,0.8626382292062357,0.4853841428098413,0.5391034136936186,0.2907871094957003,0.5786907116401655,0.5554164577249611,0.6400741656304944,0.43959575151994124,0.0469991424945706,0.9386464120372303,0.20153639512407984,0.7863338428457287,0.8668848240516888,0.06420562447530476,0.12929075433065096,0.26504934671622493,0.5912482670901826,1,0,inf,inf,0,0,0,1,0,1,1,1,4811,78,167,1,3,1,0,1,4763,3.5,33,1
3.2,10.240000000000002,0,0,209,5.3471075307174685,0,0,1,1,1,0,0,0,0,0,0,26.080000000000002,77.04,0.06954547988546667,0.9148461685357627,0.5802388875215673,0.837027809859404,0.09648068871083015,0.37762980246410827,0.359362281217104,0.5115320376543886,0.3740353108755715,0.6130921210160607,0.19949869704628276,0.9999078339802581,0.9709189105689577,0.03321603922290761,0.8503122306703765,0.6402626643819351,0.2644132558633614,1,1,inf,inf,0,0,1,0,1,1,0,1,9684,3656,244,0,1,0,1,0,209,3.2,41,1
3.5,12.25,0,0,73,4.30406509320417,1,0,4,0,1,0,0,0,0,0,0,27.16,77.53,0.806242122266244,0.44211133702780436,0.641067325244541,0.0015062023018643789,0.7270242281401312,0.04807402239898717,0.04068571057651449,0.4830555373725113,0.49411739886276784,0.9020493969034221,0.41917813142068394,0.2210741759285576,0.7454097872125264,0.4736062715286251,0.1909328326994605,0.9794056166519086,0.42723501987749335,1,1,inf,inf,0,0,0,0,1,1,1,1,4748,3236,239,0,0,1,1,0,73,3.5,7,0
4.4,19.360000000000003,1,0,4954,8.508152446764088,0,1,1,1,1,0,0,0,0,0,0,27.45,76.4,0.8568420698712851,0.01057055307586352,0.589520226389676,0.4484345761998588,0.4379679794072878,0.2688896387830878,0.10216461683425448,0.9047765733351648,0.8783070612818793,0.700801995788885,0.22429939432050994,0.9106890828990092,0.029957519012614675,0.024419467811174878,0.5226234760117388,0.098212296076851,0.2681768265395905,1,1,inf,inf,0,0,1,1,1,1,0,0,6010,1554,87,1,3,0,1,0,4954,4.4,5,0
4.0,16.0,1,0,2124,7.661527081358517,0,1,1,1,1,0,1,0,0,0,0,26.62,76.4,0.8051359474766994,0.5701938504600652,0.7727660656651116,0.16057828940094476,0.8053495630314113,0.366822173877026,0.07711019289718679,0.30171710235289795,0.11269037437040352,0.5477653826638371,0.2385864173893778,0.09763784560004785,0.426846321886164,0.33510270656947516,0.8876912500861693,0.9465291018272072,0.6657150513114084,1,1,inf,inf,0,0,1,0,1,0,0,1,1661,1379,239,1,3,0,1,1,2124,4.0,47,0
4.9,24.010000000000005,0,1,3270,8.092851027538384,0,1,1,1,1,0,0,1,0,0,0,26.17,77.45,0.12449372200197273,0.3514616231801315,0.05712416396474451,0.11728670276435682,0.12407457287326928,0.35663973593203435,0.6166741534674892,0.5018001456340282,0.2904992743494773,0.3567043758749816,0.9488710908483421,0.8958073507113345,0.7267341836608375,0.6190193446823915,0.39147921410895503,0.14367645951828412,0.9650355425851463,1,1,inf,inf,0,0,1,0,1,1,0,1,6496,2352,200,0,1,0,0,0,3270,4.9,17,1
3.3,10.889999999999999,0,0,4356,8.379539026117442,0,1,4,0,1,0,0,0,0,0,0,26.7,76.97,0.9850540493351987,0.5818278573964522,0.22744453408796517,0.9519591671288413,0.5783028389535908,0.686893663985618,0.041153825742149985,0.7754172012744708,0.6545161640883587,0.33073790215720056,0.11052045519554266,0.3329122313551456,0.5297896122520941,0.3266252786662952,0.8768882034548641,0.8914560229431923,0.24164934923644188,1,1,inf,inf,0,0,1,0,1,0,1,0,8543,1448,81,1,0,1,0,0,4356,3.3,18,0
3.6,12.96,0,0,3947,8.280964400553373,0,1,3,0,1,1,0,0,0,0,0,26.310000000000002,77.89,0.7195510708178597,0.34389180660498364,0.32039618508878165,0.8482475487362899,0.22312531669166724,0.9438507866505182,0.856158030226274,0.3084642692686922,0.12626230476991995,0.3345064022086657,0.777605456912025,0.0288388874851655,0.6343666006778788,0.19018449569096307,0.7564235744180866,0.3982341939023658,0.7370874418844511,1,1,inf,inf,0,0,0,0,1,0,0,1,3623,2274,233,0,3,1,1,0,3947,3.6,30,1
4.2,17.64,1,0,121,4.804021044733257,1,0,1,1,1,0,1,0,0,0,0,27.16,77.0,0.09886482469860025,0.37239623772139585,0.8755084863462107,0.6163779028705215,0.12379851771489558,0.020185400978990353,0.3966950391298172,0.42369092453872137,0.8595211584896055,0.5355223822385214,0.2911081408608084,0.7061453594187688,0.17879980398562856,0.3140232143503937,0.28543773815294626,0.4471598924319493,0.40177485136839297,1,0,inf,inf,0,0,0,1,0,1,1,0,1407,1644,57,1,2,1,1,1,121,4.2,11,1
4.1,16.81,1,0,3827,8.250097752572845,0,1,1,1,1,0,0,0,0,0,0,27.98,75.02,0.33684495342336285,0.8151355624100475,0.9718621451182445,0.08331999551561753,0.8069550738601441,0.6547531657963775,0.2198066476579591,0.712144621964341,0.7452271701835452,0.9008927969407019,0.7201905440225707,0.4011323853762816,0.34162343615969704,0.8900435677567325,0.33411058908872115,0.6509361092703627,0.3727756095792151,1,1,inf,inf,0,0,1,1,0,1,0,0,7955,1434,264,0,1,0,1,1,3827,4.1,10,1
4.8,23.04,0,1,4064,8.310169021981912,0,1,4,0,1,0,0,0,1,0,0,27.54,76.93,0.8466236784048242,0.28595262753336315,0.7085248296086345,0.41154197708102624,0.7660108379456027,0.2370318640162189,0.6121462436281285,0.795559454466015,0.17798034077133273,0.35398814949587754,0.6964236807844224,0.012097988396651771,0.5736515695775217,0.7791988919775961,0.9859668813286009,0.09135639849257926,0.4825283773942213,1,1,inf,inf,0,0,1,0,0,0,1,0,9538,4890,33,1,1,0,1,1,4064,4.8,15,0
3.4,11.559999999999999,0,0,312,5.746203190540153,0,0,1,1,1,1,0,0,0,0,0,27.13,76.58,0.8053963401766948,0.9431507981161934,0.3887926407780091,0.1598843726476934,0.6143264998530279,0.1230850994751943,0.31831246714214645,0.8542724992586982,0.12751797691671074,0.18693231901182672,0.9996454571539002,0.8758673135661966,0.8781150208308756,0.8335205415744575,0.8038938695921352,0.6145207329631598,0.5484425307544529,1,1,inf,inf,0,0,1,1,0,0,1,0,4390,855,21,0,2,0,0,1,312,3.4,1,1
4.2,17.64,1,0,1493,7.309212365692763,0,1,3,0,1,0,0,0,0,0,0,27.68,76.97,0.1534481499665581,0.3571426215842739,0.8236745895199759,0.7121982609002182,0.5292973337583934,0.6920225103054051,0.3002476527317893,0.8784838690919101,0.8568716258203621,0.20400229866471142,0.5885369648906916,0.8902470059985497,0.7487986869174199,0.39679794981155325,0.462462421308374,0.36828825066069026,0.004239462526394622,1,1,inf,inf,0,0,0,1,0,0,1,0,1766,3989,125,1,3,1,0,1,1493,4.2,4,0
3.0,9.0,0,0,4009,8.296546520300614,0,1,4,0,1,1,0,0,0,0,0,26.37,76.78,0.23546450083709614,0.6508930914051437,0.5101778837561777,0.7051409663440636,0.23031466206022,0.4148306186390046,0.490213432145151,0.8983690149899126,0.019893028038243443,0.3075534050415152,0.24959703096244368,0.9732415390658079,0.6455945336763781,0.8585352157950652,0.38865237968225685,0.8705160501678779,0.6616173699425985,1,1,inf,inf,0,0,1,1,1,1,1,0,268,2471,45,1,2,0,1,1,4009,3.0,26,0
3.5,12.25,0,0,1221,7.108244139731541,0,1,2,1,1,0,0,0,0,0,0,27.060000000000002,76.61,0.5994126883942534,0.704003474532205,0.9071881077719456,0.5149552182914955,0.6812750534836459,0.30154253204732295,0.852884545043002,0.529809249692361,0.27958523255203394,0.19892520643327094,0.47506348388290787,0.043534819773846545,0.8675951855598545,0.762157453210226,0.8108430867403109,0.9020900321996839,0.6548656812843092,1,1,inf,inf,0,0,0,1,1,1,0,1,1057,658,303,1,1,0,0,1,1221,3.5,31,0
4.5,20.25,1,0,3896,8.26796230533871,0,1,1,1,1,0,0,0,0,0,0,27.64,76.36,0.975667742241923,0.8979138068838676,0.6845782055827889,0.4134248948892988,0.8021752844533878,0.5084465158431177,0.23544851549081458,0.8662638702230822,0.21145234192147622,0.6771480853297102,0.539003935337639,0.2524835822518685,0.9127410430952404,0.6726129765735407,0.05924343742137039,0.51450964141623,0.0543059556731782,1,1,inf,inf,0,0,0,0,1,0,1,1,6165,1131,149,0,2,1,0,1,3896,4.5,2,0
3.5,12.25,0,0,4272,8.360071435644025,0,1,4,0,1,0,0,1,0,0,0,26.66,75.0,0.4436985965618112,0.36527414935674407,0.04827569246404495,0.5156073260904542,0.08371695298792559,0.7578710741995102,0.02535563426431342,0.21420216918782997,0.4687421288629877,0.471569468737455,0.9485869064406559,0.154995425516105,0.9567321213344588,0.18079448368136886,0.3544899363440902,0.5549245158215849,0.674243189191905,1,0,inf,inf,0,0,1,1,0,1,0,1,1033,1355,34,0,2,0,1,1,4272,3.5,33,1
2.7,7.290000000000001,0,0,1004,6.912742820493176,0,1,3,0,1,0,0,0,0,0,0,26.7,76.38,0.8369937148130812,0.10892668848854825,0.8268582811063468,0.8259437416066896,0.1917331818259892,0.9795827375383535,0.36746414726209586,0.03980862392648188,0.8998002811807094,0.15605391027024484,0.7434430329557087,0.16565917630844218,0.5533988298343809,0.15735279397405533,0.568360155816264,0.9899272198771969,0.7904745492026422,1,0,inf,inf,0,0,1,0,0,1,0,1,8695,2152,4,0,0,0,1,1,1004,2.7,32,0
2.9,8.41,0,0,1038,6.946013991099227,0,1,2,1,1,0,0,0,0,0,0,27.41,76.77,0.19861905453748108,0.775535419999319,0.9688065119820336,0.665790689506755,0.955248084474108,0.04519344575282025,0.11800044214030203,0.9295854819390628,0.05216576962367292,0.5339050791904704,0.30307299903447993,0.840781915518853,0.0506156973034827,0.23120195439819258,0.31240058416616523,0.5232514345257799,0.7701873736083993,1,1,inf,inf,0,0,1,0,1,0,1,1,2648,341,154,1,1,0,0,0,1038,2.9,17,0
2.7,7.290000000000001,0,0,1842,7.519149957669823,0,1,4,0,1,0,0,0,0,0,0,26.79,77.9,0.8633035442265498,0.5131199751279767,0.7064470479272935,0.3673463542150901,0.3392873309297534,0.39094765640243745,0.7283688260647397,0.21115234489333357,0.654527946501059,0.6270768868124375,0.7411567477446271,0.2892899207546563,0.11212554729419633,0.38130472573017526,0.7641401699664223,0.4516303352479336,0.023359595552117307,1,1,inf,inf,0,0,0,1,1,1,0,1,4359,2127,208,1,3,1,0,0,1842,2.7,21,1
3.5,12.25,0,0,912,6.816735880594968,0,0,1,1,1,0,1,0,0,0,0,27.38,76.51,0.4255661070910266,0.5329576733559932,0.532741551105699,0.3395756718827534,0.5343305193288282,0.7267291672858794,0.7026241083762199,0.49913829162341405,0.9770764186752335,0.24313099833348584,0.5451326015687753,0.24437671240022185,0.3770693400308951,0.48519075623009145,0.7997027099247909,0.8628696382583172,0.3967585113131793,1,0,inf,inf,0,0,1,1,1,0,0,1,926,2440,171,1,1,0,0,0,912,3.5,30,1
3.4,11.559999999999999,0,0,2927,7.982074875081202,0,1,3,0,1,0,0,1,0,0,0,26.1,77.9,0.46034617027563896,0.9547896276697845,0.9587644866240037,0.720585006841894,0.741557167840267,0.765000140534564,0.3734720914520322,0.9428501347077086,0.587864714793103,0.095066802246349,0.014604310081180683,0.49401449153960353,0.09726962193675748,0.07119261271440114,0.4960769426494127,0.43089001568429086,0.08528798815460448,1,1,inf,inf,0,0,1,1,1,1,0,1,6320,2865,192,1,2,1,1,0,2927,3.4,44,1
4.6,21.159999999999997,0,0,4190,8.340694647925071,0,1,3,0,1,0,1,0,0,0,0,26.21,76.91,0.856709088588963,0.6966429402098698,0.8508897972089701,0.9940978311138023,0.8003518020542012,0.2781401983538626,0.32472054485703183,0.33853816657957836,0.7224704765719374,0.31567822889310904,0.9372131636604897,0.2300091062563674,0.3609748085054464,0.2066309690706588,0.3858424585753243,0.5951763768342541,0.15145357929906578,1,1,inf,inf,0,0,1,1,0,0,0,0,6041,1208,256,1,3,1,0,0,4190,4.6,19,0
3.0,9.0,0,0,4404,8.39049553837028,0,1,2,1,1,0,0,0,1,0,0,27.41,76.7,0.2193406075683425,0.38411792204926876,0.43081961693096293,0.3408521833944611,0.327772916758192,0.9460347875140284,0.1131359361300125,0.2958597532560092,0.6158073049592245,0.9934912282982478,0.08840504232327784,0.8652096101380492,0.12867565735939435,0.010770224851457733,0.17396157666930812,0.36151646868647647,0.3860313265533927,1,1,inf,inf,0,0,1,0,1,1,1,0,326,4943,129,1,3,1,1,0,4404,3.0,28,0
3.9,15.209999999999999,0,0,1840,7.518064181233078,0,1,2,1,1,0,0,0,1,0,0,26.57,75.81,0.8948183817937264,0.49800763818702476,0.07069073703681794,0.10271197763515683,0.556609836856787,0.9918575834818361,0.3560285951053246,0.6880867280493688,0.7786026062664078,0.4793356820562532,0.9370573010061103,0.3357621537074277,0.9432804227737411,0.22547454083343899,0.9364479416404907,0.5235458267299306,0.2107586275322446,1,1,inf,inf,0,0,0,1,1,0,0,0,4126,1682,56,0,1,1,1,1,1840,3.9,30,0
3.3,10.889999999999999,0,0,4277,8.361240889642351,0,1,4,0,1,0,0,0,0,0,0,26.990000000000002,76.26,0.4066820389147564,0.6883034663909071,0.9224044075243724,0.23731840832797546,0.10792873946298798,0.493102769461813,0.37264201557097787,0.4652199279750979,0.9151990769310774,0.6807560094755728,0.8800944568456812,0.6006671631169912,0.9926648480866309,0.6197907325642315,0.7317278550452605,0.9816179014372921,0.4239396998119638,1,1,inf,inf,0,0,1,1,1,0,1,1,7733,4707,61,1,0,1,1,1,4277,3.3,6,0
4.2,17.64,1,0,1598,7.377133712833954,0,1,2,1,1,1,0,0,0,0,0,26.14,77.38,0.9341167860044322,0.9590166815862362,0.19260501630447568,0.4115377189201451,0.2604250053472221,0.29716076156913585,0.16220711788277953,0.5626687499980472,0.46346982443528206,0.5054306028189794,0.1861307102608163,0.27659864418630653,0.5789542611004858,0.6749012760149009,0.4221629077421434,0.3761125587527244,0.21124433312928603,1,1,inf,inf,0,0,1,0,1,0,0,1,931,4424,5,1,1,0,1,1,1598,4.2,32,0
4.3,18.49,1,0,1884,7.541683099882111,0,1,1,1,1,0,0,0,0,0,0,27.22,77.01,0.4076864502815576,0.28080372264119613,0.9264817508222115,0.5707455417967336,0.32169952523276135,0.584909924355371,0.7433774390656965,0.10475133649902046,0.5199703881459555,0.6320265173952295,0.5271679004228875,0.14829146150730732,0.13760120277142307,0.9274143581711451,0.7966973194525552,0.9916360779931737,0.3397796950846307,1,1,inf,inf,0,0,1,0,0,0,1,1,1800,1363,109,0,2,0,1,0,1884,4.3,0,0
4.2,17.64,1,0,75,4.330733340286331,1,0,2,1,1,0,0,1,0,0,0,27.48,76.62,0.9313710483492137,0.33469397036416315,0.14135262348430577,0.41701853299173675,0.8569862511779602,0.543352048175484,0.795491557401031,0.877085327517352,0.5428272540406157,0.7986494297157617,0.974409496424849,0.8035510734824757,0.11728503803666024,0.14973533665303362,0.9512173882336442,0.22827722866047429,0.8653563520035831,1,1,inf,inf,0,0,1,0,0,0,0,0,3748,156,342,0,3,1,0,1,75,4.2,17,0
4.0,16.0,1,0,754,6.626717749249025,0,0,4,0,1,0,0,0,0,0,0,27.53,75.99,0.9929534042022642,0.8114488562399977,0.309773814292823,0.732524780167416,0.7383402298879032,0.7895878442232726,0.4487771229045858,0.8456595204813198,0.4607622842267681,0.12483446437841683,0.883388337318412,0.1794669931532592,0.7055704194498671,0.269503642975507,0.7206858756967232,0.8689569339730471,0.9545047108585892,1,0,inf,inf,0,0,0,1,1,1,0,0,414,4890,316,1,0,0,1,0,754,4.0,42,1
3.9,15.209999999999999,0,0,4457,8.402455513945814,0,1,2,1,1,1,0,0,0,0,0,27.23,77.71000000000001,0.5212568619292,0.38800925064850367,0.4982607298824506,0.20199932720319547,0.11760817507354704,0.031950953273483296,0.9284057857919429,0.055708516914166784,0.8032578185266162,0.7299779824076085,0.46685000605545723,0.17229313550548353,0.22765626305358433,0.5283178889479603,0.5938479563182493,0.16397337726811423,0.19525991769007356,1,1,inf,inf,0,0,0,1,0,0,0,1,4320,4036,250,0,1,1,1,0,4457,3.9,9,0
4.2,17.64,1,0,3776,8.236685322712457,0,1,3,0,1,0,0,0,0,0,0,27.77,75.87,0.6868709155498407,0.7097554682041333,0.11052610464276957,0.18015822966029083,0.2614045996143046,0.07050796191634989,0.29616802318568036,0.13607485935650232,0.0985809420350584,0.3952811124113925,0.44634966167481216,0.0958345438016609,0.7081868127233226,0.587742906565878,0.4412999894187958,0.10130296195638366,0.5535962470971583,1,1,inf,inf,0,0,1,0,0,1,1,1,2942,2961,139,1,1,0,1,0,3776,4.2,27,1
2.8,7.839999999999999,0,0,1105,7.00850518208228,0,1,2,1,1,0,1,0,0,0,0,27.97,77.78,0.1488591206440819,0.24722026766808114,0.31683798533486673,0.8177289612566973,0.6109819334790113,0.04767147626057566,0.9559193343354856,0.7994590762244778,0.7952694461925306,0.24391751084560298,0.8575824584629933,0.8599952864493516,0.5920209040080716,0.08509895269102918,0.4024985429348795,0.7323401467997256,0.8345292922912867,1,1,inf,inf,0,0,1,0,1,0,0,1,7293,4665,243,1,1,0,0,0,1105,2.8,29,1
4.5,20.25,1,0,1706,7.442492722794441,0,1,2,1,1,0,0,0,0,0,0,27.11,77.31,0.04392914860961139,0.9627732652939253,0.19388990165156195,0.7996761882059844,0.31834564798203324,0.748875900628319,0.44116306769722535,0.7972209231453892,0.7432649471803519,0.5717923626512316,0.14503911356082277,0.3174902234835365,0.4356633932362024,0.8026070289385061,0.5782861267866967,0.9959906050058539,0.52942602856013,1,1,inf,inf,0,0,1,0,1,1,0,1,617,2972,94,0,1,0,0,0,1706,4.5,6,1
4.4,19.360000000000003,1,0,1196,7.087573705557973,0,1,4,0,1,0,0,0,0,0,0,27.45,76.14,0.5674974050774763,0.31924107773611554,0.21411468121410415,0.49613367158157906,0.8555065391016488,0.4229383855319141,0.49496951289075397,0.045544419637879585,0.8747267585202644,0.9554621285195042,0.933260439151601,0.873769857490518,0.3063107378999823,0.13226633610031013,0.07904231691050345,0.2967175224902814,0.1612722425117321,1,1,inf,inf,0,0,0,1,1,1,0,0,1872,4931,255,1,3,1,1,1,1196,4.4,9,1
3.4,11.559999999999999,0,0,4097,8.318254328798846,0,1,4,0,1,0,0,0,0,0,0,27.03,76.98,0.27064625743992765,0.10535514618467934,0.9994747117527867,0.2563542181889311,0.23702752933022064,0.5354548172945748,0.18726478045117534,0.10818681169506461,0.8433674508586445,0.568355572207872,0.06479193008421347,0.46421009920714973,0.48624936202879077,0.22097625243206442,0.6693032242269391,0.48393575458358384,0.3647329169850495,1,1,inf,inf,0,0,0,0,1,1,1,1,5712,3771,170,1,1,1,1,1,4097,3.4,25,1
4.6,21.159999999999997,0,0,2206,7.699389406256737,0,1,1,1,1,0,0,0,0,0,0,26.89,77.59,0.026149855791992915,0.8676953155871139,0.4096407626313777,0.42126766330099485,0.26554436761586875,0.870306556469022,0.772695265868487,0.6547161512080737,0.6002469864599467,0.9600093733316202,0.1471438664786321,0.8598542537423824,0.2971038039021744,0.667701687191873,0.6996592920925225,0.914007534821619,0.48815589238571333,1,1,inf,inf,0,0,1,0,0,0,0,1,7541,4040,228,1,1,0,0,1,2206,4.6,8,0
3.8,14.44,0,0,799,6.684611727667927,0,0,2,1,1,0,0,0,0,0,0,27.87,77.09,0.5715211411289975,0.7796863077281012,0.4756447888273617,0.7244447526099508,0.44006373938795273,0.28425341062807286,0.5457285970792982,0.8887266032154797,0.9777389686511816,0.10207225033786926,0.7389338989081552,0.562633153467636,0.4645073895048767,0.09310937030745114,0.9029406601166883,0.7559311245592786,0.7454594847526473,1,1,inf,inf,0,0,0,1,1,0,1,1,6693,4418,226,0,1,1,0,1,799,3.8,5,0
4.9,24.010000000000005,0,1,1458,7.285506548522785,0,1,2,1,1,0,0,0,0,0,0,26.27,76.82000000000001,0.6636189230589253,0.8667101120791058,0.371211132329047,0.6716766156255518,0.03297266877898253,0.6211664906543349,0.5725202798998028,0.5383672132114493,0.035603225345914424,0.10295074928277548,0.9677576247644325,0.6926354218663512,0.996210743245098,0.22002378372217812,0.973927267572305,0.1718276341499313,0.8012431651339541,1,1,inf,inf,0,0,0,0,1,0,0,0,8511,4756,183,0,3,0,1,0,1458,4.9,14,0
4.5,20.25,1,0,4556,8.424419791263883,0,1,1,1,1,0,0,0,0,0,0,27.0,75.68,0.36799516628111706,0.3313702027848976,0.5440060550356636,0.14965278168665108,0.29715778374935087,0.2823675258579895,0.2125507166675631,0.20899609087968962,0.5294984400682223,0.3419422941792256,0.21075989233380044,0.39863648465589585,0.09076263136303508,0.5121340868199294,0.6945595657445639,0.4646035112682456,0.9981727730596212,1,1,inf,inf,0,0,1,1,0,1,0,0,9630,1900,358,0,1,0,1,0,4556,4.5,30,0
3.2,10.240000000000002,0,0,3264,8.09101504171053,0,1,1,1,1,0,1,0,0,0,0,26.38,77.16,0.7731357733818378,0.5884688170704996,0.6724238128925627,0.24542623201068836,0.8102303302164963,0.6086908579688806,0.28568733410007474,0.09649869865860217,0.7021962708840432,0.9579542816988745,0.23617638409653785,0.7549515899127324,0.14692109812547727,0.08979681308781484,0.05670419102276869,0.7255810252359833,0.3823639656539397,1,0,inf,inf,0,0,0,0,0,1,0,1,1166,1778,39,1,2,1,0,0,3264,3.2,7,0
2.9,8.41,0,0,4661,8.447199819595703,0,1,4,0,1,0,0,0,0,0,0,26.25,77.58,0.20296446961065984,0.18946986363307883,0.5768739616895411,0.0998637380222176,0.8357100474023408,0.1573331316190174,0.8274697164471824,0.5964306833155988,0.5440321578498633,0.06038624895427447,0.7994023665573562,0.7088434026879368,0.938914187756115,0.732634594611411,0.6833726753886362,0.0802283068637285,0.10464800307139444,1,0,inf,inf,0,0,0,1,1,1,0,0,7545,3795,284,0,1,0,1,1,4661,2.9,47,1
3.1,9.610000000000001,0,0,450,6.111467339502679,0,0,4,0,1,0,1,0,0,0,0,26.16,75.10000000000001,0.10808584762616025,0.9545235616720467,0.8373599240702821,0.09593785249563791,0.7327728018161088,0.07991858889191672,0.589114315517667,0.014793056565986729,0.4015813551533697,0.6509239735948288,0.7615718016558801,0.6581601983290667,0.40647995430024664,0.77407366670154,0.43251522025301037,0.38926626028293054,0.9722234314305395,1,0,inf,inf,0,0,1,1,1,1,0,1,7938,4581,103,1,2,0,1,1,450,3.1,25,1
4.5,20.25,1,0,144,4.976733742420574,1,0,1,1,1,0,0,0,0,0,0,26.94,76.28,0.6503526655209496,0.1780159036922382,0.5587590464468157,0.32203328562320954,0.711760395719859,0.5515353824358687,0.09487582303814757,0.2065616361000615,0.5202044156278183,0.6602014588364048,0.4070728520201594,0.30387969225350864,0.2837476418000203,0.6351942560372484,0.733880388376107,0.6500236111242493,0.6079653281285203,1,1,inf,inf,0,0,1,0,0,0,0,1,7263,2452,232,1,1,0,0,0,144,4.5,44,1
4.2,17.64,1,0,2894,7.970740390007095,0,1,3,0,1,1,0,0,0,0,0,27.37,77.31,0.5448904120487149,0.6376939019541713,0.6281018478323542,0.3510028875831399,0.2528823316869516,0.5613057079722158,0.48692049622737743,0.11426128995985585,0.001281933224041687,0.25495370789840865,0.5479995500559943,0.8919034398580227,0.776929923591398,0.8372755684279238,0.297870458519927,0.013282297519784159,0.16179221231616225,1,1,inf,inf,0,0,1,0,1,1,0,0,7643,2207,124,0,1,0,0,0,2894,4.2,20,0
3.8,14.44,0,0,3493,8.158802490694002,0,1,1,1,1,1,0,0,0,0,0,26.650000000000002,75.9,0.9693496668972478,0.8933788667990323,0.5698396627396468,0.7900427134137096,0.8235069425675247,0.6980174377080031,0.48873284966049935,0.23360978740846627,0.19804037226493199,0.9754572609139347,0.2962251919396587,0.08410869806630261,0.6685435224181847,0.698800612274796,0.8922762612031522,0.42300186873416923,0.901085509091917,1,1,inf,inf,0,0,1,0,1,0,0,0,5555,1650,36,0,0,0,1,0,3493,3.8,38,0
4.0,16.0,1,0,4396,8.388677769180811,0,1,3,0,1,0,0,0,1,0,0,26.47,75.84,0.21929796720773698,0.68724495693746,0.6062974715138266,0.018192846201622315,0.3956120500938981,0.5315456330914964,0.5479364141763462,0.8249100649290668,0.6758621559530978,0.10000758588374015,0.5698957074070259,0.1492893854688091,0.007012709995057764,0.5624750635545346,0.473652572896743,0.8295445842273819,0.025523659437944546,1,1,inf,inf,0,0,1,1,1,1,0,0,2995,614,2,0,1,0,1,0,4396,4.0,12,0
2.8,7.839999999999999,0,0,960,6.8679744089702925,0,0,4,0,1,0,0,0,0,0,0,26.63,76.48,0.5560110027681201,0.4789226522699054,0.5807190940844474,0.6037343759022596,0.1720678007907801,0.3738288910098111,0.42222946949856766,0.10014528631156017,0.47700805565305304,0.3570800268361599,0.8370113528727474,0.8425176673958223,0.13451246862190291,0.46528877612878317,0.43077269208272106,0.9970134665941346,0.7757558348788003,1,0,inf,inf,0,0,0,1,0,1,1,1,3180,1298,264,1,0,1,0,1,960,2.8,2,1
4.3,18.49,1,0,478,6.171700597410915,0,0,4,0,1,0,0,0,0,0,0,26.650000000000002,76.25,0.7554762140662086,0.988114721526355,0.881399042144248,0.369763215859754,0.9306177887913084,0.2018987579912317,0.29420579807639946,0.9917391670503541,0.7598169023479437,0.05100893414391949,0.46229813842007883,0.768740853470763,0.24628000104578218,0.6956213574754119,0.8073991910910318,0.17151205463165142,0.5087157957514279,1,1,inf,inf,0,0,0,0,1,0,1,1,8056,4890,108,1,3,0,0,1,478,4.3,16,1
4.2,17.64,1,0,502,6.220590170099739,0,0,1,1,1,0,0,0,0,0,0,26.5,75.76,0.15396896164863938,0.7035517589836311,0.12051176925340223,0.8845305782954204,0.3919373160722929,0.13595452878535308,0.9213632498952199,0.8827773452074114,0.7416426090189704,0.5070313433421353,0.9974607850313509,0.6711982279256308,0.9490471883275415,0.6866320178180569,0.659367864355179,0.052007216092986086,0.20474469486279057,1,1,inf,inf,0,0,1,0,0,1,0,1,1176,4605,31,1,0,0,0,1,502,4.2,46,1
2.6,6.760000000000001,0,0,760,6.634633357861686,0,0,2,1,1,0,0,0,0,0,0,26.89,77.22,0.31845121606650983,0.253935270889014,0.11616220802898947,0.00019636722742200075,0.5001673951738537,0.40849537325069896,0.07851400448473977,0.30549577453819676,0.35309489750886924,0.23480916335667856,0.5075427094101501,0.22098701255537634,0.10485753594853997,0.8259794604819193,0.43156573498638096,0.45310442629492476,0.6928653798786792,1,1,inf,inf,0,0,0,0,0,1,1,1,2109,164,309,0,0,0,1,1,760,2.6,9,0
2.7,7.290000000000001,0,0,931,6.837332814685591,0,0,3,0,1,0,0,0,0,0,0,26.560000000000002,76.43,0.925550980269957,0.3104988890582333,0.5669969472059858,0.32940707356168586,0.4728274974068305,0.05001416240308654,0.4566458489117199,0.5054663316983463,0.08639018143424848,0.03188956405347476,0.341373512285265,0.4996063799376972,0.9305956662633759,0.2011046965693647,0.42230071997415464,0.10883867431551852,0.35493835105659277,1,1,inf,inf,0,0,0,0,0,0,0,0,9985,1955,164,1,2,0,1,0,931,2.7,27,1
4.0,16.0,1,0,36,3.6109179126442243,1,0,2,1,1,1,0,0,0,0,0,27.63,76.15,0.36109293157278777,0.42766563437165894,0.09125578201779894,0.7735136022380575,0.3021630185147097,0.4935038781653224,0.699003353439879,0.6998302119555592,0.41301030256303173,0.781692013895285,0.28171665445398997,0.37663707139329927,0.26624197494513013,0.6668658433723459,0.07009380584204417,0.7485815091557999,0.41152855459604065,1,0,inf,inf,0,0,0,0,1,1,1,0,525,2704,348,0,3,0,0,1,36,4.0,43,1
3.7,13.690000000000001,0,0,820,6.710523109452428,0,0,2,1,1,0,0,0,1,0,0,27.94,76.99,0.2971599524169426,0.4786296954058368,0.6442143282025522,0.7839021334338441,0.9984149468396313,0.8813576386772726,0.31797147443210994,0.2554890876599102,0.01985523673780154,0.4834530013612406,0.040353718612675005,0.36855209831000435,0.4717851991493447,0.04869820201575892,0.477016894601195,0.6995860606700702,0.9463137154546338,1,0,inf,inf,0,0,1,1,1,0,1,0,1410,3549,43,0,0,0,1,0,820,3.7,44,1
2.8,7.839999999999999,0,0,3208,8.073714641109857,0,1,3,0,1,0,0,1,0,0,0,26.91,75.73,0.648668436519831,0.3479677519008266,0.00286345597574722,0.19678417182104369,0.1365192067332578,0.5840476568110345,0.9588050720554367,0.20142370777607843,0.0321783685470326,0.18082847608121733,0.15665883790915625,0.46940813008542326,0.046834514329778365,0.29296193683401617,0.378098581698576,0.9816056897956521,0.8949779215318057,1,1,inf,inf,0,0,1,1,0,0,1,1,9267,1553,42,0,2,1,0,0,3208,2.8,36,0
4.1,16.81,1,0,1406,7.249215057114389,0,1,2,1,1,0,0,0,0,0,0,27.67,77.63,0.09258054251352044,0.030262448775530304,0.15622730187999534,0.9267190635668937,0.41395894284210033,0.8142287829331437,0.5981136510195035,0.041863412990362336,0.4093413528889355,0.6782771765602671,0.3439723304350738,0.36635824366006275,0.6783854867367489,0.35660638969300607,0.22758070696417543,0.48094942276202135,0.2989368446669548,1,1,inf,inf,0,0,1,1,1,1,1,1,8153,2402,173,0,0,1,1,0,1406,4.1,6,1
4.4,19.360000000000003,1,0,3606,8.19063168090354,0,1,2,1,1,0,0,0,0,0,0,26.87,75.68,0.4066294040567162,0.6874353267210187,0.6092018029622506,0.7352752612809389,0.41542673368784355,0.4832592148010749,0.4345150866662387,0.320780813902765,0.4108210915434277,0.06174595121604187,0.08578869411861689,0.7849707723964069,0.5796364808772745,0.7884998347450496,0.6240017357202772,0.6742049058623806,0.8384992663817015,1,1,inf,inf,0,0,0,1,0,1,0,1,8963,1632,40,1,0,1,1,1,3606,4.4,6,0
2.8,7.839999999999999,0,0,1570,7.359467638255621,0,1,1,1,1,0,0,0,0,0,0,26.27,76.93,0.6821198775670971,0.35067276522968716,0.5188555146701197,0.9795244325833605,0.7398871625145801,0.17458466183680288,0.07911436301051555,0.6925311056755042,0.03504276918948945,0.7897220377291365,0.8155554474387375,0.898877773347914,0.5021911535218183,0.9111190692932077,0.4934770896910535,0.12719841632923634,0.10817689723083757,1,0,inf,inf,0,0,0,1,0,0,0,1,1146,2048,142,1,1,0,0,1,1570,2.8,36,1
3.8,14.44,0,0,3325,8.109525659752872,0,1,4,0,1,0,1,0,0,0,0,26.29,75.35000000000001,0.40335008604650546,0.9445551622579997,0.1413534581011271,0.09172018977409502,0.7995628823299594,0.9011703572760228,0.5450164274567093,0.8528996646047655,0.14255501881348331,0.06692382582243617,0.4028340927114804,0.4134206377788432,0.7786147980698368,0.8944261384814179,0.3035563764504302,0.20828321265109961,0.6666668851381641,1,1,inf,inf,0,0,0,1,1,1,0,0,5813,1686,335,1,0,1,0,1,3325,3.8,44,0
4.7,22.090000000000003,0,0,3800,8.24301946898925,0,1,4,0,1,0,0,0,0,0,0,26.78,76.75,0.6582067624484714,0.0037870165151810964,0.1618052187038468,0.12449147944311689,0.028205607639057217,0.75113476055331,0.7200444389055527,0.8096124946472641,0.568748291848803,0.297667996783611,0.8277072061223048,0.45730823257136344,0.27472395508755076,0.14092233620134909,0.09441073840700132,0.47669648645573715,0.5541225840065763,1,1,inf,inf,0,0,1,1,0,1,1,1,3692,4679,129,0,1,0,0,0,3800,4.7,24,0
3.0,9.0,0,0,822,6.71295620067707,0,0,3,0,1,0,0,1,0,0,0,26.310000000000002,75.54,0.2066898075509922,0.41535340053707115,0.9055626225648095,0.5184929109276799,0.8453381112658572,0.22336305927002842,0.08343714213727071,0.3878626974412871,0.2802451569854365,0.29436072227732557,0.7306579746607239,0.7266078462030854,0.38838970988819843,0.4545047083796566,0.2589416775561797,0.45888551921831056,0.06602512006125527,1,1,inf,inf,0,0,1,1,1,0,1,0,5108,4365,301,0,0,1,1,1,822,3.0,11,1
3.5,12.25,0,0,3697,8.21554741194707,0,1,1,1,1,0,0,0,0,0,0,27.97,76.17,0.3758431025358725,0.7826365319923405,0.6122446556685643,0.764006724649601,0.8319829335385511,0.08146521919617522,0.26987907938936206,0.6306777519997944,0.8782746488767065,0.03737789818262105,0.6984815639212446,0.2337188986282105,0.5930510876326504,0.13265188441498854,0.12823172106551473,0.6303303974684707,0.6798623014037357,1,1,inf,inf,0,0,1,0,1,0,0,1,519,2216,100,0,1,1,1,0,3697,3.5,6,0
3.4,11.559999999999999,0,0,2458,7.807510042216193,0,1,1,1,1,0,0,1,0,0,0,26.44,76.85000000000001,0.3326271407743585,0.4219863849221773,0.04664912112257935,0.40578439743375316,0.8114044556415025,0.10367678980252959,0.8354031891473006,0.2756385400811078,0.7259778272754941,0.09018827768427151,0.4243944292762898,0.12176109618184605,0.24936123978887403,0.40292214991436814,0.5753106476764711,0.5147621603318898,0.834438870167978,1,1,inf,inf,0,0,1,1,1,0,0,0,8650,320,137,1,3,1,1,0,2458,3.4,24,1
4.1,16.81,1,0,3106,8.041412909393047,0,1,1,1,1,1,0,0,0,0,0,27.67,75.44,0.817047107391895,0.45984324437675483,0.472305330546699,0.7117743527794044,0.30800648882713877,0.8490316620016015,0.23101884663572914,0.8089803849106266,0.12239965357739702,0.8179650664329389,0.11151078155788208,0.9232499476604168,0.9204695234860674,0.6735071791594921,0.5656265267144986,0.497965920855571,0.8291762600015073,1,1,inf,inf,0,0,0,1,0,0,1,0,9500,1597,272,0,0,0,0,0,3106,4.1,16,1
4.7,22.090000000000003,0,0,340,5.831882477283517,0,0,3,0,1,0,0,1,0,0,0,26.76,76.68,0.9518046704077262,0.6904271611787726,0.5857549278513474,0.9125871899032304,0.4072192588271739,0.5758549400497177,0.6381615387590809,0.07593915588578748,0.3743511304817221,0.08669142351069747,0.24348223033061944,0.40376480477440047,0.9982038128523778,0.6768905349880616,0.24230641485460647,0.8374449054361383,0.35997896827056486,1,1,inf,inf,0,0,0,1,1,1,0,0,1691,2651,42,1,1,0,1,0,340,4.7,7,0
4.6,21.159999999999997,0,0,4767,8.469682208745185,0,1,2,1,1,0,0,0,0,0,0,26.03,77.25,0.4936797507096088,0.7227080718303448,0.12440229158845706,0.8357391493381736,0.838606250166617,0.3002233838305015,0.6655920358718602,0.46263357289100226,0.40737623383272314,0.28306447117447375,0.3741795672358057,0.4102499655853762,0.5613774146227111,0.631565122998116,0.48391020734145074,0.8973311590839944,0.8842053900707022,1,1,inf,inf,0,0,0,0,1,1,1,1,8215,1606,66,0,3,0,0,0,4767,4.6,11,0
4.2,17.64,1,0,3294,8.100161446936607,0,1,2,1,1,0,0,0,0,0,0,27.02,76.26,0.30841165367022005,0.7680468858538667,0.48676462446162994,0.8349699422610724,0.3495419105224028,0.7158015761033163,0.5056967235467764,0.5766947979359079,0.17490808564856797,0.2005036343420148,0.5891748804048739,0.0385318474741011,0.5729605424546202,0.7519437134077035,0.1336841107234703,0.7739534018560672,0.22269084342020717,1,1,inf,inf,0,0,0,0,1,0,0,0,3118,3124,23,0,0,0,1,1,3294,4.2,6,0
4.8,23.04,0,1,3236,8.082402253926244,0,1,4,0,1,0,0,1,0,0,0,26.14,75.3,0.6679412148348965,0.9764180080459886,0.08496109532509322,0.4311604350521261,0.43708189490392413,0.39614986670819174,0.434695151269062,0.42356127809661526,0.046425516345831364,0.44649002399882565,0.13909867786184704,0.7405590710746357,0.2365944556242804,0.20129325366077155,0.8782264273430792,0.9434236826023848,0.6640339043322424,1,1,inf,inf,0,0,1,0,1,0,0,1,5249,2156,239,1,1,1,1,1,3236,4.8,19,1
4.1,16.81,1,0,2204,7.6984827878809465,0,1,4,0,1,0,0,0,0,0,0,26.12,77.97,0.5936792109349327,0.7579359035204339,0.6473652549827528,0.9779519736817374,0.29706370872307053,0.6225725776007364,0.4837082951345506,0.6484734300797577,0.8175671899361866,0.6631027300434077,0.9287862329834289,0.35755785030130016,0.17050615817648174,0.1680017449697112,0.6984400066437503,0.2820372219865852,0.3862114270446487,1,1,inf,inf,0,0,0,1,0,0,1,0,5216,1331,267,1,2,0,1,0,2204,4.1,30,0
2.9,8.41,0,0,1899,7.549609165154532,0,1,1,1,1,0,0,0,0,0,0,27.88,76.96000000000001,0.9498408465437024,0.4758306852227644,0.3672011196388346,0.375974021717977,0.8861988644328734,0.8160943447484369,0.009586456180915581,0.6457133169064178,0.5074507624791346,0.1319066912369279,0.8379577771694925,0.8975635332006185,0.6753618240567986,0.48716206404162143,0.0981681635800491,0.8810663273955815,0.2705453869952392,1,1,inf,inf,0,0,1,1,1,1,0,1,4887,2731,187,0,0,1,1,0,1899,2.9,49,0
3.0,9.0,0,0,3072,8.030409562130485,0,1,4,0,1,0,0,0,0,0,0,26.88,75.39,0.8363775220552475,0.6131024166593696,0.24953426849602522,0.5570661956562749,0.13163108899250198,0.22288027528779542,0.8404170007306526,0.2705308717235958,0.00042919566902821504,0.11985327652886613,0.28620340007681744,0.6770194823673231,0.7733194449898392,0.06617363724353098,0.12282811476479782,0.7460391766454402,0.5267393048629427,1,0,inf,inf,0,0,1,0,1,1,1,0,1481,3702,190,1,3,0,1,0,3072,3.0,16,1
3.6,12.96,0,0,4793,8.475120414994329,0,1,1,1,1,0,0,0,0,0,0,26.46,76.85000000000001,0.6590698502064198,0.45796337392274156,0.663928278336495,0.6861103962250821,0.7842975165729498,0.2245327826073329,0.3154408742303003,0.24561925553837582,0.10440085115517261,0.8074062174814426,0.05565417093533698,0.6038942565656737,0.6206663716339661,0.34958323996324503,0.2785405407975199,0.9335127115075827,0.8980487842700632,1,1,inf,inf,0,0,0,1,1,1,1,1,2595,2092,134,1,2,0,1,1,4793,3.6,4,1
4.8,23.04,0,1,3013,8.01102337918644,0,1,1,1,1,0,0,0,0,0,0,26.34,75.63,0.969296670991852,0.3304356722200914,0.516736442149265,0.09870711334057414,0.23488127900428157,0.4573262422924528,0.23751673282035957,0.42628126525337917,0.8937839869040934,0.3675359057986882,0.2195325638499509,0.2501838477574758,0.5587946013351709,0.45922130944119743,0.5487978244415083,0.41453035041535224,0.7281201292504431,1,1,inf,inf,0,0,1,0,1,1,1,0,9867,1772,285,1,2,1,0,0,3013,4.8,29,1
3.5,12.25,0,0,3887,8.265650165580329,0,1,2,1,1,0,0,0,1,0,0,27.8,75.19,0.6062375277686491,0.442559094473172,0.9603358652098853,0.15032938344729163,0.7506450863339341,0.8885979374932822,0.5479390257924655,0.18497421778877576,0.256122873997079,0.9735863995623087,0.38799295854351046,0.563379178050757,0.5556113465906313,0.6882734605273251,0.40728877586387346,0.4214459501107063,0.13903329626977545,1,1,inf,inf,0,0,0,0,1,1,0,0,6590,2437,162,0,3,0,1,0,3887,3.5,33,0
3.8,14.44,0,0,3008,8.009363076630045,0,1,2,1,1,0,0,0,0,0,0,27.740000000000002,77.10000000000001,0.9979770694718476,0.857163519157391,0.22029703972218195,0.41468248684899844,0.26776608931045487,0.6731835161956072,0.7269221057294705,0.43748829054818605,0.22803813189338884,0.6490975086181322,0.6710657735071766,0.44837352368669514,0.3621583925641959,0.08579828715476456,0.9337529453390147,0.9242151656653628,0.3132921654471863,1,0,inf,inf,0,0,0,1,1,1,0,1,9162,3605,17,0,2,0,1,1,3008,3.8,20,1
2.5,6.25,0,0,1959,7.580699752224563,0,1,2,1,1,0,1,0,0,0,0,26.2,77.14,0.99933957407445,0.8844067794057971,0.9509445640859415,0.5144853400525607,0.27206276436137355,0.25276384640284166,0.39751055062395946,0.3401281629637508,0.5645901832323891,0.7053106362601166,0.647362046335122,0.4860439951354021,0.707484546538075,0.5673927979686214,0.009833382396707502,0.6160737732619908,0.4477495361673718,1,1,inf,inf,0,0,0,0,0,0,0,1,228,3765,22,1,0,1,1,1,1959,2.5,27,1
3.3,10.889999999999999,0,0,3616,8.193400231952097,0,1,1,1,1,0,0,0,0,0,0,27.66,76.37,0.5529301646933075,0.7883503531802507,0.9732006847251403,0.2747084393920789,0.8794597721811003,0.9867543230727241,0.7616152681517104,0.8991982928599683,0.5295417197391872,0.0607466618229624,0.4966458244844355,0.5614437418507426,0.40550782167648414,0.9124024071832518,0.12909774096193272,0.8444554627640646,0.9685222056974964,1,0,inf,inf,0,0,0,1,1,0,0,0,8126,471,345,1,3,1,1,1,3616,3.3,6,1
4.8,23.04,0,1,4462,8.40357646462927,0,1,1,1,1,0,0,0,0,0,0,26.490000000000002,75.18,0.44542385479575597,0.25951323625958833,0.8413816086933097,0.22874679869544534,0.729082158881501,0.8451170280060213,0.46734713755017476,0.743802123866627,0.5245508713051946,0.15691859120697105,0.7509375057926662,0.9949657735968678,0.6394163383452953,0.7639355435735254,0.5869600687614765,0.9194838596342217,0.7199388858746665,1,1,inf,inf,0,0,0,1,0,0,1,1,4153,255,99,0,1,0,1,0,4462,4.8,9,0
2.6,6.760000000000001,0,0,174,5.1647859739235145,1,0,2,1,1,0,0,0,1,0,0,26.42,77.06,0.1929314132979033,0.012473917414856595,0.6668011273564812,0.6493227089343065,0.1428677412713878,0.800297723489954,0.6887498543818177,0.03488438784602732,0.15252466795955877,0.4260917058360002,0.43495934133018566,0.32552844764771927,0.389061632460014,0.2603657924218731,0.08494658168212332,0.4045265810980677,0.8871607994965186,1,1,inf,inf,0,0,1,0,1,1,0,1,97,1721,58,0,1,1,1,0,174,2.6,23,1
3.5,12.25,0,0,2279,7.731930721948486,0,1,2,1,1,1,0,0,0,0,0,27.32,75.75,0.580322670456361,0.10102579891560559,0.5931016884801905,0.9759581374275551,0.7074035000363781,0.8627286219357344,0.7506614097859465,0.6575527774423722,0.7210789296758621,0.9169626073631275,0.19839401716389637,0.9029367573524459,0.7836858659893287,0.706376952663537,0.5961879571781666,0.711968323306962,0.30186913951503247,1,0,inf,inf,0,0,1,0,0,1,1,0,2620,309,195,0,0,1,0,1,2279,3.5,14,0
2.5,6.25,0,0,1844,7.520234556474628,0,1,3,0,1,0,0,0,0,0,0,26.400000000000002,75.41,0.39825965084854753,0.9661756714950195,0.23372438570059173,0.39938111322559244,0.29778564359138293,0.07276267360955058,0.36089382566175,0.936276159396475,0.015491217630880794,0.28011342723897026,0.5190405640221057,0.4125105216659578,0.9055346891857488,0.9295616664027886,0.19875880690837466,0.816077111468544,0.8069724394886525,1,0,inf,inf,0,0,0,1,0,0,0,1,3463,259,133,1,2,1,1,1,1844,2.5,8,1
3.4,11.559999999999999,0,0,2585,7.857867559331803,0,1,4,0,1,0,0,0,0,0,0,27.12,76.10000000000001,0.41542242252929873,0.5361960332490163,0.9402650482330195,0.960091321382145,0.7350397850212246,0.32774424495816734,0.5752166055325246,0.04005350015044684,0.015409818549137366,0.715174379215768,0.9655054151382294,0.6581928043427893,0.9715418724990871,0.387486218810593,0.1539984029557,0.37227467075724496,0.45505925784175716,1,0,inf,inf,0,0,1,1,0,0,1,0,9868,3953,109,0,1,0,1,0,2585,3.4,19,1
3.7,13.690000000000001,0,0,4910,8.499232866039245,0,1,2,1,1,0,0,0,0,0,0,27.75,75.42,0.4372863561597472,0.9618677884215736,0.7745381427470358,0.043021835655145724,0.19465894501695036,0.6110033705878907,0.23348654495918486,0.9903830643606952,0.7249580487680733,0.548726455432975,0.3924888212889982,0.3448234444725353,0.1774845467677041,0.11241981834123771,0.6075656718888979,0.4562661022983602,0.255815424480877,1,1,inf,inf,0,0,0,1,0,1,0,0,9394,4600,259,1,1,0,1,1,4910,3.7,29,1
3.9,15.209999999999999,0,0,4309,8.368693183097793,0,1,4,0,1,0,0,0,0,0,0,26.61,75.92,0.011969501612833944,0.8977426442944557,0.8128697641214451,0.5754168368746629,0.2944277543593381,0.5328640957868116,0.4163104748602028,0.03038564544172251,0.8320896130183385,0.998428882102858,0.9631963663714279,0.6307835299253128,0.9671050831714497,0.7557671409364205,0.8634012291174815,0.3508093381798013,0.18531890438595056,1,1,inf,inf,0,0,0,1,0,0,1,0,9687,3822,111,0,2,1,1,1,4309,3.9,44,0
3.0,9.0,0,0,474,6.163314804034641,0,0,2,1,1,0,0,0,0,0,0,26.43,77.44,0.17124555628645965,0.6364455266480239,0.7035870972980398,0.7767154732508158,0.14601344525746895,0.6213654788236326,0.16429303683647123,0.2006862535990569,0.6686377299651889,0.6135219195340895,0.011564879740471157,0.09895992944613241,0.9905350516123914,0.3094557312566065,0.7757106492398118,0.19268082633801897,0.6046276974467032,1,0,inf,inf,0,0,0,0,1,0,0,0,202,1978,315,0,3,1,0,1,474,3.0,26,0
3.9,15.209999999999999,0,0,1929,7.5652752818989315,0,1,4,0,1,1,0,0,0,0,0,27.25,77.36,0.7904897691552824,0.8718967500384652,0.32955302703412126,0.5033862662496584,0.31839436062896764,0.7940975321372354,0.967905402287463,0.8108320003741226,0.015145075798007723,0.04503833525063139,0.8567628257258737,0.5932373077315034,0.01813520758837428,0.7274530062605055,0.11169843563559101,0.8536491711708092,0.39685750379315565,1,1,inf,inf,0,0,1,0,1,0,0,1,9995,901,54,0,0,1,1,0,1929,3.9,33,0
4.6,21.159999999999997,0,0,2696,7.89989532313973,0,1,1,1,1,0,0,0,0,0,0,27.69,77.06,0.5359042269415711,0.954738886678219,0.4577454832587765,0.9801875518886112,0.36749535251873255,0.9485309857168315,0.7058628421880383,0.2885757647842254,0.5588654675839329,0.04437105167533262,0.6538112136023809,0.047876026853654,0.9937946759947214,0.5193794380306327,0.2953532739360075,0.7395539214256814,0.5540223676313978,1,0,inf,inf,0,0,0,0,1,1,0,0,7142,1861,308,1,1,1,1,0,2696,4.6,29,1
4.1,16.81,1,0,1919,7.560080465021827,0,1,3,0,1,1,0,0,0,0,0,27.55,76.3,0.41567507761972455,0.2983741316277848,0.44896030051786884,0.18613117111691746,0.7131896385949007,0.11686959447914347,0.10669038481096804,0.8998163135088499,0.9042189554224975,0.900374636122904,0.4444973953543928,0.23171714676664357,0.38235162132994693,0.9085444815560422,0.3420136148613728,0.46282587591189517,0.6358862204139953,1,0,inf,inf,0,0,1,0,0,1,1,1,7429,667,248,0,1,1,1,0,1919,4.1,36,0
3.9,15.209999999999999,0,0,2580,7.855932199718614,0,1,4,0,1,0,0,0,0,0,0,26.63,76.78,0.32517319960823554,0.14500260585556024,0.7720956386975277,0.3674906469813307,0.6671137430716978,0.9843452959681537,0.2982746738733121,0.693329275651411,0.55581530034764,0.2995069645107733,0.12547590372685924,0.19559684176147574,0.6442666825771629,0.8419961995942187,0.7718379108200534,0.7525269633499979,0.7399820565755986,1,1,inf,inf,0,0,1,1,1,1,0,0,5230,3104,59,1,1,0,0,1,2580,3.9,29,0
3.4,11.559999999999999,0,0,2859,7.958576903813898,0,1,4,0,1,0,0,0,0,0,0,26.46,77.27,0.1004025460324498,0.6695655857912649,0.08250986852348086,0.3889894064492557,0.06165558346457434,0.2586607898244455,0.5759652402914217,0.41667555832651726,0.13185170908811694,0.9980074048676185,0.898271831951993,0.7441543150801021,0.22206324081402484,0.27854953391218573,0.02506647985427468,0.28376452585801715,0.9189934791166452,1,1,inf,inf,0,0,0,0,0,0,0,0,5838,4027,216,0,0,0,1,1,2859,3.4,10,0
4.9,24.010000000000005,0,1,4549,8.422882511944996,0,1,2,1,1,0,0,0,0,0,0,26.900000000000002,75.13,0.9048797455947675,0.7613662529432951,0.730770474804074,0.4395932352760432,0.6736490989784735,0.9058092848734228,0.24437586381468335,0.07314444280034327,0.24446788607033687,0.23557395743225296,0.42320305072601505,0.28643507182950445,0.3887081111007096,0.27597079739036123,0.3191778372802838,0.12085153050981612,0.8999613334284112,1,1,inf,inf,0,0,0,1,1,1,1,0,3148,1067,128,0,2,0,1,0,4549,4.9,6,0
2.7,7.290000000000001,0,0,3052,8.023879992734878,0,1,3,0,1,0,0,0,0,0,0,26.97,75.96000000000001,0.11341842807174518,0.8712221326916236,0.28190847998477053,0.34158468976898837,0.5956262055339626,0.02954011530698286,0.7875539110285694,0.056789218536356656,0.41628816145657277,0.5650971379281695,0.6870000307760717,0.3155123019416647,0.07898879814335957,0.15571638576825175,0.0005390868530193993,0.912865831794964,0.0011308608904090356,1,1,inf,inf,0,0,0,1,0,1,0,0,5362,2868,196,0,2,1,1,1,3052,2.7,31,0
3.6,12.96,0,0,138,4.9344739331306915,1,0,4,0,1,0,0,0,0,0,0,27.6,75.25,0.3777501590799385,0.7980457836566845,0.7515323717940956,0.7225068759635234,0.40055160409982227,0.6538504759153208,0.16977232678862597,0.08659571575921754,0.2415859418663281,0.011761116880150135,0.14302062558292716,0.46595178141184834,0.40387700081116695,0.3038725698136284,0.7570398172467092,0.3833393651301932,0.28573358978467955,1,1,inf,inf,0,0,1,1,0,1,0,1,3453,1311,182,1,0,0,1,1,138,3.6,32,1
3.2,10.240000000000002,0,0,566,6.340359303727752,0,0,3,0,1,0,0,0,1,0,0,26.240000000000002,75.2,0.019296198362321326,0.27259132582095336,0.6480129427513205,0.45485270809611245,0.8223576877667278,0.2063427906892773,0.3096757661199794,0.5192671839574883,0.678082504633026,0.7096254100034562,0.2670916002450735,0.895827286581984,0.2716136309721654,0.38091146826825706,0.8151226679785821,0.1643900159644568,0.13357626479728002,1,1,inf,inf,0,0,0,0,0,1,0,1,9063,406,211,1,0,1,1,1,566,3.2,44,1
3.0,9.0,0,0,1273,7.149916836132109,0,1,1,1,1,0,0,0,0,0,0,27.05,76.88,0.5589929482900593,0.6104513193940373,0.0818424282879352,0.953911755646066,0.029338733626814828,0.34250519536262314,0.8207062625966116,0.8135932322895558,0.34088369153131537,0.16048880062254867,0.3991669196872172,0.39051103207090543,0.05267687395444054,0.6340873090877865,0.07917969679828218,0.31145078773025325,0.5442005628087797,1,1,inf,inf,0,0,1,1,1,0,1,0,417,3987,184,1,0,1,0,0,1273,3.0,7,1
3.0,9.0,0,0,2365,7.768956044538332,0,1,1,1,1,0,1,0,0,0,0,27.01,76.63,0.9179468720718167,0.6656354058679261,0.6053305143331177,0.08017876937487989,0.8806642841624641,0.07312818609882277,0.6499043885575068,0.18925360991434792,0.46974563886797305,0.8391836407273805,0.5106968478759072,0.6381981730157181,0.5936257629234455,0.6850956264134467,0.31690325544688147,0.7211559712501368,0.9336786389148888,1,1,inf,inf,0,0,0,1,1,0,1,0,6937,2674,101,1,3,0,0,1,2365,3.0,46,0
4.9,24.010000000000005,0,1,2569,7.851661177889265,0,1,3,0,1,0,1,0,0,0,0,26.080000000000002,75.75,0.4636982232497895,0.7101398862060478,0.3998671378086509,0.4247948507916237,0.7060162877663206,0.6279604894497794,0.7506997179417916,0.1747283358326266,0.40423895751427286,0.3387319628823865,0.8252639235939967,0.48319244691020213,0.016404659354582907,0.033282145531095764,0.5005492481321393,0.4920582560637089,0.8973622511532198,1,0,inf,inf,0,0,0,1,1,0,0,1,9183,3779,64,0,2,0,1,0,2569,4.9,47,0
4.8,23.04,0,1,4950,8.507344855361422,0,1,2,1,1,0,0,0,0,0,0,27.95,76.99,0.40209104330954026,0.9766244278093189,0.24100128137631605,0.7555387128473694,0.8110038112832628,0.9197985963191868,0.0633868765703729,0.9359185648175061,0.18274427486884404,0.525838717985297,0.05878655991191961,0.20007288214194818,0.8583150241865316,0.02567150523065398,0.4431037727574355,0.5570074375739087,0.28732681046187936,1,0,inf,inf,0,0,0,1,0,1,1,1,3293,1940,36,1,0,1,0,0,4950,4.8,41,0
4.1,16.81,1,0,734,6.5998704992128365,0,0,1,1,1,0,0,0,1,0,0,27.88,76.4,0.3697121138998851,0.990400783022737,0.19361653431613057,0.41406567866816757,0.29142867316501586,0.7811704012949964,0.64572999418906,0.7590382054444783,0.4256884215827539,0.9963837830853715,0.30865742702943155,0.5580797964609421,0.5873303729756152,0.17061201876987786,0.3093529260010247,0.5437673795163473,0.8837380481080594,1,1,inf,inf,0,0,0,0,0,0,1,0,4913,2697,159,1,0,1,1,1,734,4.1,9,0
4.1,16.81,1,0,83,4.430816798843313,1,0,4,0,1,0,0,0,0,0,0,27.09,76.57000000000001,0.5562123112161531,0.6845649161245332,0.8773767679790543,0.8221445926814877,0.9694793249644489,0.5968749497357664,0.7643834600098691,0.8074072774234125,0.9483915135734113,0.24411830979562954,0.15124878470063985,0.9406763849609482,0.36084202777340324,0.819674449436782,0.9840350208933901,0.46378123548868455,0.1122070341218031,1,1,inf,inf,0,0,0,0,0,1,1,1,6910,395,311,0,3,1,1,0,83,4.1,8,1
3.8,14.44,0,0,971,6.879355804460439,0,0,4,0,1,0,0,0,0,0,0,27.66,76.89,0.2874343732185908,0.11433324257327626,0.07780634768736705,0.05443255694928162,0.9775692718921073,0.49126404623019093,0.7078933927455932,0.002636256704559914,0.060506872889552255,0.5281530729774004,0.5681687473073275,0.8289807470889621,0.030888172010758774,0.06953132130226913,0.813555311748557,0.5440841732954913,0.7158780484036386,1,1,inf,inf,0,0,1,0,0,0,0,0,6316,4616,298,1,2,1,0,0,971,3.8,15,1
3.7,13.690000000000001,0,0,2214,7.703007682479236,0,1,1,1,1,0,0,0,0,0,0,27.28,76.39,0.08490319892417908,0.4674468033969792,0.3318945305411468,0.08688672140252529,0.2550390058125106,0.4487770039038538,0.16929351954862293,0.3396281081749579,0.35692194275340505,0.4835451745867122,0.6499406381583787,0.23364571860491845,0.21279186379884374,0.1571095036591743,0.7366796123723011,0.2836264383455839,0.27700530265087375,1,0,inf,inf,0,0,0,0,0,0,1,0,8115,135,103,0,2,1,1,1,2214,3.7,36,0
3.0,9.0,0,0,1500,7.313886831633462,0,1,1,1,1,0,0,0,0,0,0,26.98,75.79,0.22715856749310226,0.8870041385012695,0.7785568790290304,0.10578074575694663,0.6554331404451861,0.09256006523027505,0.39919330019227406,0.6642438249949673,0.5433208506540563,0.36911911584056245,0.10401035238131073,0.009253783738454202,0.9288995296076019,0.7806554103005314,0.3929139415577664,0.4947559588287912,0.04609218044733854,1,1,inf,inf,0,0,1,0,0,1,1,0,5834,2848,363,1,3,0,1,1,1500,3.0,28,1
3.4,11.559999999999999,0,0,1374,7.226209010100671,0,1,4,0,1,0,1,0,0,0,0,26.47,75.9,0.9504613630062054,0.592224142769912,0.5807106876061343,0.5235114199504179,0.5816445311819272,0.2690098692361892,0.6630790469193181,0.5230635224454416,0.8367452605732564,0.012344699721735242,0.9266612322837754,0.5269115105690523,0.5325982764117928,0.43519172054677635,0.7021572078268984,0.5735111846565065,0.438525068667475,1,0,inf,inf,0,0,1,1,1,1,1,1,2647,1160,206,0,2,1,0,1,1374,3.4,20,1
4.4,19.360000000000003,1,0,1152,7.050122520269059,0,1,3,0,1,1,0,0,0,0,0,26.560000000000002,75.61,0.923287149228061,0.575134106093255,0.1471197902386152,0.10292157181092243,0.18260291148114483,0.8299655050065046,0.007989577767822498,0.5320152203640717,0.6393365126909263,0.6237208401541121,0.8352579413441074,0.5890127061430707,0.6498306032207878,0.47950502414257523,0.7703529244931219,0.603337696640907,0.34717501322690403,1,1,inf,inf,0,0,1,0,1,1,0,0,4198,2379,330,1,2,0,0,1,1152,4.4,4,0
3.1,9.610000000000001,0,0,330,5.802118375377063,0,0,3,0,1,0,0,0,0,0,0,27.25,75.03,0.7507716387405737,0.06544222284164403,0.8410526754157587,0.9525636175408003,0.7184495622329623,0.07231986774888599,0.40353720087028644,0.13121727331547284,0.7926193651806417,0.05908291400885657,0.4727327555162476,0.10588175609922856,0.8004400833351264,0.7924081679326643,0.9107406325962818,0.2872637056191779,0.7256076459298338,1,1,inf,inf,0,0,0,1,1,1,0,1,6444,3127,146,0,3,0,0,0,330,3.1,38,1
4.1,16.81,1,0,2777,7.9294865233142895,0,1,4,0,1,0,1,0,0,0,0,27.3,75.10000000000001,0.23881197173254942,0.514899564723388,0.2340345942862201,0.716525551738257,0.4238607434234152,0.018013430957289134,0.057073781982914906,0.12461756082887598,0.33675447003149783,0.06351226830835421,0.5889406876194878,0.8668973439962754,0.9408766999223201,0.7311852840443309,0.11177198974553959,0.4007382520413959,0.793473605145578,1,0,inf,inf,0,0,0,1,0,1,1,0,5413,3583,208,1,2,1,0,0,2777,4.1,16,1
3.9,15.209999999999999,0,0,3710,8.219056661060598,0,1,4,0,1,0,0,0,0,0,0,26.23,77.18,0.2820369704354617,0.744329044670905,0.3248573589974091,0.5966019057212449,0.790433596682119,0.5649268457436891,0.11264360091765158,0.6536315201153269,0.5536459471497563,0.4766229859919747,0.18078099664131242,0.1702113010349483,0.3638393239816813,0.5836365150728319,0.3697496089206703,0.6046522868886555,0.5581978632454554,1,1,inf,inf,0,0,0,1,0,1,1,0,1662,480,150,1,1,1,1,1,3710,3.9,7,0
3.2,10.240000000000002,0,0,1051,6.9584483932976555,0,1,3,0,1,0,0,0,0,0,0,27.3,75.94,0.31989417295036093,0.8145032987502702,0.4000168825218352,0.08770363798659386,0.6408010785354572,0.2559728183448432,0.6589992422314621,0.518502689884362,0.9618329116213828,0.9947077796866789,0.8890768772657663,0.7280563105843558,0.6609004804440681,0.2875160974413611,0.020384590446403728,0.8596486928268384,0.8659187046095775,1,1,inf,inf,0,0,0,1,0,0,0,0,5317,2612,0,1,0,1,1,1,1051,3.2,2,0
4.5,20.25,1,0,2213,7.7025561132685825,0,1,4,0,1,0,0,0,1,0,0,27.97,76.93,0.8555263723261874,0.43354417408820844,0.4199260211146192,0.8163987955277091,0.735132706308051,0.6495295446102938,0.8368992040542392,0.5623977716426121,0.5306114172964821,0.9391955631656203,0.512584830908464,0.9100410441599689,0.38361890481518357,0.27552177669719813,0.2922128589192119,0.41906218607237467,0.46632299504427055,1,1,inf,inf,0,0,1,1,1,0,1,1,4878,3386,347,0,0,1,0,0,2213,4.5,29,1
2.8,7.839999999999999,0,0,1339,7.200424892944957,0,1,4,0,1,0,1,0,0,0,0,27.54,77.55,0.27297980424821866,0.027732894976803868,0.4759140068536123,0.07413893803894134,0.20397980932569415,0.5113025363697825,0.38426438726411316,0.10058174603949732,0.6717084887611937,0.6763993077034157,0.5402282009903127,0.18417059007530379,0.8914365429891317,0.7388967079139915,0.8188665325082741,0.7584521398237378,0.15818466846934665,1,1,inf,inf,0,0,0,0,0,1,0,0,6082,1150,199,1,3,0,1,1,1339,2.8,49,1
3.3,10.889999999999999,0,0,1736,7.459914766241105,0,1,1,1,1,0,0,1,0,0,0,26.92,77.62,0.19958748267321202,0.5676283120293408,0.883286159097974,0.8717418683352631,0.24315590629996053,0.4069903788950866,0.5929304587668662,0.3021291576643106,0.3369448388637246,0.9439896378107456,0.8904564829716355,0.2503022178155918,0.4179848344971825,0.4377060977681796,0.054162119457882185,0.46361856518097855,0.06826624914495538,1,0,inf,inf,0,0,1,1,0,1,0,0,8505,632,49,1,1,1,0,1,1736,3.3,24,1
2.6,6.760000000000001,0,0,2460,7.8083230503910555,0,1,4,0,1,0,0,1,0,0,0,26.55,75.07000000000001,0.45858703305822457,0.8218005645049266,0.7810660972014041,0.6040186005790349,0.524498580327209,0.631393639338945,0.20852587042138415,0.3511374323271639,0.468735923111836,0.9853944014727519,0.3746857468918201,0.6208676582465209,0.34051126098136153,0.7255421140519609,0.14647286271774906,0.048218857100048806,0.7783073497304087,1,1,inf,inf,0,0,0,0,0,1,1,1,2501,1207,164,0,3,1,1,1,2460,2.6,37,0
2.8,7.839999999999999,0,0,4189,8.340456012916183,0,1,1,1,1,0,0,0,0,0,0,26.92,77.69,0.4594814119118247,0.06209754403993761,0.5970286210493954,0.7680184050875944,0.3667273645675424,0.03897130849770536,0.34223871469680733,0.6714968505980873,0.5648316661663674,0.5379993151082783,0.3395362794699127,0.28469682490738024,0.5199388126356066,0.6776741610970507,0.050444016414484594,0.8022005703504992,0.19989505767469096,1,1,inf,inf,0,0,1,0,0,1,0,1,3703,3910,49,1,2,1,0,1,4189,2.8,21,0
3.1,9.610000000000001,0,0,2465,7.81035268372429,0,1,1,1,1,0,0,1,0,0,0,26.87,77.93,0.3424768294744057,0.12827440265044554,0.7183799032031236,0.652407008139577,0.889492908279972,0.16108623868434324,0.9874907884005805,0.7399679906421672,0.4433968567658483,0.6906709552561364,0.29430351225997,0.17003625191369243,0.3734916219245509,0.4218801650264232,0.5822751703361578,0.03169167756168745,0.437113137457145,1,1,inf,inf,0,0,0,1,1,0,0,0,8869,4737,156,0,3,1,1,0,2465,3.1,44,0
4.8,23.04,0,1,3095,8.037866234709618,0,1,3,0,1,0,0,0,0,0,0,27.89,77.8,0.13467125281460002,0.1731244583381245,0.8246403398972465,0.02159090316744605,0.20213227594925864,0.025349529369581347,0.4774961876812279,0.7096760283285345,0.3605457761342141,0.8453871865778567,0.4752141809978472,0.04928427599765273,0.9545136577511882,0.7156045074419087,0.1874856289860113,0.7939558043891002,0.25507150828827696,1,1,inf,inf,0,0,0,1,1,0,1,1,6185,2137,116,1,2,1,1,1,3095,4.8,48,1
4.1,16.81,1,0,3071,8.030084094267563,0,1,4,0,1,0,0,0,0,0,0,26.82,75.49,0.3835003564162123,0.21566658068622047,0.7456453880226848,0.06911515537331336,0.9012651285813957,0.8283090777153094,0.32829347874685577,0.14199845183125837,0.4707825250436186,0.579928687229645,0.3456556819311162,0.2670411548041116,0.4408629337877803,0.5099619144945835,0.5645989181828938,0.10588721822187974,0.5479438661176911,1,1,inf,inf,0,0,0,1,0,1,0,0,8733,2786,8,1,0,0,1,0,3071,4.1,37,1
2.7,7.290000000000001,0,0,3432,8.141189793457691,0,1,3,0,1,0,0,0,0,0,0,27.52,75.86,0.7759756951632761,0.7631732511543601,0.6596110814342955,0.8174668148605703,0.6996149903176394,0.02684327074250259,0.03526828149819561,0.2339786758663035,0.6598928224576375,0.47236226514799495,0.7318489289587713,0.036096324891662146,0.8610292841715886,0.20997359907176505,0.8130298080883869,0.19086643445513252,0.3839004250907594,1,1,inf,inf,0,0,0,1,1,0,0,1,8576,3689,192,0,3,0,1,0,3432,2.7,42,0
2.6,6.760000000000001,0,0,3005,8.00836557031292,0,1,3,0,1,0,0,0,0,0,0,27.75,77.51,0.7315851223162231,0.5170273922507634,0.11981122333027372,0.6838069067418616,0.5661855003296955,0.4480235161585988,0.06484296350821162,0.354109055619405,0.6451270261582431,0.13631367591136512,0.5583214462735802,0.18968398022691546,0.9572150517318566,0.9622076271449049,0.049228898313510405,0.8550963095053778,0.6844363878083695,1,1,inf,inf,0,0,0,1,1,0,1,1,8433,4840,251,1,1,0,0,0,3005,2.6,30,1
3.1,9.610000000000001,0,0,988,6.8966943316227125,0,0,1,1,1,0,1,0,0,0,0,27.25,75.16,0.738482032518872,0.7947545569521518,0.7404032849182646,0.8840800297684875,0.31569205717555515,0.5200380085146352,0.8234008547287355,0.7113790526135949,0.18682013562177446,0.6390934672095805,0.12147560617314579,0.8084074981143242,0.4248050981428475,0.6622783093636655,0.639432927602152,0.36210866389942875,0.6157936062932409,1,1,inf,inf,0,0,1,1,1,0,1,0,2220,864,334,1,1,0,1,1,988,3.1,33,0
3.2,10.240000000000002,0,0,490,6.19644412779452,0,0,1,1,1,0,0,0,0,0,0,26.26,76.13,0.32957881523458366,0.9842977442483967,0.1774996812448132,0.8655897184514321,0.553659710761299,0.8663944382025289,0.6230524779478318,0.7777952082663849,0.5402639648439173,0.15869073196016958,0.2298340842082892,0.5243825914901513,0.2889111379477821,0.03233140888677799,0.36878704398208484,0.43654965462646966,0.6475001973235288,1,1,inf,inf,0,0,1,0,1,0,0,0,4020,2064,260,1,1,1,1,1,490,3.2,35,0
4.5,20.25,1,0,4792,8.474911799159631,0,1,3,0,1,0,0,0,0,0,0,26.66,76.31,0.3714951405019924,0.7437590609023089,0.6357680696778946,0.7063071196265052,0.23729863526625428,0.7308903749053044,0.6264783700400822,0.49298439068323285,0.18768144644353912,0.582155251042086,0.4146372408497383,0.030119354670400278,0.6787491044215527,0.19426022498614282,0.372300227403769,0.24572152213575882,0.02652117154897604,1,0,inf,inf,0,0,1,0,0,1,1,0,6142,7,35,1,3,0,0,1,4792,4.5,21,1
4.1,16.81,1,0,4441,8.398860004454372,0,1,4,0,1,0,0,0,0,0,0,26.990000000000002,76.4,0.15629835551587512,0.45187265987485203,0.19732544232028004,0.8600808189684657,0.10372078790263262,0.8102575483122416,0.44375978505639646,0.5095908352339227,0.8106623309583018,0.8066486336787648,0.30880531396395894,0.5363938290124185,0.6481800287182213,0.7358695614737902,0.42205702685506685,0.10017169251181102,0.45538895449629513,1,1,inf,inf,0,0,0,0,1,1,1,0,5901,2026,198,1,3,0,1,1,4441,4.1,30,0
3.3,10.889999999999999,0,0,2586,7.8582541821860294,0,1,2,1,1,0,0,0,0,0,0,26.09,75.79,0.49245174722062324,0.6204428282985014,0.18660856516966684,0.25731114682216316,0.41328182750464126,0.15981126082649788,0.17888409034912733,0.021566093831744126,0.31763118601860096,0.786697045844968,0.7819271917148153,0.564016104651435,0.5126893272329143,0.5360275198808399,0.1455354250212506,0.4019995658702378,0.5285679216746778,1,1,inf,inf,0,0,1,1,0,1,1,0,4701,4280,164,1,0,1,1,0,2586,3.3,9,0
4.5,20.25,1,0,1246,7.1284959456800365,0,1,3,0,1,0,0,0,1,0,0,26.16,75.41,0.34195727614631444,0.33004890616952043,0.1553504906182066,0.6920360139367302,0.3727915961939853,0.5026183937533126,0.05187522711238046,0.34915339961333447,0.9980898867689317,0.15057162548710468,0.22418134109398258,0.5151084472756913,0.6721641980089504,0.43202310336385674,0.9848680113834118,0.5260882525315841,0.5560182441105177,1,1,inf,inf,0,0,0,1,1,1,0,0,9011,4230,354,1,2,1,0,1,1246,4.5,17,0
3.0,9.0,0,0,768,6.645090969505644,0,0,2,1,1,0,0,0,0,0,0,26.57,75.78,0.30689505488596514,0.08673594620805136,0.16714206277543764,0.25598962036314377,0.9250310208166146,0.8247789418083284,0.3419194350871153,0.6072750191736984,0.572164888705607,0.7012686555488771,0.22712109350341458,0.06110137625750156,0.2088323903332976,0.4359703179685761,0.1987988318386329,0.654753555532823,0.4829181372972734,1,1,inf,inf,0,0,0,1,1,1,1,1,625,2750,291,1,3,1,0,1,768,3.0,38,0
3.6,12.96,0,0,236,5.4680601411351315,0,0,4,0,1,0,1,0,0,0,0,26.29,75.92,0.33168077317970024,0.3291437568501726,0.44262232051192374,0.6809077988151044,0.5206176550476072,0.5097938074387882,0.6874957683264509,0.05224171249745191,0.9861214030121824,0.2747497018601993,0.4608820299969024,0.47245648000400564,0.7256485636685791,0.2562284268744235,0.2573812318675097,0.7211924814350374,0.5292481371423969,1,1,inf,inf,0,0,1,1,1,0,1,0,7708,1385,221,0,1,1,0,1,236,3.6,27,1
2.8,7.839999999999999,0,0,3966,8.28576542051433,0,1,4,0,1,0,0,0,0,0,0,27.55,76.28,0.21047843798681964,0.7102182954244807,0.22928031344873545,0.4148568706653398,0.9185700570914553,0.6423538402480998,0.9489694831826129,0.988391768090528,0.9542074308939742,0.7826069324197689,0.9465490756622033,0.7538092474940098,0.579189104702776,0.6272962659124797,0.5071029860231915,0.7300746582273707,0.9109252442456709,1,1,inf,inf,0,0,0,1,0,1,0,0,4314,1914,313,0,2,1,0,1,3966,2.8,44,0
4.9,24.010000000000005,0,1,225,5.420534999272286,0,0,3,0,1,0,0,0,0,0,0,27.57,76.55,0.1687005394320059,0.8529488073100181,0.8331572764617465,0.8347895077194807,0.23445833477186417,0.7605141025901397,0.9527151543237277,0.19622795621303835,0.608554805438844,0.4789060599445639,0.3623266983151936,0.45387624108783253,0.6189872062153394,0.8252144591588293,0.06143511067725538,0.7783819949465279,0.06732480384757655,1,1,inf,inf,0,0,0,0,0,0,1,0,2977,1390,348,0,3,1,0,0,225,4.9,26,1
4.6,21.159999999999997,0,0,2457,7.80710329012598,0,1,4,0,1,0,0,0,0,0,0,27.810000000000002,76.16,0.12498687530011332,0.9763021814903396,0.289300853730462,0.4199438996544913,0.8918489278967666,0.9231722938486744,0.5904290563215477,0.5919485741652789,0.3225664831186743,0.38320770024209083,0.4529419255510966,0.11280769738166385,0.7217168761737431,0.9798630037305026,0.18292628107449482,0.9818650005784243,0.9303651367403408,1,1,inf,inf,0,0,0,1,0,0,0,0,7395,280,0,0,2,0,1,1,2457,4.6,16,0
4.5,20.25,1,0,1442,7.274479558773871,0,1,4,0,1,1,0,0,0,0,0,26.830000000000002,75.56,0.6831446309793348,0.5053686620013883,0.22369964294634515,0.6145950623837444,0.10033795538530932,0.8989446681439829,0.05142978106771634,0.5840377473483555,0.7766963799007036,0.7243018433984851,0.8841516022423637,0.7408341996729105,0.24882991155291356,0.788561537022855,0.13907827832556363,0.46520143008279946,0.13978520022137508,1,1,inf,inf,0,0,0,1,1,1,0,0,8362,2253,16,1,2,0,0,0,1442,4.5,30,1
4.7,22.090000000000003,0,0,5000,8.517393171418904,0,1,4,0,1,0,1,0,0,0,0,26.12,75.37,0.7703179379152588,0.730815252408779,0.8557701280249694,0.49516406800471735,0.49194610351384094,0.8618562206766902,0.8145275589947837,0.30216022965162226,0.07503896341156124,0.2191613723794228,0.41417555113105675,0.5515666713686677,0.9199903874183771,0.7021960180604866,0.2964071774436332,0.9953490277222703,0.3459647097441756,1,1,inf,inf,0,0,1,0,0,1,1,0,8123,3269,69,0,3,0,1,0,5000,4.7,16,0
4.6,21.159999999999997,0,0,3386,8.127699852817772,0,1,4,0,1,0,0,0,1,0,0,26.26,76.9,0.4639997337002316,0.8389678141190032,0.197747451092936,0.735214617582267,0.05225169171912014,0.6065169620473161,0.9021803624361399,0.08910624019036073,0.6140337161776195,0.5644587617128604,0.13522689154148326,0.771162478173924,0.19123824593133565,0.8119825965117718,0.026901866674226227,0.5809893747387372,0.9675844448602027,1,1,inf,inf,0,0,0,1,0,1,0,0,5881,2282,178,0,1,1,0,0,3386,4.6,4,1
3.9,15.209999999999999,0,0,3658,8.204945165019208,0,1,4,0,1,0,0,0,1,0,0,27.39,76.84,0.6140243843592612,0.6022736239308025,0.5245517655626755,0.7688981783660707,0.15722974702630188,0.7027291610528468,0.13845740313395904,0.7625374912489258,0.20511911715016762,0.5409243009840615,0.9357554787331626,0.7152446361637239,0.47502450180306155,0.767384521011887,0.8348194726119499,0.8168685734742243,0.6591040593195099,1,1,inf,inf,0,0,1,1,1,0,1,1,6101,745,308,0,2,0,0,1,3658,3.9,33,1
4.4,19.360000000000003,1,0,3094,8.037543185118697,0,1,2,1,1,0,0,0,0,0,0,26.18,75.05,0.3937763363718031,0.8159000598419504,0.7622187018438054,0.19825090804832135,0.21931516319117805,0.9827333988011719,0.9907572869787294,0.21944910006366602,0.8482789514699068,0.7469623002908437,0.42855435469531533,0.8156547183906439,0.2669004930032357,0.14588795240855812,0.6684755614355878,0.9781724858598165,0.29431598853022245,1,1,inf,inf,0,0,0,0,1,1,1,1,1037,2774,340,1,1,0,1,0,3094,4.4,46,1
3.7,13.690000000000001,0,0,2818,7.9441374911141125,0,1,3,0,1,0,0,1,0,0,0,27.09,75.58,0.12885892521046904,0.8976734318911384,0.1397587288808163,0.00525070279338824,0.0610816296548643,0.5338245562580853,0.5352210151793635,0.038056716237040655,0.8516622753078936,0.6060866370070165,0.8574400002418011,0.5434231580530593,0.17051008903780251,0.3568187567721719,0.30228221104656217,0.533528117388504,0.8203124528542611,1,0,inf,inf,0,0,1,1,0,0,1,1,55,580,111,1,1,0,0,0,2818,3.7,7,1
3.9,15.209999999999999,0,0,3818,8.247743887225516,0,1,1,1,1,0,0,0,0,0,0,26.88,75.24,0.3711998635104292,0.5657491158141177,0.6506807546768794,0.1312019787314722,0.8568456581614593,0.23920782524610784,0.09577877596181072,0.3361312566747876,0.29803235649033577,0.4112900683069035,0.5238224278858034,0.7000945660333031,0.7677488164651058,0.8783429832879133,0.2231724212176136,0.10152600151564284,0.262008945609154,1,0,inf,inf,0,0,1,0,1,0,1,0,1889,4837,304,1,0,0,0,0,3818,3.9,47,0
3.7,13.690000000000001,0,0,2775,7.9287663216266955,0,1,2,1,1,0,0,0,0,0,0,27.05,75.24,0.5295062765106701,0.5443889928295166,0.6763131868959609,0.91493904481343,0.7609589942907345,0.9373977725385413,0.6538369365504669,0.6498374607885355,0.2728684779424667,0.21866815299031928,0.4306417392480617,0.7364230329143171,0.09110265780655824,0.6207763430234114,0.24388836275560133,0.03021006917827962,0.06447579483776944,1,1,inf,inf,0,0,1,1,1,0,1,0,2513,855,117,0,0,1,1,1,2775,3.7,3,0
3.5,12.25,0,0,2617,7.870165946469845,0,1,4,0,1,0,0,0,0,0,0,26.67,76.17,0.2945776495617034,0.13457709355998415,0.77819533412382,0.22045288335612612,0.2612843167507721,0.49788081529804273,0.41753113157452826,0.9590033237058128,0.4137085838877559,0.2680603149282679,0.8420462771385953,0.856494275116265,0.41466674739560627,0.9872106939689071,0.8889163076699138,0.7397257546042667,0.1503340247435615,1,0,inf,inf,0,0,1,1,1,1,1,1,4833,3539,219,1,0,0,0,0,2617,3.5,33,0
4.5,20.25,1,0,459,6.131226489483141,0,0,4,0,1,1,0,0,0,0,0,26.400000000000002,76.26,0.14571203947412348,0.01799190557225716,0.20310766512312417,0.8011113392563788,0.3770605848362558,0.5998665868546591,0.8243884356763709,0.5368671623559435,0.16396830321789924,0.6821376148385216,0.26577342696705963,0.6726588425186361,0.7772520545952724,0.5046496505137371,0.09395709177463518,0.15642388929920703,0.998649292479226,1,1,inf,inf,0,0,0,0,1,0,1,1,6901,2795,364,1,3,0,1,0,459,4.5,38,1
5.0,25.0,0,1,4692,8.453827315794417,0,1,4,0,1,1,0,0,0,0,0,26.28,75.86,0.35198649099686663,0.8486705860179363,0.2882297231415175,0.30865413549615694,0.5305078021031866,0.7278757427016822,0.8055054276684648,0.5497367140902337,0.511165112826548,0.8134613631471158,0.18996110369541164,0.4562311387315582,0.6628398613593122,0.3805873015517883,0.7330804459680432,0.06400300131870384,0.958628999861664,1,1,inf,inf,0,0,0,1,0,0,1,1,9534,2058,86,1,2,0,1,1,4692,5.0,29,0
3.0,9.0,0,0,1356,7.213031659834869,0,1,2,1,1,0,0,1,0,0,0,26.61,77.41,0.06852582050093825,0.9806933426728776,0.12908650703836488,0.08255328005623663,0.2927700357778472,0.4076781431531803,0.28724810250428157,0.34869526336142165,0.8107635576825821,0.3830046114240313,0.04063185817608672,0.4167363931385595,0.7333933353381097,0.4920408460422866,0.07762791774921374,0.2699719665829722,0.1473225834325147,1,1,inf,inf,0,0,0,1,1,1,0,1,2723,3911,182,1,0,0,0,0,1356,3.0,7,1
4.3,18.49,1,0,3952,8.282230063296685,0,1,1,1,1,1,0,0,0,0,0,27.89,76.65,0.9146489079932337,0.08670238221986504,0.0842983760318674,0.3396515315198392,0.6200043986427335,0.502573807122632,0.3204323708019009,0.690624525275706,0.2618465936174721,0.03836590714874888,0.0777538514884385,0.19352920379523098,0.7723897299541896,0.5375229722849757,0.13543625004314597,0.9077029545528967,0.13529389337825226,1,1,inf,inf,0,0,0,0,0,1,0,0,302,1554,157,1,1,0,0,0,3952,4.3,8,1
3.9,15.209999999999999,0,0,1019,6.927557906278317,0,1,2,1,1,0,0,0,0,0,0,26.53,76.98,0.811384994310693,0.8726946401786472,0.22721713862525195,0.15842423678321982,0.6747363300262045,0.06797700166980691,0.030110727800952808,0.6931363332480855,0.8292192674754361,0.8576999295504795,0.9441133551059965,0.30776516041781454,0.8235788833984213,0.16791685304610826,0.33975858601259634,0.538822003128053,0.3113008822396799,1,1,inf,inf,0,0,1,0,0,1,1,1,2477,32,13,1,3,1,0,0,1019,3.9,18,0
3.9,15.209999999999999,0,0,950,6.85751406254539,0,0,2,1,1,0,0,0,1,0,0,26.71,75.25,0.4248094152725689,0.9075151228982062,0.9897533112180156,0.5898575976093463,0.5246278323766054,0.47346016327276963,0.10098188473218506,0.5007753182354612,0.954157762445182,0.19680648819927382,0.3015045181527958,0.08766123916924695,0.4151964746627024,0.10414946714815043,0.6026520709096036,0.15061540722723377,0.7809890038289443,1,1,inf,inf,0,0,1,1,1,0,1,0,2558,4747,74,1,0,0,0,1,950,3.9,28,0
3.1,9.610000000000001,0,0,2438,7.79934339821592,0,1,1,1,1,0,0,0,0,0,0,27.94,77.41,0.5095866323916626,0.9760100850247195,0.11448558271718545,0.9034030319980499,0.962004156898314,0.8196128570987743,0.6196861214312386,0.06118188679294312,0.3588917972504122,0.5071501142653264,0.14687161581911612,0.5994668927147162,0.2587973660389682,0.05223029800484236,0.9496493405146423,0.25845621075078895,0.4131391515135767,1,1,inf,inf,0,0,1,1,1,0,0,1,7385,3428,193,0,3,1,0,1,2438,3.1,17,0
3.2,10.240000000000002,0,0,4670,8.449128460502108,0,1,1,1,1,0,0,0,0,0,0,27.16,75.64,0.23346315435731557,0.03812949968070123,0.6245039379516774,0.02174845083948651,0.21895622341960208,0.3069124393822562,0.7329730218912129,0.6419675425745031,0.6116217426406372,0.7330148071348929,0.7904119424396243,0.23461643046607616,0.01896928946876386,0.352733659705706,0.5812754143788471,0.4120368224142871,0.5430729838457704,1,1,inf,inf,0,0,1,1,1,0,0,0,5096,4822,247,0,2,1,0,1,4670,3.2,21,0
3.9,15.209999999999999,0,0,1979,7.590852123688581,0,1,4,0,1,0,0,0,0,0,0,26.7,77.46000000000001,0.7493280906677582,0.043139344720186434,0.13107160802425477,0.5340655207017349,0.5622680576687153,0.5197749705134812,0.32815810893654873,0.7993630593593924,0.842191127439697,0.8046365199450355,0.48931736744584453,0.8240764106170375,0.9661096235294327,0.1984923162218627,0.11136119029942226,0.9349499040093715,0.6044662831975761,1,1,inf,inf,0,0,1,1,0,1,1,0,8301,1130,151,1,2,1,0,1,1979,3.9,36,0
4.0,16.0,1,0,1669,7.4205789054108005,0,1,1,1,1,0,0,0,0,0,0,26.91,75.31,0.9969013002907707,0.7847999833577561,0.8114344929940623,0.06504167794540239,0.856216747582042,0.7458711060765101,0.5717585074001483,0.3443608228099132,0.0958574457898359,0.9601733246581476,0.20766511733871473,0.6591367582571329,0.12371650935834189,0.6528246921611589,0.7221666688164471,0.5560311799914456,0.9011123546568273,1,0,inf,inf,0,0,0,0,1,0,0,1,4036,3555,202,0,1,0,1,1,1669,4.0,26,1
3.9,15.209999999999999,0,0,2981,8.000349495324684,0,1,3,0,1,0,0,0,0,0,0,26.41,77.18,0.22967550540207904,0.021797623112868147,0.9082007956522874,0.28889510115914496,0.8915253599346783,0.3500714239863214,0.2001809410799188,0.7909929006758667,0.6082582227958657,0.9885934161260372,0.9747095659375181,0.34467163115120114,0.6253670040323626,0.5359824125877675,0.19424263548727916,0.4078281407088278,0.8652981960364514,1,0,inf,inf,0,0,1,1,0,1,0,1,7479,3454,305,0,3,0,0,0,2981,3.9,27,1
3.9,15.209999999999999,0,0,4939,8.505120610181969,0,1,3,0,1,0,0,0,1,0,0,26.63,77.31,0.072589572027427,0.8521055487522426,0.27714236004191706,0.9514408123899742,0.6273635631437067,0.3867028569337343,0.5009552634282098,0.7823310658359337,0.9249649759290063,0.29833611702938445,0.6487397812745083,0.4791214522186984,0.5068835917564225,0.49828804533355386,0.7255377010098132,0.15366737826020826,0.1778694067031522,1,0,inf,inf,0,0,0,0,1,1,0,0,4717,2137,58,0,1,1,0,0,4939,3.9,35,1
3.5,12.25,0,0,195,5.278114659230517,1,0,4,0,1,0,0,0,0,0,0,27.14,75.36,0.6816919041258899,0.5283646971710413,0.612724244233801,0.2730758474782411,0.3954240197464888,0.3077274761346298,0.9044890522507524,0.6040366290156047,0.8304404316795225,0.3064842280550877,0.5034530903348985,0.9291097437647698,0.6897135051043037,0.7876912359332799,0.0705956555512336,0.15163072939224687,0.7919310284331668,1,1,inf,inf,0,0,0,0,0,1,1,1,2040,2203,165,1,0,0,0,1,195,3.5,26,1
3.2,10.240000000000002,0,0,1511,7.321188556739478,0,1,4,0,1,0,0,1,0,0,0,27.560000000000002,75.12,0.04594640873065026,0.35165240399418396,0.18250618635153748,0.10657845676993905,0.8872200271303965,0.6280000172266749,0.7704756559208702,0.5762548888538978,0.11631064079893505,0.8903258962823476,0.827041675132193,0.7910398676919319,0.4680681198160108,0.4957731929356627,0.24947312248916353,0.5203567795308074,0.25069137737679736,1,1,inf,inf,0,0,1,0,0,0,1,1,8619,4699,177,0,0,0,0,0,1511,3.2,15,0
4.1,16.81,1,0,3327,8.1101268019411,0,1,4,0,1,0,0,0,1,0,0,26.5,77.25,0.7616530156801781,0.2767071207952939,0.39896973310841344,0.956742872428565,0.3565045277268719,0.46625531514861573,0.8517087697570281,0.9128835025501282,0.9799909655924116,0.6668432456304201,0.9797911551911399,0.8301261180698112,0.9313319634089672,0.6540389234441543,0.2855379748660962,0.9794477764424332,0.8083650707799968,1,1,inf,inf,0,0,1,0,0,0,1,1,4440,1822,78,1,1,1,0,1,3327,4.1,40,0
3.8,14.44,0,0,3184,8.066207568006265,0,1,1,1,1,0,0,0,0,0,0,26.57,75.73,0.6390909185021618,0.04616800567499324,0.8030341876629485,0.5827606307735518,0.6190900076353377,0.8960709036499945,0.5213913407942016,0.17876172660600287,0.12040767290618071,0.7688346903165804,0.5313121362684535,0.5980496645639484,0.2954263731163965,0.3607434310646478,0.9321736385772686,0.9656266887159842,0.299597992043277,1,1,inf,inf,0,0,1,1,1,0,1,0,6782,2490,37,0,2,0,0,1,3184,3.8,28,0
4.3,18.49,1,0,2266,7.726212650507529,0,1,2,1,1,0,0,0,0,0,0,27.900000000000002,77.02,0.9772879508497209,0.5150888416076469,0.3921265548299758,0.7461412561459678,0.215960258641826,0.834457557262003,0.8830312446584511,0.9377428122389465,0.19401742493052854,0.6137316363726976,0.3364852335834716,0.9184436368570591,0.9022042810997966,0.8639177829418098,0.20895493895810924,0.010543195008867356,0.486141753213186,1,0,inf,inf,0,0,0,0,1,0,1,0,1592,257,287,1,0,0,0,1,2266,4.3,35,1
3.2,10.240000000000002,0,0,742,6.610696044717759,0,0,4,0,1,0,0,0,0,0,0,26.43,77.33,0.23225004113157177,0.16382939253954665,0.5424646970889145,0.015622186515360736,0.11031415229995645,0.7846716727174939,0.5516564362932992,0.09921853717403706,0.30909256444352906,0.22514942834819085,0.9969798924271954,0.9903106467488841,0.8038085084397439,0.4527528191959602,0.05500923094988863,0.672269322255899,0.8534493502674614,1,1,inf,inf,0,0,0,0,1,0,0,1,4591,3653,62,1,2,1,1,0,742,3.2,1,0
4.5,20.25,1,0,4097,8.318254328798846,0,1,1,1,1,0,0,0,0,0,0,27.78,76.99,0.5930530998892525,0.3822642674066795,0.9640521424003174,0.39602835815561654,0.839562978442617,0.5382100275604549,0.8008539248084117,0.1109918001971194,0.30203080043406516,0.931207047124738,0.11407495279383295,0.6552311579607588,0.326068228954145,0.5651272540188519,0.5100498329965791,0.8198544814236934,0.45554365128123897,1,1,inf,inf,0,0,0,1,1,0,0,1,488,4658,362,1,1,1,1,0,4097,4.5,31,0
4.0,16.0,1,0,233,5.455321115357702,0,0,2,1,1,0,0,0,0,0,0,26.57,75.75,0.6523771366152208,0.2112400030662671,0.6293420475220125,0.60067776554874,0.05017740804012272,0.949482198382929,0.38508708520864077,0.5694386152156993,0.2823543332912326,0.9245769873296412,0.38039841723147017,0.15212685017550132,0.8864980834274698,0.00927887931323046,0.007427006284171589,0.12770171678931885,0.6342111260370362,1,0,inf,inf,0,0,0,0,0,1,0,1,6340,4402,268,1,1,0,0,0,233,4.0,35,0
4.9,24.010000000000005,0,1,4163,8.33423142973486,0,1,2,1,1,0,0,0,0,0,0,26.17,76.53,0.8482969146667966,0.26786720477155346,0.36185070328341773,0.6145403288325801,0.0982659041449021,0.4647876148711949,0.620025321948577,0.6911139223164762,0.6401158029458515,0.44576638338467556,0.6558947842650494,0.8036213532327835,0.1277420155680824,0.75422632654399,0.8564601496535177,0.4540037043259094,0.5853414196704755,1,1,inf,inf,0,0,0,0,1,1,0,0,8628,2835,323,0,3,1,0,1,4163,4.9,34,1
4.3,18.49,1,0,3715,8.22040309993373,0,1,4,0,1,0,0,0,0,0,0,27.72,76.77,0.985724221130242,0.8258494939096793,0.04693153809684647,0.6755147048681559,0.25717841799750996,0.4377409315417421,0.6148109162730706,0.630521584077556,0.7130428003107225,0.7883878444178857,0.7969407596485626,0.4004952473916399,0.5014131475840702,0.2324677400789239,0.21689295472245074,0.615171899571049,0.8436444632575955,1,1,inf,inf,0,0,0,1,1,1,0,0,2941,4609,296,0,0,1,1,0,3715,4.3,7,1
3.8,14.44,0,0,1408,7.25063551189868,0,1,4,0,1,0,0,0,0,0,0,26.0,75.46000000000001,0.6619077259734572,0.2692931903929352,0.6003858773424153,0.038651042269758684,0.9557467731884577,0.516260346415278,0.22048811696495008,0.7872575895901784,0.4353949222128941,0.5728620030680307,0.638038536898849,0.37054085482676347,0.41088069728913756,0.3363458013857785,0.5084589102597863,0.11080761832652086,0.0810964126792918,1,1,inf,inf,0,0,0,0,0,0,1,0,6248,120,266,0,3,1,1,1,1408,3.8,30,0
2.7,7.290000000000001,0,0,2865,7.960672608388117,0,1,1,1,1,1,0,0,0,0,0,26.12,77.97,0.05854979852543929,0.48751551693389994,0.3388220829395656,0.5972737411806595,0.6555421670388114,0.7956078184431448,0.17592437809298256,0.18897883389222725,0.055186305563926785,0.36920492630709434,0.5867483900402941,0.5239380071282339,0.5974345122996639,0.21413025444220957,0.24443022635633926,0.44466967914533184,0.53498565996232,1,1,inf,inf,0,0,0,0,0,0,1,1,6403,1177,144,0,0,0,1,1,2865,2.7,22,0
4.7,22.090000000000003,0,0,4265,8.358431899031295,0,1,2,1,1,0,0,0,0,0,0,26.6,76.51,0.21824141322724278,0.5261356639037305,0.41217327622349587,0.21369639783943728,0.19482659737145946,0.07704324042740629,0.015933420790584574,0.36468909340952893,0.5651148593321127,0.22247150010013705,0.7225596541367008,0.7390889603694654,0.7309263133664123,0.2776683427302945,0.6976932876113424,0.18973377783733814,0.13423886129802665,1,1,inf,inf,0,0,0,1,0,1,0,0,2120,2346,140,0,2,0,0,0,4265,4.7,35,1
4.2,17.64,1,0,4295,8.3654396361887,0,1,3,0,1,0,0,0,0,0,0,27.27,75.91,0.5897627642745779,0.19568895789512564,0.24268396500415745,0.6503877149680602,0.6483341164782453,0.841782164226998,0.7175334646217005,0.6948635981488124,0.8571548428088728,0.5630540036652053,0.42016916150994654,0.29951377540327495,0.3360572154975727,0.8398792888787425,0.158391958448447,0.44840317366545257,0.05325521781560594,1,1,inf,inf,0,0,0,1,0,0,1,1,8837,1265,269,0,0,1,0,0,4295,4.2,47,0
5.0,25.0,0,1,1018,6.926577033222725,0,1,3,0,1,0,0,0,0,0,0,27.44,75.18,0.5357689469126286,0.13182504399272743,0.32211017320827295,0.5481787831458567,0.7310422431885902,0.31485795496917435,0.09256295667169245,0.1954336718005174,0.9192708255454553,0.8097355518172559,0.8437998888044054,0.35809570514981925,0.8935558247630756,0.5085873676986175,0.15236866564238682,0.6703571894080734,0.8958553817009812,1,1,inf,inf,0,0,1,0,0,1,0,0,6798,3020,350,1,2,0,1,0,1018,5.0,29,1
4.3,18.49,1,0,1432,7.267525427828172,0,1,4,0,1,0,0,0,0,0,0,26.48,76.48,0.47116670563996377,0.9903884790009306,0.9877562053882215,0.07999869067980847,0.6049385723967858,0.48501459708194883,0.22768345455731553,0.27639028321899317,0.21603567093422194,0.4397000024968213,0.22309857008335887,0.2078492576348927,0.6116375075590654,0.31676176209425966,0.3602735695842314,0.7019969012907827,0.4948336934125691,1,1,inf,inf,0,0,0,0,0,1,0,0,3238,2059,311,1,3,0,0,1,1432,4.3,10,1
2.9,8.41,0,0,637,6.45833828334479,0,0,4,0,1,0,0,0,0,0,0,27.53,77.54,0.5006812859147406,0.6201243015823971,0.42613435369071084,0.5703555956736909,0.7034334090070622,0.5297388810564778,0.7705270249998071,0.7002333949940196,0.3169714903727646,0.9432717899101886,0.1690820585352234,0.577598265003484,0.7988774731837762,0.03420683860459872,0.3038876705737954,0.5385086751240971,0.5063266973460391,1,1,inf,inf,0,0,1,0,1,0,1,0,5480,1874,112,1,3,1,0,0,637,2.9,24,1
2.8,7.839999999999999,0,0,3692,8.214194414852564,0,1,2,1,1,0,0,0,0,0,0,26.1,75.42,0.794717858419163,0.4869402789477043,0.6253294749244448,0.6250797746573352,0.3110852511917732,0.30887345268926303,0.6466992015444034,0.3745743623701947,0.3599135683593757,0.33386678870932485,0.7849808341552664,0.05629588574937516,0.3858192059793596,0.6044664606107992,0.7644105426204917,0.48874615220418893,0.33942878863224313,1,1,inf,inf,0,0,1,0,0,0,0,0,2419,2186,38,1,1,0,0,0,3692,2.8,9,1
3.2,10.240000000000002,0,0,1816,7.504942068396171,0,1,4,0,1,0,0,0,0,0,0,26.42,75.02,0.7308929855280094,0.7826314925752825,0.043598121187320094,0.9876394834917094,0.6168778200126842,0.5433376369652578,0.08099074173188914,0.5387044985658838,0.47532817645117786,0.01597799732137939,0.5844165709558896,0.7341216355298585,0.4104273754407386,0.5478199825921352,0.1645094428774544,0.5065708685744208,0.10071698557557607,1,1,inf,inf,0,0,1,1,0,0,0,0,3998,894,109,0,0,0,0,1,1816,3.2,9,1
2.7,7.290000000000001,0,0,2013,7.607878073278507,0,1,4,0,1,0,0,0,0,0,0,27.85,77.51,0.6675082738096129,0.9845448416106204,0.6899264919594306,0.3133392234106561,0.1926536420439171,0.8800747619956774,0.30808587653673924,0.8034103557784433,0.706558811878138,0.784957702876923,0.61766539893865,0.6453515013576857,0.18759779378175567,0.8566684007277934,0.2660964314135058,0.5352475581974956,0.8918491663338001,1,1,inf,inf,0,0,1,0,1,1,0,0,1507,1106,221,0,3,1,0,0,2013,2.7,8,0
4.9,24.010000000000005,0,1,1295,7.16703787691222,0,1,4,0,1,0,0,0,0,0,0,27.150000000000002,77.51,0.8325957426561604,0.5304435757464346,0.083652107933602,0.2035126692378617,0.1757976358167853,0.6688798294338326,0.6612096643841908,0.08535472706404312,0.1765015674472068,0.3773607616771073,0.42457852563037113,0.9558713899931678,0.5719888681928766,0.9274619414840343,0.2598095325108376,0.3013088416406168,0.7662960862662375,1,1,inf,inf,0,0,1,1,0,1,1,0,7990,3185,144,1,3,0,1,0,1295,4.9,38,0
2.6,6.760000000000001,0,0,838,6.732210706467206,0,0,4,0,1,0,0,0,0,0,0,26.94,76.36,0.8551048392123921,0.12705113152974168,0.4279545556550344,0.8316533237745234,0.29754129276705343,0.26974904031606073,0.19570157629641605,0.302205711883758,0.9309952824247908,0.34585248396850266,0.06782199475400741,0.1081920442889649,0.825830351995866,0.6631863729419404,0.5434741886301723,0.12109538536369946,0.9395962629475533,1,1,inf,inf,0,0,1,1,1,1,0,1,2311,4501,92,0,2,1,1,0,838,2.6,48,0
4.9,24.010000000000005,0,1,1246,7.1284959456800365,0,1,1,1,1,0,0,0,0,0,0,26.7,77.56,0.2673056694165945,0.8511818932209494,0.36155741918962114,0.6288823236506801,0.9369848410949527,0.7280076371280547,0.4729452468615414,0.6290208455170314,0.40606778221123063,0.6620088805589107,0.6403489891543087,0.7710105252840529,0.999863701695281,0.463754156513291,0.8985109894040664,0.014710041491499348,0.3886095693439847,1,1,inf,inf,0,0,1,1,0,0,1,0,5932,932,179,0,0,0,1,1,1246,4.9,39,0
3.1,9.610000000000001,0,0,3589,8.185907481482324,0,1,3,0,1,0,0,0,0,0,0,26.09,76.98,0.37792032732168,0.8177711800288093,0.9641124430955529,0.8758850284481801,0.7491175016007011,0.06296353675039379,0.7469886869789997,0.23873538232181268,0.9166805227363596,0.911458766565485,0.1420848679799842,0.935221642334685,0.6578564962614933,0.8988237211234993,0.15219963163766181,0.5665867749823082,0.9339190463094637,1,1,inf,inf,0,0,0,1,0,0,0,0,2044,3650,115,1,3,1,0,0,3589,3.1,29,0
2.9,8.41,0,0,3783,8.238536930171769,0,1,3,0,1,0,1,0,0,0,0,27.830000000000002,75.15,0.46900567794714276,0.37619001080663184,0.4010213816861722,0.21723631570878388,0.6349574477170044,0.4587678879847754,0.010411964370029003,0.7489546506827985,0.7161954863602832,0.05578805254064645,0.2918630475429743,0.8758768662044821,0.0747046550871453,0.9904372702048098,0.9905567043034933,0.3267777016866905,0.6902116038441453,1,0,inf,inf,0,0,1,0,1,1,1,1,9418,2144,41,0,3,0,0,0,3783,2.9,22,0
2.5,6.25,0,0,1478,7.2991214627108,0,1,2,1,1,0,0,0,0,0,0,26.69,76.28,0.5427366211789051,0.20212829590982162,0.7899292093926467,0.2969950415587581,0.0840591597873751,0.6009649004453399,0.7246154770678727,0.522211078295544,0.035084757117722964,0.37469178211630827,0.04969548160218473,0.46773615547279423,0.36824103206672787,0.11038823819921206,0.43180952085486224,0.46462476102542904,0.8285392057531707,1,0,inf,inf,0,0,0,0,0,1,1,1,7676,3242,50,1,2,1,1,1,1478,2.5,3,0
3.6,12.96,0,0,2314,7.747164966520335,0,1,3,0,1,0,0,0,1,0,0,27.18,77.73,0.34199078414147166,0.6674124809572054,0.24739728927792448,0.5754898640039872,0.21135959765782153,0.1135173417111941,0.5508623544148383,0.7065356559543211,0.5537951669958596,0.7878682615738916,0.36061752573460426,0.9353609279380865,0.29064597382675006,0.19117319449994508,0.9102282875811257,0.2941452949386366,0.9370967433153112,1,1,inf,inf,0,0,1,1,0,0,1,0,8228,3437,257,1,3,1,0,0,2314,3.6,49,0
4.6,21.159999999999997,0,0,4288,8.36380888451688,0,1,3,0,1,0,0,1,0,0,0,27.330000000000002,75.61,0.63553113911154,0.7506950089347895,0.24599078524994555,0.4949709554548366,0.3323048458642621,0.9049864142434386,0.28772607057581967,0.9129712420517477,0.7538103622687964,0.5298579264765946,0.746739212494416,0.3837516310632638,0.4167385949464023,0.7822842254675727,0.9758629457552551,0.13997399357297502,0.17676932371242748,1,1,inf,inf,0,0,1,0,0,1,1,0,8499,12,241,1,3,1,1,1,4288,4.6,14,0
2.9,8.41,0,0,1653,7.4109518755836366,0,1,1,1,1,0,1,0,0,0,0,26.150000000000002,77.5,0.002501753716554589,0.5361276525652892,0.23380804101732156,0.15784906187853465,0.2603423426003564,0.492956761825076,0.2140718754038985,0.2323958202725187,0.4714587481110959,0.8459382252291837,0.4170487579678821,0.18909920743796427,0.9034276965447259,0.2243538169159227,0.6356604015343219,0.4545779097264394,0.4435729278450872,1,0,inf,inf,0,0,1,1,0,0,1,0,4876,2552,357,1,3,0,0,1,1653,2.9,40,1
4.2,17.64,1,0,2201,7.697121317282625,0,1,3,0,1,0,0,0,0,0,0,26.44,77.56,0.09508554188226681,0.7055655341447684,0.7446614523804517,0.5208468417874709,0.8240600761923816,0.08420516638142395,0.5855443883207763,0.24243712436175457,0.6907498064725054,0.8443856547487696,0.5518082898219395,0.36766485782345504,0.9291320644410039,0.31837743111124195,0.06648900304618488,0.5714477447971203,0.8527631373398235,1,1,inf,inf,0,0,1,0,1,1,1,0,6436,768,214,1,1,0,0,0,2201,4.2,47,1
3.5,12.25,0,0,1970,7.58629630715272,0,1,1,1,1,0,0,0,0,0,0,27.88,77.10000000000001,0.2967482051850162,0.08055034022644003,0.7747286114774962,0.8212445519379657,0.5595247325964267,0.1747809208417076,0.9765410710124245,0.8665727146780117,0.1356421904704055,0.9236753695384484,0.06701105966641774,0.8660632242597377,0.5944688101880995,0.622559390012489,0.932424241771899,0.12576988913807519,0.14511165862867592,1,1,inf,inf,0,0,1,1,0,1,0,1,402,459,325,0,2,1,0,0,1970,3.5,34,1
2.5,6.25,0,0,336,5.820082930352362,0,0,2,1,1,0,0,0,0,0,0,26.11,75.07000000000001,0.48020311499007795,0.004554280658613963,0.5933120191394238,0.5591224310673995,0.5973262677724097,0.39548293676880353,0.8456896533796278,0.3132850498237323,0.17551382539481886,0.5590035973421862,0.1364409036901567,0.1448112919933603,0.2985010961751692,0.10053369599031903,0.9172257306675601,0.9434253745280343,0.356205844460426,1,1,inf,inf,0,0,1,1,0,0,1,1,7559,28,119,1,3,0,0,1,336,2.5,27,1
3.1,9.610000000000001,0,0,1283,7.157735484249907,0,1,3,0,1,0,1,0,0,0,0,26.16,76.49,0.9834179160043688,0.10450878728640844,0.1389135688978672,0.04613233203232914,0.25274767100035456,0.07980979237562558,0.8141225763002112,0.5798168810765958,0.7911073774657653,0.34137061424717985,0.4151694976503282,0.15546503785528032,0.6415498305105454,0.7645526882739794,0.6034600656189689,0.13489151013408018,0.28960269868569233,1,0,inf,inf,0,0,1,1,0,0,0,0,9763,1752,114,0,2,1,1,1,1283,3.1,9,1
3.4,11.559999999999999,0,0,4384,8.385944904806284,0,1,3,0,1,0,0,0,0,0,0,27.63,75.91,0.02662820264735688,0.4740228696321026,0.026069416407257795,0.8139110879735727,0.46773161818599907,0.16634918217025862,0.0683968488543325,0.5749399760742245,0.20305190760060576,0.6712562495588514,0.09115543537585824,0.9469559053540092,0.6603892185202842,0.9513845968214718,0.19016073114408316,0.12299895970664376,0.06870030616846134,1,1,inf,inf,0,0,1,1,0,0,0,0,6951,2846,173,0,2,1,0,0,4384,3.4,3,1
3.1,9.610000000000001,0,0,1684,7.429520842786462,0,1,3,0,1,0,0,0,0,0,0,27.57,75.92,0.13942920011852178,0.8169359886280767,0.998129912129916,0.7761998444872698,0.5225585042842128,0.4685060660200173,0.4723820665050321,0.054133195158997505,0.9180817775836533,0.06189694197603124,0.49730226981774706,0.4560166228464204,0.21167308894638126,0.9292907125402364,0.9381009425626169,0.18554940189171987,0.671100397838968,1,0,inf,inf,0,0,1,0,1,1,0,0,5520,2748,271,1,0,0,1,1,1684,3.1,1,1
3.8,14.44,0,0,3023,8.014335737299424,0,1,1,1,1,1,0,0,0,0,0,27.6,75.09,0.3895050421049887,0.2638930256124836,0.30125173767534896,0.3169277262891781,0.8680069467841625,0.6939028855648482,0.2931454827268414,0.22386073270346374,0.26498499018586275,0.5081544055792326,0.3851137491381814,0.9850548280194942,0.06583373849445329,0.8256775185430751,0.7632881417754439,0.48259541825619345,0.35181620319984286,1,1,inf,inf,0,0,1,1,1,1,0,1,8221,1897,49,1,0,1,0,1,3023,3.8,21,1
3.4,11.559999999999999,0,0,1315,7.182352111885263,0,1,3,0,1,0,0,0,1,0,0,26.23,76.03,0.7194885029122337,0.36586838344898354,0.23631902543601213,0.29824707503227543,0.2546161931147406,0.7639666285458118,0.6792572166654148,0.8796108712674265,0.7359116321501884,0.3308970421375652,0.26606067420484614,0.5370890518144484,0.09358787279626168,0.9439512969137794,0.08696593963443011,0.2721139204937024,0.8921186543435614,1,1,inf,inf,0,0,0,1,1,1,0,1,7636,2938,162,0,2,0,1,0,1315,3.4,31,0
4.0,16.0,1,0,4888,8.494743062578646,0,1,1,1,1,0,0,0,0,0,0,27.46,75.06,0.3805966262548832,0.4860697641968621,0.11800010353200907,0.31037923268462786,0.7379995754750349,0.20435379980487656,0.2198556545954783,0.9447860187474707,0.13750452094278487,0.06828968600163998,0.603344881705614,0.0674569035470397,0.511310372006922,0.3543988395888442,0.7318441220194868,0.48578001531968007,0.22397694660492395,1,1,inf,inf,0,0,0,0,0,0,1,0,3186,3969,141,1,3,0,1,0,4888,4.0,41,1
3.9,15.209999999999999,0,0,4247,8.354203562921775,0,1,4,0,1,0,0,0,0,0,0,27.01,76.0,0.7936263624003103,0.6047175022631389,0.6654876262163182,0.037543187468245365,0.6140364507160798,0.2947584920864257,0.4907632389708019,0.04007588399531947,0.5450773221469155,0.04540946554942116,0.18142077147929092,0.5790977187821816,0.7748255330995322,0.01900997603467036,0.05228614388049402,0.008129085555054871,0.37280565540756383,1,1,inf,inf,0,0,1,1,1,0,0,1,9427,897,36,1,3,1,1,0,4247,3.9,25,0
3.9,15.209999999999999,0,0,3474,8.153349757998892,0,1,2,1,1,0,0,1,0,0,0,26.57,75.57000000000001,0.5916881392824411,0.6361363758358646,0.16550075653310092,0.8052758148607921,0.36822346842893083,0.31673884772667216,0.2985816095554632,0.7910526892720033,0.9443385874911623,0.9743018042274799,0.7216622594644678,0.46810938615791686,0.7262232579987065,0.7464365118484098,0.5356305733582314,0.950725061160056,0.748883340792165,1,1,inf,inf,0,0,1,0,1,1,0,1,8170,1665,51,1,0,1,1,1,3474,3.9,14,1
4.2,17.64,1,0,4826,8.481980435660493,0,1,1,1,1,0,0,0,0,0,0,27.43,77.43,0.07357281240099656,0.6884271859784187,0.7749496934494517,0.16126323907879914,0.5413845153939256,0.35852422058190625,0.9132991589035498,0.13626531835959432,0.8914018265950941,0.12095844874624484,0.43276849976826104,0.781565096025344,0.7559729664306165,0.1955094312426936,0.3545880461144989,0.4493611990505788,0.6883785270664314,1,1,inf,inf,0,0,1,0,0,1,0,0,8756,3816,214,1,3,1,1,1,4826,4.2,36,0
2.9,8.41,0,0,2691,7.898039690764619,0,1,2,1,1,0,1,0,0,0,0,26.68,75.24,0.798981996538921,0.764463728293276,0.5375562559346433,0.012823259910901386,0.07000682037237504,0.9018943103795367,0.7589536203782015,0.8435034991997364,0.2729567634150911,0.6801268329371991,0.6965317859582074,0.13967216174664165,0.01676591002935246,0.31632269973002003,0.8693075168364216,0.7909563559111749,0.017718486299544978,1,1,inf,inf,0,0,1,1,1,0,0,0,2848,2971,267,1,2,1,1,1,2691,2.9,43,0
4.1,16.81,1,0,714,6.5722825426940075,0,0,1,1,1,0,0,0,0,0,0,27.03,75.05,0.9666205739807009,0.036477945330046335,0.5388377782866246,0.4544598791499762,0.25958575475443324,0.20923188859851616,0.8624772075759571,0.7293869879144027,0.32860361569388785,0.8639032162547721,0.018222439642107346,0.4547898735613529,0.29172096494547173,0.12553620646962826,0.43025791040827155,0.790190304153711,0.7746933301889796,1,1,inf,inf,0,0,0,1,1,0,1,0,3476,2954,17,1,1,0,0,0,714,4.1,19,0
3.4,11.559999999999999,0,0,55,4.02535169073515,1,0,4,0,1,0,0,0,0,0,0,26.38,75.96000000000001,0.03888532566090619,0.5519230945284653,0.2626173225735664,0.8493348500450023,0.06536633894786381,0.2278956584596551,0.20636437086260662,0.26569095433437095,0.6759100843135561,0.5757687617338132,0.7325538765513544,0.19978063804278157,0.7936418362882208,0.8450430206688105,0.838763753224384,0.5145300358836675,0.9179282879582061,1,1,inf,inf,0,0,0,0,0,1,0,0,8401,4,334,1,2,0,1,1,55,3.4,46,1
4.2,17.64,1,0,1731,7.4570320891223805,0,1,3,0,1,0,0,0,1,0,0,27.830000000000002,76.67,0.4673808099923574,0.15991279413370674,0.18496150787659427,0.6709645185319401,0.8013201509116107,0.15670169563726255,0.5574112841010018,0.5720988185227321,0.10725735836479944,0.6308763763494877,0.4997812889738229,0.7299445504471136,0.2515152888073142,0.03710629287481437,0.569064221232373,0.3464130331557723,0.38453228049051846,1,1,inf,inf,0,0,0,0,1,0,0,1,2726,1859,357,1,3,1,1,1,1731,4.2,42,1
4.7,22.090000000000003,0,0,1891,7.545389749611823,0,1,4,0,1,0,0,0,0,0,0,26.97,76.96000000000001,0.24841037062750104,0.8670912284199825,0.0066184245230112015,0.43819623271870045,0.6198286089572691,0.9260340786531613,0.832423465346332,0.6912995202920048,0.6405987837544099,0.11800882960710712,0.9849895745827221,0.4511541019318752,0.3881648768363135,0.07924090648073268,0.132845467784507,0.7218905962722268,0.5476502988676307,1,1,inf,inf,0,0,0,1,0,0,1,0,5896,1746,136,1,3,1,0,1,1891,4.7,43,0
4.2,17.64,1,0,977,6.885509670034818,0,0,1,1,1,0,0,0,0,0,0,26.72,76.77,0.4998596797172712,0.34389173618469004,0.1580603104811329,0.33684229024918977,0.568336953404706,0.9647404639687137,0.7944039358332394,0.8090086031811496,0.071839964137008,0.20301044333872154,0.5061981625434665,0.3596408098422541,0.924211458401221,0.048583665756287586,0.0656331209493588,0.8211033003862573,0.19094574976888246,1,0,inf,inf,0,0,0,1,1,0,0,1,8935,1268,63,1,3,0,0,0,977,4.2,22,0
3.1,9.610000000000001,0,0,3997,8.293549515060345,0,1,3,0,1,0,0,0,1,0,0,26.51,76.49,0.3671815841116731,0.395774981709174,0.8694529776782005,0.0004091927835211395,0.7341289419222009,0.42195986460759216,0.01892820558966679,0.6691488798408342,0.34189811918417945,0.6069131082778527,0.33317951298489024,0.8531201299543638,0.5393607536626221,0.3442652639264976,0.7314658301553092,0.29961038236054394,0.1951655159582404,1,1,inf,inf,0,0,1,0,0,0,0,0,7858,2738,292,0,2,0,1,1,3997,3.1,44,1
3.1,9.610000000000001,0,0,1146,7.044905117129371,0,1,2,1,1,0,0,0,0,0,0,27.71,75.5,0.25424285934954494,0.32051937742301206,0.2735096147986935,0.8592439629236889,0.7306636959011037,0.3296896907813631,0.6236642758544175,0.729228656385037,0.5790307380450996,0.8085432715196704,0.015679426918070005,0.5009005254110839,0.4494774253903622,0.41985504248694294,0.019267162423818873,0.5613098515646276,0.9206037191623964,1,1,inf,inf,0,0,1,1,0,1,1,0,5365,2944,47,0,2,1,1,1,1146,3.1,39,0
2.7,7.290000000000001,0,0,1965,7.583756300707112,0,1,4,0,1,0,1,0,0,0,0,27.28,76.94,0.14495324204105908,0.29697911110079334,0.59045641925969,0.1384516950279827,0.3408045396083801,0.6793918521513075,0.5874054444079193,0.43398520590918843,0.3750338163959692,0.32813209632685103,0.7713184000645729,0.1488886771153778,0.600695870287729,0.16913516567384912,0.7217971718685658,0.33369966331665835,0.3016205946565228,1,1,inf,inf,0,0,0,0,1,0,1,0,3581,4602,184,1,3,0,0,1,1965,2.7,14,0
3.6,12.96,0,0,2761,7.923710333969238,0,1,1,1,1,0,0,0,0,0,0,26.96,76.9,0.4510926084804585,0.662164592243739,0.26251104932262437,0.8292686586497187,0.27747177977100335,0.28055238000965754,0.5398971513761691,0.4890601573134534,0.9545286872646248,0.7215711513938488,0.7293511688117141,0.2241559947006614,0.8266375662539843,0.6472680158173583,0.31854745573558985,0.7110750138043863,0.8908814287877551,1,0,inf,inf,0,0,0,1,1,1,0,1,1271,2921,65,1,0,0,0,0,2761,3.6,12,0
3.3,10.889999999999999,0,0,4626,8.439663988907,0,1,2,1,1,0,0,0,0,0,0,27.310000000000002,76.24,0.7722576537215433,0.09944053270299114,0.759424718990031,0.4759282965767646,0.4831183872833581,0.2978204364612004,0.7076661135568162,0.3826897740429561,0.43691734736311405,0.5233127757075123,0.29170748935148716,0.29847096524793537,0.07725392378291984,0.7082496250836336,0.008582894511224848,0.9730373375813034,0.28149083861234936,1,0,inf,inf,0,0,0,1,1,1,0,1,5221,412,20,1,1,1,1,0,4626,3.3,0,1
3.9,15.209999999999999,0,0,2996,8.005367067316664,0,1,2,1,1,0,0,0,0,0,0,27.36,76.21000000000001,0.6012331988409838,0.3487551592480881,0.9998189232479562,0.6076630480062281,0.37172452980775783,0.9595204778531794,0.8057491786614582,0.9557802388363756,0.3123037082076139,0.8009016186857859,0.86987893454659,0.5973821518542244,0.10040559755279366,0.48259043726800377,0.03597175605957437,0.6934890444668317,0.9997132293150803,1,1,inf,inf,0,0,1,0,0,0,0,1,5818,2182,249,1,0,0,1,0,2996,3.9,26,0
2.8,7.839999999999999,0,0,1688,7.4318919168078,0,1,1,1,1,0,0,0,0,0,0,27.41,75.71000000000001,0.7298751627273882,0.16756020161331953,0.18695130732439869,0.8005733867270266,0.5290256924515185,0.8972195730037619,0.8435555467222519,0.5520620103108707,0.45524559588274927,0.9719186126645265,0.4047612803460334,0.9273138897629489,0.08036831318886373,0.38347320624223846,0.8532583866504699,0.9528382889911331,0.32124269560085694,1,1,inf,inf,0,0,1,0,0,1,1,0,4021,3077,206,0,1,0,0,1,1688,2.8,24,0
4.3,18.49,1,0,3602,8.189522110748094,0,1,1,1,1,0,1,0,0,0,0,26.5,76.51,0.02248692511142647,0.01893902790532931,0.33764931624838235,0.15531886384605487,0.590556568715899,0.16087707450374178,0.5503501380670462,0.870751888135462,0.5492700005520131,0.6795690117467094,0.1884135928730959,0.35783884961585044,0.6854910086382001,0.09408662126559164,0.10404620795137975,0.641362500238817,0.5324020581808959,1,1,inf,inf,0,0,1,0,0,1,1,0,7665,4657,273,1,0,1,1,0,3602,4.3,37,0
4.4,19.360000000000003,1,0,2499,7.824046010856292,0,1,4,0,1,0,0,0,0,0,0,26.7,76.7,0.12717851370274347,0.9431413073451635,0.06396370608484359,0.6914782424437058,0.5782262319297645,0.47337687281358476,0.7338272945020161,0.13506989039597117,0.6927716846577912,0.004311372379937839,0.7550935040226725,0.8146789216402575,0.24305211362864265,0.4365496101749534,0.8940431008435753,0.6787924937702052,0.8379986984033196,1,1,inf,inf,0,0,1,0,1,0,0,0,3248,524,9,1,0,1,0,0,2499,4.4,5,0
2.7,7.290000000000001,0,0,4456,8.402231172946555,0,1,1,1,1,0,0,0,1,0,0,26.66,75.37,0.9802239628784847,0.36994617124989737,0.6141819043961558,0.1884808065417457,0.12855409161479625,0.7598222996515404,0.22067811991310682,0.05063841284493531,0.3504049379047862,0.68745374481231,0.27889424952367525,0.7617802466261335,0.04627106796878766,0.09099912916865727,0.985244680150346,0.9988762811445642,0.37734012982317977,1,0,inf,inf,0,0,1,1,1,1,1,0,6683,3443,104,1,2,0,0,1,4456,2.7,5,1
3.5,12.25,0,0,597,6.393590753950631,0,0,4,0,1,0,1,0,0,0,0,27.810000000000002,76.11,0.6282009810934063,0.67669591890246,0.4409748030116699,0.9975113507131748,0.34732458006810285,0.0637540629481892,0.73045606596658,0.06265632704712076,0.7523710394354014,0.6247808458532252,0.6500206956444657,0.9963579963967929,0.36649990865561966,0.24819538311024225,0.5846407368822351,0.4938054396098027,0.34353071897852605,1,1,inf,inf,0,0,0,1,0,0,1,0,8997,635,269,0,1,0,1,1,597,3.5,24,1
4.1,16.81,1,0,3229,8.080237416216702,0,1,4,0,1,0,0,0,1,0,0,26.51,75.33,0.09297391618429818,0.2055123099096804,0.5844223349786274,0.8521676740557164,0.6737559873904676,0.5118386797402097,0.7050267123118167,0.8646932654843948,0.9921045476256862,0.34416145203544046,0.27290864849918506,0.06932254562486428,0.13728051424880927,0.9784227203566447,0.8742744274686711,0.3816143982011828,0.03672278879565505,1,1,inf,inf,0,0,0,1,0,0,0,0,5019,2805,295,0,2,0,1,0,3229,4.1,8,0
4.8,23.04,0,1,3584,8.184513753033722,0,1,2,1,1,0,0,0,0,0,0,27.93,75.96000000000001,0.14285554366349196,0.7062981942235799,0.7993597617114924,0.5766865880217817,0.12635166557333455,0.1506304390798916,0.6875186014656117,0.7059812985056424,0.49472225574313733,0.7234291736087151,0.9049795298737425,0.9879239185201506,0.8602416760046151,0.7719036123996194,0.894107082558188,0.704782490933916,0.8069343307686265,1,1,inf,inf,0,0,1,0,0,0,0,1,7523,4305,146,1,0,0,0,0,3584,4.8,0,0
4.7,22.090000000000003,0,0,622,6.434546518787453,0,0,2,1,1,0,0,1,0,0,0,26.69,77.58,0.24603691832827312,0.9799819608950346,0.14284755021641293,0.9438118467430563,0.9171170770099314,0.576816213758495,0.7405314395720187,0.1447141873813651,0.11842578278301574,0.8901621961736201,0.5670345951408879,0.25800532214932204,0.8914080242045433,0.1574867363078497,0.6026292474755373,0.029320699439959297,0.14395516645399897,1,1,inf,inf,0,0,0,1,1,0,1,0,8092,2425,285,0,3,1,1,1,622,4.7,15,1
3.9,15.209999999999999,0,0,532,6.278521424165844,0,0,3,0,1,0,0,0,0,0,0,27.07,76.8,0.43548312335740247,0.03665292783701146,0.3567521638716923,0.16578071079882706,0.39802002762696354,0.08307030270082916,0.5595508431465814,0.07260572166363777,0.8784536096953071,0.14274724392728422,0.47825684328359863,0.10624815925893827,0.31072496184990417,0.8571760339957607,0.6955451507349159,0.5576538139519557,0.8575655427907228,1,1,inf,inf,0,0,1,1,1,1,0,1,6311,2753,274,1,1,0,0,0,532,3.9,22,1
3.6,12.96,0,0,2251,7.719573989259581,0,1,1,1,1,0,1,0,0,0,0,27.93,76.5,0.34856600084538203,0.9736682773353814,0.4071631697567001,0.9909950393359435,0.1609170758724463,0.3636426332377479,0.12706579620454372,0.4012586803942485,0.8697334440418136,0.6955916963286223,0.08393195547366061,0.8231162315757609,0.7076308739569734,0.23196776583870926,0.819526832732234,0.49379626400264665,0.9668283815662947,1,1,inf,inf,0,0,1,1,1,0,0,0,8613,3593,113,0,2,0,1,0,2251,3.6,0,1
3.2,10.240000000000002,0,0,4968,8.51097389160232,0,1,3,0,1,0,0,0,0,0,0,27.98,75.29,0.14660490575887042,0.9393642844115739,0.38024232561934335,0.10942012701652992,0.9440869954417402,0.8039487004937952,0.2431024154413458,0.8144701410719316,0.8792786686580945,0.7143988968762699,0.5544412677476358,0.2420126355517772,0.7455430124832976,0.594089325821418,0.9905555622141372,0.41721092627820355,0.8918861589737086,1,1,inf,inf,0,0,0,1,0,1,0,0,8993,1632,275,1,3,0,1,1,4968,3.2,11,0
3.6,12.96,0,0,1176,7.0707241072602764,0,1,1,1,1,0,0,0,0,0,0,26.490000000000002,75.66,0.9408804045267317,0.8996037748602793,0.17421223561496302,0.17882458897029907,0.32046016468316196,0.025191326675586545,0.6396403931689795,0.1398137220215283,0.2612313404884612,0.8653597054854859,0.18155507912163005,0.32742129523518304,0.2477988493876394,0.6115433278443286,0.32596009176178464,0.8660281695405343,0.2625329714474731,1,1,inf,inf,0,0,0,1,1,0,1,0,9389,4363,80,0,3,0,1,1,1176,3.6,31,0
4.3,18.49,1,0,3293,8.099857910737585,0,1,1,1,1,0,0,1,0,0,0,26.650000000000002,76.60000000000001,0.06376794800719676,0.10689635349157389,0.9751799923125759,0.8498044244468191,0.5098386033796913,0.46595998533789107,0.5089649212467932,0.2891578615034768,0.8251266237085946,0.14368701054719568,0.06697450072188571,0.1699420384056073,0.8981921632224399,0.5115167922322419,0.658542784873684,0.32756334506577056,0.5487932121619092,1,1,inf,inf,0,0,1,0,0,1,1,1,3881,2037,240,1,1,1,0,1,3293,4.3,6,0
4.2,17.64,1,0,3052,8.023879992734878,0,1,1,1,1,0,0,0,0,0,0,27.19,75.5,0.5625434330524779,0.8542325867564116,0.27007474392512076,0.582277981915527,0.9785826122065296,0.44440179148849757,0.3907202904943603,0.8733750122876703,0.2682717808467264,0.08772667915041821,0.1079579683184726,0.3011358442386558,0.5956485988956102,0.9118135422399266,0.2628081617379493,0.28277355318927455,0.9105158546914247,1,0,inf,inf,0,0,0,0,0,0,0,1,6250,3474,92,0,0,0,0,1,3052,4.2,24,0
3.9,15.209999999999999,0,0,2265,7.725771441587952,0,1,3,0,1,1,0,0,0,0,0,27.59,77.25,0.6371601410224939,0.9143773765510129,0.801404367897524,0.8506562707369205,0.694725465473145,0.5059681586568804,0.8406499540198125,0.5205373150450852,0.44300287922357584,0.7457905913852282,0.6256081846197287,0.888426374919535,0.09164974305719897,0.3978695637134423,0.0763513554058286,0.4196933153326454,0.67560168755345,1,1,inf,inf,0,0,1,1,0,0,1,0,6645,4658,104,0,0,1,0,0,2265,3.9,8,0
3.3,10.889999999999999,0,0,4257,8.356554845453426,0,1,2,1,1,0,0,0,0,0,0,27.38,77.96000000000001,0.8476506747353206,0.1811126414777937,0.025907803472324464,0.5158470846976061,0.6311973542289172,0.8046629464885172,0.15822205440734582,0.8093590623389652,0.9205456540372835,0.474229948571412,0.8851360149603422,0.7035605476442875,0.3406669397160127,0.7930306425349616,0.4599365458950605,0.5929415966298273,0.352040900093892,1,1,inf,inf,0,0,0,1,1,1,1,0,7031,2141,246,1,2,0,0,1,4257,3.3,15,0
4.3,18.49,1,0,1550,7.346655163176539,0,1,2,1,1,0,1,0,0,0,0,26.26,75.71000000000001,0.577611471787321,0.8266016161732336,0.2286047835470969,0.4648888442191528,0.8529207116662246,0.05015458863719946,0.8229096827598624,0.8965499787393899,0.24434239796339996,0.19295299436369684,0.13241993011468367,0.30168615588918535,0.5642083616767206,0.4159261163442174,0.8400159805404711,0.62503005118909,0.009778676912896356,1,1,inf,inf,0,0,1,0,1,0,1,0,3441,4622,54,0,0,1,1,1,1550,4.3,48,0
3.1,9.610000000000001,0,0,4124,8.324821298768782,0,1,4,0,1,1,0,0,0,0,0,27.86,77.34,0.17014562604269234,0.9092039691225636,0.8077155427850357,0.8200238053708698,0.8141416614179516,0.6187289814195878,0.3235313506956413,0.6766258080556737,0.16125274385258315,0.8286085937968378,0.403438786507773,0.8742238356436458,0.07628928342201546,0.7588143194584365,0.6188230196971223,0.456798651229685,0.32525298017669846,1,0,inf,inf,0,0,0,0,0,0,0,0,1285,4066,210,1,0,0,0,1,4124,3.1,23,1
2.7,7.290000000000001,0,0,3230,8.080546965824498,0,1,2,1,1,0,0,0,0,0,0,27.92,77.24,0.09614258798405306,0.5946541617652464,0.38793747166822046,0.9496464946747111,0.7317714073625863,0.8955235769471649,0.7784625170020101,0.9012722015943634,0.006021076547604198,0.09393520342731554,0.6362421253095669,0.230845974067183,0.2490034493004336,0.39345473473665316,0.9609652657783285,0.43231903385729775,0.6587017121283484,1,0,inf,inf,0,0,1,1,1,0,1,1,9063,3246,118,1,0,0,1,1,3230,2.7,38,0
3.0,9.0,0,0,3657,8.204671828950811,0,1,2,1,1,0,0,1,0,0,0,27.2,77.91,0.8499799383194838,0.3380694860711172,0.10520299883018303,0.5141491077322348,0.4884845043791769,0.20407217332049976,0.7804700148347165,0.918967514886184,0.29088186904754243,0.24999601590898402,0.15882898269379053,0.9823160305739136,0.6311385413822345,0.8064072456587501,0.7555148949795535,0.5165366223178454,0.1391511116461085,1,0,inf,inf,0,0,1,1,0,1,0,0,4977,3137,351,1,0,0,1,0,3657,3.0,17,0
4.7,22.090000000000003,0,0,4900,8.497194544909547,0,1,3,0,1,1,0,0,0,0,0,26.150000000000002,76.39,0.3180877308324218,0.2691132567314374,0.750216713941805,0.7272708744698151,0.11020741569583858,0.6401979564803119,0.8119047514406885,0.5677466852627223,0.6172428435062174,0.22738047188976906,0.36514871039195596,0.6977801922730555,0.44343679264516855,0.8229673300265148,0.9917012438715389,0.14805402460106531,0.06665547572444552,1,1,inf,inf,0,0,1,1,0,1,1,1,1043,4060,189,1,3,0,0,1,4900,4.7,22,0
3.3,10.889999999999999,0,0,3411,8.13505390861157,0,1,3,0,1,1,0,0,0,0,0,27.5,77.76,0.3473698546330303,0.4475062484348351,0.21853707753487428,0.7768271239249694,0.9723665196197437,0.7042345626925474,0.5936184800810429,0.23032758662168829,0.9848860812931712,0.7178533246657212,0.6107716916007491,0.20570733420948561,0.899034071329231,0.7155565063320166,0.8404115705611781,0.08935156711307701,0.3814353687958655,1,1,inf,inf,0,0,1,0,1,0,0,1,643,2555,125,0,0,0,1,1,3411,3.3,47,0
4.7,22.090000000000003,0,0,178,5.187385805840755,1,0,3,0,1,0,0,0,0,0,0,27.650000000000002,77.55,0.7999526724141099,0.7285255492271836,0.9506210603777658,0.38015776643235444,0.9138036627942259,0.6555011605602046,0.6689816746592464,0.30716100305152283,0.41308661616976117,0.05869442101194888,0.7473193974686898,0.6393744852022809,0.058577216665216314,0.8832306213471502,0.09956697428942451,0.7384816785567955,0.325108212965601,1,1,inf,inf,0,0,1,0,1,0,0,1,7734,2830,340,1,2,0,0,0,178,4.7,15,1
4.3,18.49,1,0,2988,8.002694162283937,0,1,3,0,1,0,0,0,1,0,0,26.650000000000002,77.93,0.8182857715599164,0.5164168353985348,0.020664512352825737,0.09159052747442453,0.4024499296474956,0.5664207501092567,0.14027525807408414,0.8213476583257969,0.2878970744650111,0.8838198331087658,0.07869706841780977,0.7044428987076302,0.1443798319870534,0.10406529324145541,0.27211362645383996,0.11697578165993339,0.6886234703123105,1,0,inf,inf,0,0,0,1,0,0,1,0,886,910,237,1,2,0,0,1,2988,4.3,41,0
3.1,9.610000000000001,0,0,384,5.953243334287785,0,0,3,0,1,0,0,0,0,0,0,27.23,76.54,0.5930558230532031,0.8159111448321058,0.44691790123867525,0.8773654426690232,0.7884895022142916,0.36780831818169424,0.5333037420534708,0.8731146937492503,0.6019950300122382,0.025848564563225374,0.9665115909585874,0.7488012613006197,0.5152210965841042,0.34370352944986526,0.972735318812502,0.6587224350296259,0.6778428810022956,1,1,inf,inf,0,0,0,0,1,1,0,1,8902,4322,349,0,1,0,1,0,384,3.1,18,0
3.3,10.889999999999999,0,0,215,5.375278407684165,0,0,4,0,1,0,1,0,0,0,0,27.080000000000002,77.63,0.8355967542119143,0.2950985777527958,0.026919816914864114,0.06706616409250155,0.3690309187046207,0.7091566375587427,0.18066489378030626,0.3299078774060098,0.5366089039614373,0.4867232717126475,0.5308626915536506,0.6470675463874722,0.5117034640714944,0.2022102636084776,0.37574966643613483,0.836228774359457,0.11963167077951375,1,0,inf,inf,0,0,1,1,0,0,1,1,734,4487,83,1,3,1,1,1,215,3.3,25,1
4.3,18.49,1,0,1253,7.134093721192866,0,1,2,1,1,0,0,1,0,0,0,26.34,77.92,0.7858063738109103,0.3205811635997331,0.1967637000621979,0.6609381056416824,0.8611673997358937,0.9702915009816223,0.33215158524750066,0.7883560738502207,0.7477459499110716,0.03358543402877945,0.0339006508677977,0.4208209965390649,0.5851197665723591,0.40777201510257244,0.2982893560448777,0.7473638068777445,0.6800256167937492,1,1,inf,inf,0,0,0,0,1,1,0,1,8847,2521,32,1,2,0,1,0,1253,4.3,27,0
2.9,8.41,0,0,2915,7.977968093128549,0,1,4,0,1,1,0,0,0,0,0,27.1,77.15,0.21175118283662397,0.3877076180479093,0.828619111503235,0.0857943736494522,0.10667955062156786,0.5692918318072014,0.9441314794360116,0.4587195900747343,0.12246519220090846,0.17140196905163507,0.3318231737802855,0.08110816220592287,0.17502424034216346,0.20219879903966786,0.8930146517335085,0.12349368256803306,0.3326627174047895,1,1,inf,inf,0,0,1,0,1,0,1,1,4705,2487,19,1,0,1,1,0,2915,2.9,10,1
3.6,12.96,0,0,2634,7.876638460975463,0,1,2,1,1,0,0,0,0,0,0,27.86,77.96000000000001,0.14965862572767574,0.6346912838384612,0.5194417569415792,0.4253906670430382,0.4019316419873,0.6429671116985484,0.7231740612636844,0.9898318480033858,0.9266562347224395,0.3150927240674243,0.492100920196173,0.26109792147151345,0.004442293050486601,0.47090383516579337,0.5743885938320455,0.36444227645985017,0.4083969183956462,1,1,inf,inf,0,0,1,0,1,0,0,1,1985,1001,0,1,2,0,0,1,2634,3.6,42,0
2.5,6.25,0,0,2120,7.659642954564682,0,1,3,0,1,0,0,0,0,0,0,26.17,76.52,0.9076067145882933,0.977820512045295,0.11510862896455953,0.6979337937325204,0.4083607015998535,0.3569019934464419,0.43933866379359754,0.3930487607549702,0.7788122258564459,0.560675129694139,0.1719179582190744,0.0781396945242876,0.7917159881199227,0.2801642685163789,0.24441310811881045,0.4535157331917046,0.45013950138822634,1,1,inf,inf,0,0,1,0,0,1,0,0,6081,2930,305,0,3,1,0,0,2120,2.5,10,0
2.6,6.760000000000001,0,0,3078,8.0323601479245,0,1,3,0,1,1,0,0,0,0,0,27.04,76.79,0.05153162409731715,0.6895462795714558,0.6307689995270362,0.6309290067100104,0.9812578879898646,0.9124961511922944,0.6027587497108992,0.8321099374614735,0.5857476763665443,0.30483220849018,0.9627738393472371,0.6407575517689403,0.39339254691994363,0.6666409457168103,0.04528988972036707,0.3967070000030952,0.2876096277708513,1,1,inf,inf,0,0,1,0,0,1,0,0,1251,4770,168,1,1,0,0,1,3078,2.6,6,0
3.4,11.559999999999999,0,0,3640,8.200013648175434,0,1,1,1,1,0,0,1,0,0,0,27.1,76.14,0.041025810308299104,0.9058221015440049,0.528449255710477,0.6322578900693053,0.013068751475533213,0.6949797947917256,0.3099511902688825,0.8513997637234911,0.1864816141674085,0.9890955253363193,0.07724715636853352,0.02288649937001519,0.5227666127157726,0.4157301538764856,0.3841381325872548,0.46639748543168347,0.2022369378099862,1,1,inf,inf,0,0,1,1,0,1,0,0,7415,915,58,0,2,1,0,1,3640,3.4,24,1
3.5,12.25,0,0,2156,7.676473646389156,0,1,3,0,1,0,0,0,0,0,0,27.92,76.89,0.36563928217085884,0.3938763597165077,0.3477675723819713,0.17044600741297555,0.922382629041615,0.6806826072929231,0.44827069900373606,0.4310564244447026,0.6467620825011616,0.4671440874215592,0.8797451260740672,0.8852477134805831,0.8910392829602822,0.35581289742455724,0.8838617384628525,0.41559028550097044,0.6836006806817796,1,1,inf,inf,0,0,0,1,0,1,0,1,5628,1957,66,0,2,0,1,1,2156,3.5,47,0
2.8,7.839999999999999,0,0,4523,8.41715183723601,0,1,3,0,1,0,0,0,0,0,0,27.27,77.48,0.07773126070574998,0.8201238076583767,0.044045244170831555,0.6794929813024164,0.01526626690620092,0.9177684235528977,0.6227629979540507,0.0638850597526226,0.8811217922553639,0.622849179952858,0.9327033467729157,0.32672565268042664,0.6959783826064234,0.0026691833740832838,0.22282583612867346,0.4105936320972273,0.3907294857774134,1,1,inf,inf,0,0,1,1,0,1,0,0,5212,1851,135,1,3,0,0,1,4523,2.8,14,0
4.5,20.25,1,0,3870,8.261268150577648,0,1,3,0,1,0,1,0,0,0,0,27.75,75.27,0.9108261465475281,0.8775725084651185,0.7970084394984626,0.5144746698527967,0.7411173973380183,0.892546437727969,0.5028806888482381,0.6145779405074165,0.849246088655311,0.6470446334475374,0.7817463811782536,0.23692206395481152,0.04071089165614272,0.4046621862784595,0.929184760815115,0.3678558701359179,0.9490503610156077,1,1,inf,inf,0,0,1,0,1,0,0,1,6765,1676,303,1,1,0,0,1,3870,4.5,26,1
2.9,8.41,0,0,1502,7.315218389752975,0,1,1,1,1,0,0,1,0,0,0,26.73,75.06,0.39781450463705803,0.5591601483529309,0.4869248250576147,0.26805164012849825,0.6805787221255309,0.9185373431149514,0.849200058199735,0.8309752009958552,0.7528295029880987,0.13228564128927878,0.03249849862824994,0.7255961454194494,0.5736299945547951,0.861441589171278,0.43265235284923165,0.9710932949047955,0.6483385106900719,1,0,inf,inf,0,0,1,1,1,1,0,1,2490,3900,313,0,0,1,0,1,1502,2.9,17,0
2.8,7.839999999999999,0,0,1801,7.496652438168283,0,1,1,1,1,0,0,0,0,0,0,26.080000000000002,75.79,0.49326440867982513,0.7893720034555365,0.8356686429673442,0.3582622337843232,0.4132299011069934,0.592568668091729,0.2988080429847131,0.22706253208792482,0.8839991043676496,0.5385520547385235,0.2719641449935445,0.9151137608519314,0.7830806921128349,0.14619386582958716,0.7771717905884442,0.9941645062391046,0.8557956484092131,1,1,inf,inf,0,0,1,1,1,0,0,0,3435,508,364,1,1,1,1,0,1801,2.8,32,0
3.5,12.25,0,0,3593,8.187021067343505,0,1,1,1,1,0,0,0,0,0,0,27.75,77.46000000000001,0.17086007498588118,0.3436795791759719,0.7460817685434218,0.10082623917730904,0.610248895215907,0.8048882989268025,0.8213001183578674,0.2738886830617363,0.8329551647887141,0.773741708429143,0.7086237461666498,0.39635936144114137,0.48661821210987855,0.7555109100273946,0.0515045679920485,0.6114451319825811,0.4520242769461351,1,1,inf,inf,0,0,1,0,1,0,0,1,2571,1625,34,1,3,1,0,1,3593,3.5,41,1
3.8,14.44,0,0,2968,7.99598047476376,0,1,1,1,1,0,0,0,0,0,0,27.580000000000002,77.19,0.31204598185434973,0.29857185702338584,0.23638970485552113,0.8914616648420466,0.1381144061151156,0.999857881652637,0.824142995603706,0.348599440414997,0.2968584916577145,0.8713114779667034,0.30691247725143156,0.3394014233217916,0.12205582620795186,0.9194533423162103,0.8919541341787319,0.4702699188406064,0.374779919614574,1,0,inf,inf,0,0,0,1,1,0,0,1,9449,1298,25,0,2,1,0,1,2968,3.8,23,0
4.7,22.090000000000003,0,0,4766,8.469472455204826,0,1,2,1,1,0,0,0,0,0,0,26.1,75.75,0.38241326122602426,0.2909153837169748,0.7914790567348987,0.8542010295783977,0.08371568887276781,0.5297291107892534,0.23535662014992653,0.7098733013702215,0.25343730605821657,0.8421733118576566,0.9888700774276694,0.018366097221039657,0.22720948257569817,0.3828010683508881,0.9014364157832945,0.35468709666389997,0.25660980966844615,1,1,inf,inf,0,0,1,0,0,1,0,1,8661,2872,40,1,0,0,0,1,4766,4.7,28,0
3.7,13.690000000000001,0,0,4425,8.395251520610994,0,1,4,0,1,0,0,0,0,0,0,26.650000000000002,76.57000000000001,0.4314254307791511,0.801849919910916,0.3454732389061208,0.8270547112324818,0.35513795864831244,0.09806076076655124,0.1285531607985786,0.5173333864796616,0.856010243987651,0.6550239943041228,0.23444823334465825,0.3909024720529678,0.4240236519661216,0.14469742707940836,0.8624972628338431,0.12417745274226755,0.21314903562927612,1,1,inf,inf,0,0,1,0,0,1,0,1,4165,2657,45,1,0,0,0,1,4425,3.7,39,0
3.9,15.209999999999999,0,0,258,5.556828061699537,0,0,2,1,1,0,1,0,0,0,0,26.51,76.59,0.7426579654855445,0.6548377507100699,0.6422653350358893,0.23183465896659905,0.7276345033989124,0.4624221368180119,0.30179932550751776,0.6425884717467969,0.966125311297599,0.18862384383161446,0.2285534683703635,0.19515782375689372,0.3154188769673072,0.3649168566854225,0.21546923148101826,0.49169878796014455,0.4358916606195853,1,0,inf,inf,0,0,0,1,1,1,1,1,6803,3192,142,0,2,1,1,0,258,3.9,2,0
2.8,7.839999999999999,0,0,1435,7.269616749608169,0,1,2,1,1,1,0,0,0,0,0,26.66,76.96000000000001,0.40732873712723694,0.8750497442608424,0.032443465462374865,0.9743003376374375,0.3798847585297004,0.9710431520470029,0.9553432535839712,0.563723506438389,0.9616912024442394,0.8464696965850127,0.286647983294381,0.418001606250328,0.6014495772725106,0.4532678680832092,0.602335203651787,0.19213015425281466,0.10258191518550308,1,1,inf,inf,0,0,1,1,0,0,1,1,1680,3582,247,1,1,0,0,1,1435,2.8,28,0
3.5,12.25,0,0,4639,8.442469645220301,0,1,1,1,1,0,0,0,0,0,0,27.36,77.53,0.305841504378383,0.986324967113638,0.5569284995273573,0.21606308890534953,0.2019991592809437,0.9139954087853048,0.5431316702130617,0.06701230756172549,0.235834249503584,0.8653423307289203,0.2182462824988496,0.6839680314645739,0.5062250293434047,0.4494118152719013,0.7589389096325173,0.3269401930030166,0.9591151506424632,1,0,inf,inf,0,0,0,1,1,0,0,0,3619,4785,53,1,0,1,1,0,4639,3.5,19,0
2.6,6.760000000000001,0,0,3359,8.11969625295725,0,1,4,0,1,0,0,0,0,0,0,27.97,77.62,0.1178989809659341,0.5220648384494381,0.8319832674044811,0.5783081099163422,0.16048539670006745,0.8469576666117516,0.33802072277554607,0.03632947981873769,0.31586994368180843,0.09925269381041768,0.4485595283313999,0.6024612717808566,0.7001143024306176,0.5034393802344127,0.11537217561979107,0.384182066197427,0.856903777891955,1,0,inf,inf,0,0,0,0,1,0,0,1,6300,607,243,0,1,1,0,1,3359,2.6,19,0
2.7,7.290000000000001,0,0,3505,8.16223106548118,0,1,3,0,1,0,0,0,1,0,0,26.69,75.68,0.7814608350395454,0.5453379654760825,0.8782748593935633,0.5366528497622188,0.7829661408757523,0.8275226484133178,0.12274472579383189,0.6919249879403367,0.3175115229654345,0.4034758866271677,0.3000789174524965,0.36042311372286606,0.7506452502692323,0.1479549193417724,0.468568676000089,0.440015118883465,0.591387932841139,1,1,inf,inf,0,0,1,1,1,1,1,1,3,4828,242,0,3,0,1,1,3505,2.7,10,1
2.6,6.760000000000001,0,0,3889,8.266164436612492,0,1,4,0,1,0,0,0,0,0,0,26.650000000000002,76.17,0.17011010181639208,0.925117831064184,0.7388684153823958,0.6946917294002861,0.4423084680712335,0.0264728986802496,0.5768671313567698,0.5234769069678004,0.14471353958668132,0.288801487540883,0.2731408089136391,0.19124121866722887,0.27008618493125913,0.17393362161150838,0.5331841836159602,0.3825553958840734,0.628619890782247,1,1,inf,inf,0,0,1,0,1,1,0,1,5344,512,106,0,2,0,1,0,3889,2.6,9,0
4.8,23.04,0,1,2499,7.824046010856292,0,1,3,0,1,0,0,0,0,0,0,26.61,75.76,0.3675886472116492,0.36481512052664755,0.12008118237986143,0.36598090761025526,0.5238325508474039,0.7895604498034478,0.3027755205896506,0.061560755445911663,0.49384458760524363,0.2525103317992182,0.26807932480139063,0.8104934169320928,0.4659322486377586,0.2339701243305471,0.33783657072478357,0.9866021793916139,0.488815394795595,1,1,inf,inf,0,0,1,1,1,0,0,0,8511,3172,70,0,3,0,0,1,2499,4.8,21,0
3.3,10.889999999999999,0,0,654,6.484635235635252,0,0,1,1,1,0,0,0,0,0,0,26.48,77.11,0.9623529336147865,0.21054438322731428,0.3867055387171495,0.4260074103207513,0.847329743860693,0.18764314186645492,0.7275406542622007,0.908344308327702,0.5553412250104754,0.9950015811924632,0.3352946156359541,0.3167019331096199,0.9202258705592993,0.8901094997765705,0.08336610378949894,0.5056362246936268,0.7080434961847734,1,0,inf,inf,0,0,0,1,0,1,0,1,1692,782,118,0,0,1,1,1,654,3.3,32,0
2.7,7.290000000000001,0,0,3607,8.190908881182514,0,1,1,1,1,0,0,0,0,0,0,27.27,77.27,0.5889040078492492,0.9880352799695096,0.7760308209101645,0.2974298260737904,0.15835895743287565,0.34021535177004547,0.8226802450030786,0.596134295653226,0.9920083600387434,0.8096510981084933,0.14651900929746609,0.7025637628249565,0.14763353629951126,0.6342834563651315,0.0467390128589813,0.7817148468787981,0.5777416413603356,1,1,inf,inf,0,0,0,1,0,1,1,0,5412,685,265,1,0,0,0,1,3607,2.7,11,1
3.1,9.610000000000001,0,0,3508,8.163086375583216,0,1,4,0,1,0,1,0,0,0,0,26.12,75.42,0.03026406635013612,0.6902648429295779,0.551936833785529,0.04759270128660009,0.8099163637601091,0.5672825301003672,0.06161821148207225,0.306593244434186,0.47917900979327865,0.9316531985864724,0.8812649888917531,0.4921634517733833,0.5335398728303368,0.34236737705926845,0.5802724468132392,0.9067651608202585,0.6810636910128158,1,1,inf,inf,0,0,0,0,1,0,0,1,386,3807,150,1,3,1,1,1,3508,3.1,39,1
3.3,10.889999999999999,0,0,2034,7.618251097876695,0,1,2,1,1,0,0,0,0,0,0,26.060000000000002,75.27,0.43504507254130986,0.2315506804169808,0.34905490308962506,0.036987790839940415,0.8400573650832066,0.7554126437493157,0.5352514472528749,0.5800352894800213,0.33302029075610307,0.7572657100569341,0.2670941677748625,0.5697472703506853,0.16086386667899066,0.0792334459595454,0.4452171619271247,0.6735129932202168,0.9403409301218347,1,1,inf,inf,0,0,1,0,1,1,0,1,4249,69,288,0,2,0,1,0,2034,3.3,32,0
4.4,19.360000000000003,1,0,2624,7.872836175025724,0,1,4,0,1,0,0,0,0,0,0,27.82,77.52,0.8080016124333026,0.3337843207049691,0.593032847011739,0.7725989260199717,0.1416032777072812,0.38836096555586475,0.5210253147670509,0.4268339617986935,0.376241949231396,0.4793387460497889,0.46783284356166666,0.5369114050676714,0.7959911155487364,0.6594221409974125,0.3535747983370653,0.1267135700895382,0.5027237500381632,1,1,inf,inf,0,0,0,1,0,1,1,0,3528,1847,301,0,3,1,1,0,2624,4.4,4,0
3.9,15.209999999999999,0,0,896,6.799055862058796,0,0,1,1,1,1,0,0,0,0,0,26.34,75.97,0.6381117706041342,0.6502371999161574,0.8638180332599572,0.366417711658372,0.26750275877134677,0.6840684237612611,0.8520543696048395,0.38035816248075704,0.3782090122957026,0.9190120529456651,0.49992828110080867,0.3085530537984682,0.33293711292367123,0.22114943916136443,0.2508325291481207,0.8105878639358247,0.5123797081031627,1,1,inf,inf,0,0,0,0,0,1,1,0,123,4258,276,0,1,1,1,1,896,3.9,25,1
3.4,11.559999999999999,0,0,4941,8.505525386548555,0,1,2,1,1,0,0,0,0,0,0,26.42,77.29,0.48585380132409517,0.1287834877698325,0.03133869640205922,0.7181285032637572,0.7938521983317984,0.03939630261551219,0.3233752374304021,0.6204120936352329,0.04101738434193192,0.147775011982049,0.2151731974910034,0.47360833771305555,0.3247172365097736,0.5267479097153628,0.546307073267339,0.5001835297189003,0.2207369007545691,1,1,inf,inf,0,0,0,1,0,1,1,0,6574,206,7,1,2,0,0,0,4941,3.4,2,0
3.4,11.559999999999999,0,0,4648,8.444407421690585,0,1,3,0,1,0,0,0,0,0,0,27.01,75.53,0.8465006212619984,0.8448493876454055,0.47941451636133026,0.4241885474190743,0.7737361935545289,0.881775366858351,0.8137846189521144,0.9968026996947854,0.2521527924265229,0.15182835128305372,0.06939197807711028,0.21193802809949436,0.5686902548782828,0.4943525922901332,0.4100266872567705,0.930338246975884,0.5909358437108483,1,1,inf,inf,0,0,0,1,1,0,0,1,8085,1728,304,1,1,1,0,0,4648,3.4,29,1
3.6,12.96,0,0,2531,7.836764783264067,0,1,3,0,1,0,0,0,0,0,0,27.45,75.5,0.9506180616657955,0.11001403451422465,0.7006157172861012,0.38359273272217487,0.5275802082727086,0.0636466953100423,0.06779041577943345,0.7080351176719969,0.702518894788724,0.4043436382817366,0.21513533370806504,0.62626953951336,0.894248421430201,0.9903603138391011,0.15303429505400257,0.4186464734280716,0.9619022486115983,1,1,inf,inf,0,0,0,0,1,0,0,1,7458,4769,105,0,1,1,0,0,2531,3.6,17,1
3.9,15.209999999999999,0,0,2164,7.68017564043659,0,1,1,1,1,0,1,0,0,0,0,27.560000000000002,77.07000000000001,0.5088246983400374,0.8000957950984617,0.5463701404550532,0.5632554630704919,0.4253343737209496,0.29905123879794715,0.17228612266418353,0.33537992415347717,0.5309562917419284,0.059736560918070336,0.8168109813108938,0.12778618226801053,0.6067430183252178,0.10535607540822856,0.9658749529095397,0.5807144332531409,0.15847567815224695,1,1,inf,inf,0,0,1,0,0,1,0,1,8037,3402,269,0,1,0,0,0,2164,3.9,11,1
4.4,19.360000000000003,1,0,834,6.727431724850855,0,0,1,1,1,0,0,0,0,0,0,26.76,75.43,0.3530675624245425,0.46827610262981356,0.043041657890182106,0.9685513995392344,0.7971978274668832,0.2887371488891688,0.7865720531038631,0.3316587507832063,0.5511473856624326,0.9921304845097282,0.9156188107062534,0.03310370045980282,0.48767573204814885,0.5063134981641619,0.3060022569155717,0.4759252410220711,0.46734948821910527,1,1,inf,inf,0,0,0,0,1,0,1,1,8725,997,10,0,3,1,0,0,834,4.4,8,0
3.2,10.240000000000002,0,0,4407,8.391176350832751,0,1,1,1,1,0,0,1,0,0,0,27.16,76.34,0.3529846736865714,0.184236214129741,0.24573100787064484,0.7674353473074574,0.44679959255084767,0.4478954028691722,0.7705473831578084,0.8773702063577153,0.06828938092678205,0.7316982283862252,0.8643817270585891,0.486072612582257,0.4728090082679437,0.3938121782029561,0.6771319324446259,0.8665455253632408,0.33036632001763855,1,1,inf,inf,0,0,1,0,1,0,0,0,2402,4422,289,0,2,0,0,0,4407,3.2,41,0
4.1,16.81,1,0,3846,8.255048902752295,0,1,4,0,1,0,0,0,0,0,0,26.38,75.55,0.4312836370341453,0.6653100255895776,0.41165975971632984,0.9966676328486893,0.9699381352820695,0.3451261382156591,0.01437430422712871,0.28255785347984796,0.7128890134342677,0.6839440551520756,0.8314068643613755,0.5010703023816795,0.010094703126535265,0.7890864556905229,0.4286377924825847,0.8372352022950058,0.060627575369655684,1,1,inf,inf,0,0,0,0,1,0,1,1,9836,1011,38,0,2,0,0,0,3846,4.1,22,1
3.1,9.610000000000001,0,0,619,6.429719478039138,0,0,1,1,1,0,0,0,0,0,0,26.64,76.16,0.2251889191542007,0.6299331683962578,0.19604821713938125,0.9608037882957576,0.05914429621644868,0.7938047280190142,0.9326812002533863,0.49384295468631945,0.3205270682037241,0.11224916000740137,0.5110355697534695,0.40472164745158823,0.4070098193079359,0.6677958213355232,0.8089579365941911,0.6143205673214702,0.946943409497907,1,0,inf,inf,0,0,0,0,1,1,1,0,5732,4677,260,1,1,1,0,0,619,3.1,36,1
2.6,6.760000000000001,0,0,4075,8.312871394342615,0,1,1,1,1,1,0,0,0,0,0,27.560000000000002,77.44,0.5917687195258603,0.32864296158107875,0.18241608513228236,0.4290825388632573,0.6940221829851017,0.8674160969017801,0.609798282068575,0.7650463198021111,0.6164807269366948,0.778208512175337,0.11050113755043811,0.09881697055936978,0.14002109717341882,0.37032422497435946,0.854989427972578,0.6673286089282144,0.7246066501314887,1,0,inf,inf,0,0,1,0,1,0,0,0,749,4235,300,1,3,1,1,0,4075,2.6,26,1
2.7,7.290000000000001,0,0,3164,8.059908334578276,0,1,1,1,1,0,0,0,0,0,0,27.580000000000002,77.04,0.3753483002295548,0.4412588133608514,0.12674673489993704,0.0917949761792416,0.9341453235060524,0.9573287031908052,0.3765876950194731,0.5477564485953215,0.9567052439682208,0.30129520914935426,0.2313085259312505,0.10597673446366196,0.16671311881328632,0.1440721923360847,0.16680979665031792,0.6125791301521528,0.187559317055342,1,1,inf,inf,0,0,0,0,1,0,0,1,6544,4786,17,0,1,1,1,1,3164,2.7,24,1
4.4,19.360000000000003,1,0,2159,7.67786350067821,0,1,1,1,1,0,0,0,0,0,0,27.54,76.01,0.6940210324206834,0.09126853789151923,0.4215393043163964,0.044590247655026616,0.7293967438452033,0.7462865721315419,0.059847632889111324,0.3290209659628498,0.11254252970577017,0.8251898599688746,0.4135006635924302,0.10490999028417547,0.39271165295280064,0.4797154576084134,0.23717349930664533,0.5247391988347465,0.8932594230801355,1,1,inf,inf,0,0,1,0,1,0,1,0,1520,3970,39,1,2,0,1,1,2159,4.4,25,0
3.9,15.209999999999999,0,0,2904,7.974188669286011,0,1,4,0,1,0,0,0,0,0,0,27.85,77.7,0.5520120113728699,0.440087249142605,0.17327413576641615,0.860592959259234,0.5349306332652415,0.3043036339014442,0.6096467483640764,0.8199750564918419,0.004157203351094374,0.351262141055692,0.39773628353889545,0.2816796555985185,0.9599788231530476,0.9891570295255977,0.874003957466106,0.1611333608126232,0.6458807064047521,1,1,inf,inf,0,0,0,0,1,0,1,0,9128,3095,85,0,2,1,1,0,2904,3.9,13,1
3.6,12.96,0,0,33,3.5263605246161616,1,0,2,1,1,0,0,0,0,0,0,27.86,75.96000000000001,0.47313866171621677,0.18295625433964247,0.23297237141219718,0.18658127879114905,0.15635858522186175,0.5109550679321277,0.364754376608859,0.39901312968056846,0.5220745298171415,0.7718551499616524,0.6590299356062664,0.7554657967895817,0.7420465154446843,0.25727896688490626,0.17630609449552725,0.1625608654306806,0.11904884665706128,1,0,inf,inf,0,0,1,1,0,0,1,1,1108,937,72,1,2,0,0,0,33,3.6,45,1
3.1,9.610000000000001,0,0,2818,7.9441374911141125,0,1,3,0,1,0,1,0,0,0,0,26.26,76.3,0.5404573288784698,0.9493420495956914,0.13596432501817723,0.8238595633619925,0.162051178185886,0.0725734110400782,0.006320840923536908,0.32870475104704566,0.6507468036648897,0.9775690359238308,0.2686456065698106,0.6933677498723673,0.015184228426142754,0.7200681104327611,0.4302416632854249,0.3448763601390995,0.35978658871782077,1,1,inf,inf,0,0,0,1,0,1,0,1,8351,680,308,0,1,0,0,1,2818,3.1,7,0
2.7,7.290000000000001,0,0,2793,7.935229539816907,0,1,1,1,1,0,1,0,0,0,0,27.990000000000002,76.11,0.2719185495066483,0.9796440566690127,0.784925855496898,0.8573940991594552,0.9658075658283554,0.37929830430264555,0.5306912794898001,0.8708524847257263,0.6903665319362222,0.4185128657935663,0.007023498776301262,0.12694170977996821,0.7936263441958205,0.08705239725497915,0.16970869089884422,0.3000209461368377,0.16975056997953364,1,1,inf,inf,0,0,1,1,0,1,0,1,9955,1162,228,0,3,0,1,1,2793,2.7,33,1
3.3,10.889999999999999,0,0,2995,8.005033344637111,0,1,2,1,1,0,0,0,1,0,0,26.650000000000002,75.59,0.7526631923642035,0.9873331818540559,0.5538369501052637,0.5525638483291049,0.12703756790522014,0.9799690882036672,0.3036714489832508,0.12407011959150971,0.4636036490958757,0.9580060320801813,0.8152771877675744,0.4704749831765014,0.4416686799669918,0.14417005415795858,0.9432152925680031,0.030896910242238174,0.508182952270829,1,1,inf,inf,0,0,0,1,1,0,1,1,4793,3897,312,1,0,1,1,0,2995,3.3,17,1
2.7,7.290000000000001,0,0,2825,7.946617563244473,0,1,3,0,1,0,0,0,0,0,0,27.45,76.77,0.858729194015726,0.4503987672529933,0.6709323647240069,0.8501128784356705,0.2138129834232162,0.948640824217453,0.861921096553233,0.21201598819347045,0.7421265487685755,0.6047917577097655,0.7658978089048755,0.9830958921478867,0.4940809212140508,0.5126784138906608,0.8710755752214211,0.10821321203950851,0.024676252120131692,1,1,inf,inf,0,0,0,1,0,0,0,0,7457,900,346,1,3,1,0,0,2825,2.7,44,1
4.5,20.25,1,0,2146,7.671826797878781,0,1,4,0,1,0,0,0,0,0,0,27.52,77.43,0.2990105270390553,0.2677551897327066,0.12109145119222586,0.3582193353129627,0.4667736515713439,0.12231144785883463,0.9792169087727542,0.4178090169011739,0.542178568754168,0.2633218887997165,0.7842091542606834,0.5323775567940829,0.6646398911443082,0.20001305054066376,0.06838551829392892,0.32045300433490675,0.9121635315441661,1,0,inf,inf,0,0,1,1,0,1,1,0,2774,3982,104,0,0,0,0,1,2146,4.5,10,0
3.7,13.690000000000001,0,0,1104,7.007600613951853,0,1,3,0,1,0,0,0,0,0,0,26.09,76.89,0.5870937174297328,0.10775454914383964,0.42710824950184234,0.4652159721879,0.05712042624987079,0.4451782941000958,0.0865578955322519,0.2638786947756453,0.028385368835738833,0.043587689088219084,0.845202964941117,0.2068346274434848,0.9188970679851889,0.17889749715179293,0.5608817308322914,0.4014844733393511,0.16057972067634818,1,1,inf,inf,0,0,0,0,0,1,0,1,3846,4631,178,0,0,1,0,1,1104,3.7,24,0
4.9,24.010000000000005,0,1,519,6.253828811575473,0,0,1,1,1,0,0,0,0,0,0,26.05,76.93,0.552477755545014,0.5868006071089462,0.4153523600067024,0.1489280970781678,0.4331208354546887,0.492339827170723,0.6669391277129053,0.743608740507886,0.8085938451640478,0.5070755096744913,0.5560411739766078,0.7020337191498435,0.5576087563212412,0.8439185928015936,0.08318917928550729,0.008833203465582806,0.5620792128021141,1,1,inf,inf,0,0,0,0,0,0,1,0,5050,890,52,1,1,0,0,0,519,4.9,36,1
4.6,21.159999999999997,0,0,2412,7.7886260656250315,0,1,2,1,1,0,0,0,0,0,0,26.26,75.83,0.06499852588792843,0.6576851823665818,0.9909377642199985,0.009386589250719779,0.7104834409383298,0.29181540572675246,0.2037218301674999,0.1010558088644462,0.6987486694607646,0.865996276226622,0.7898175318338998,0.9319115214929393,0.9368738601457135,0.046091626653397944,0.5153105428992886,0.24841386988145353,0.3691412222799444,1,1,inf,inf,0,0,0,1,0,1,0,0,9737,3264,289,0,2,0,1,0,2412,4.6,33,1
3.2,10.240000000000002,0,0,4141,8.328934041955529,0,1,3,0,1,0,0,0,0,0,0,26.46,75.44,0.4345893797348741,0.14016395852585706,0.8111462177893224,0.10301821374210274,0.3119183758401335,0.539760897758284,0.31988720646756463,0.019849181834560747,0.07331411830002532,0.8072060246658288,0.0064629474767874395,0.7250603549162089,0.6009800214123795,0.29090474939957156,0.4846296235058035,0.8263963003919237,0.7526208227784784,1,1,inf,inf,0,0,1,0,1,1,1,1,5813,3990,153,1,3,0,0,0,4141,3.2,44,1
4.5,20.25,1,0,4195,8.341886969516187,0,1,2,1,1,0,0,0,0,0,0,27.46,76.43,0.3710799222462574,0.6440837793812932,0.834608696858143,0.09227848353429069,0.6410190210552074,0.7947511752471721,0.9792646885850137,0.42077960257103797,0.7521807799008324,0.0021242114138982915,0.14025314122354515,0.5264733739719288,0.009411368189811808,0.8084637185317652,0.7098370329151387,0.5203964331435709,0.4672086382880991,1,1,inf,inf,0,0,0,1,0,0,1,1,8883,1478,262,0,1,0,1,1,4195,4.5,36,1
3.9,15.209999999999999,0,0,4252,8.355379895253634,0,1,2,1,1,0,1,0,0,0,0,27.560000000000002,76.17,0.8980941167766444,0.1782787144020327,0.5804745582136639,0.8768342536832432,0.5237328821603899,0.36146512476265324,0.3019002852964532,0.1809751428208859,0.28662729654388797,0.8985588762855827,0.2486505795388365,0.8806213684655052,0.46401921574306826,0.5443253114088501,0.7522428402176954,0.19899017708007394,0.8290379951212113,1,0,inf,inf,0,0,0,0,0,1,1,0,6205,4261,286,1,1,0,0,1,4252,3.9,41,1
4.4,19.360000000000003,1,0,1905,7.552762084214147,0,1,1,1,1,0,0,0,0,0,0,27.580000000000002,76.97,0.30400389886867996,0.952921539974389,0.48398135120220387,0.13339937954940084,0.2828205558768384,0.9209041878129024,0.33338801664162443,0.9099970722550459,0.7808175136604202,0.6019848382596693,0.41423486107491614,0.18328782920937614,0.6831617499980095,0.6046640081567455,0.7749873871869736,0.2730803455727704,0.7311678845931866,1,0,inf,inf,0,0,1,0,0,1,0,1,6527,2793,221,1,2,0,0,0,1905,4.4,19,0
4.3,18.49,1,0,1674,7.423568444259167,0,1,3,0,1,0,0,0,0,0,0,26.53,77.76,0.8622685852027496,0.29954031422216476,0.016979182745777477,0.7812484188126958,0.3176666071380052,0.5810154055608382,0.5747552527494112,0.5466498246107857,0.6729348115444707,0.6997601737153673,0.5587541904332224,0.554623119889331,0.39427039073638914,0.5307855308951109,0.9703311334464116,0.31295749828152464,0.265190715465065,1,0,inf,inf,0,0,1,1,0,1,0,0,7730,2948,140,0,0,0,0,0,1674,4.3,3,0
3.5,12.25,0,0,943,6.8501261661455,0,0,4,0,1,0,0,0,0,0,0,27.46,76.46000000000001,0.478600716655705,0.4805391938960828,0.5711976077196395,0.23131198453094381,0.44691481642748887,0.5755915984170058,0.5388656208340643,0.6806240845748454,0.05208011561307502,0.19715912068594765,0.6110961414705134,0.0001230428401004513,0.8783953193646442,0.864446507766366,0.7972291085550993,0.7710056764264914,0.813532243199484,1,1,inf,inf,0,0,1,1,0,1,0,0,2548,3164,34,0,2,0,1,0,943,3.5,46,0
2.6,6.760000000000001,0,0,3131,8.049427057110695,0,1,4,0,1,0,0,1,0,0,0,27.93,76.83,0.8452369167269017,0.313567887510239,0.5717709496607299,0.1802141404650932,0.7066152359570539,0.26537819289660103,0.7127049082511144,0.5403248592976386,0.12105602765052403,0.2728436987824472,0.9901527880830361,0.12303571289496529,0.9126179824328369,0.055446210117291894,0.8101393538121637,0.36965044870717967,0.1950793859244836,1,1,inf,inf,0,0,1,1,1,0,0,0,1201,3530,96,0,1,1,0,0,3131,2.6,10,0
3.2,10.240000000000002,0,0,248,5.517452896464707,0,0,3,0,1,0,0,0,0,0,0,27.78,77.28,0.28718262675756123,0.963144698097354,0.2296458539614914,0.31372784846328106,0.9396384120164584,0.846708169836045,0.3633318897078932,0.634485678204904,0.42352933911356205,0.5169541538325869,0.5654418070612415,0.8209673302792032,0.5471896801850652,0.04121780652197227,0.9788762241257513,0.7159688262676335,0.521412023694838,1,0,inf,inf,0,0,0,1,0,0,1,1,5910,1388,214,0,3,0,0,0,248,3.2,12,1
4.6,21.159999999999997,0,0,3136,8.051022208190679,0,1,2,1,1,0,0,0,0,0,0,26.29,75.41,0.20719412127572878,0.01827572258193133,0.2281629713911152,0.8136641771627529,0.4892938242817533,0.8826715747129986,0.38842768746689416,0.7088778988706826,0.05359297247052064,0.07250071746437525,0.23028132616622854,0.5257146999736603,0.6430290505536651,0.9245958071833373,0.9925241759817556,0.7209492084125235,0.7851310567465976,1,1,inf,inf,0,0,1,1,0,0,0,1,1996,2887,135,1,0,1,0,0,3136,4.6,18,1
3.9,15.209999999999999,0,0,3504,8.16194579946869,0,1,3,0,1,0,0,0,0,0,0,26.330000000000002,76.14,0.008209458085607246,0.5140665637080571,0.14980171375319407,0.8075031927351485,0.6002903948165367,0.541908664481973,0.6123963384280621,0.2827273975825225,0.4600765566311318,0.08048382782597086,0.578631580338696,0.9104632191550156,0.0710864222493417,0.264455517731666,0.7240975251686533,0.037810599161179015,0.8116553738625585,1,0,inf,inf,0,0,0,0,0,0,0,0,3811,2740,353,0,0,0,1,1,3504,3.9,21,0
3.0,9.0,0,0,1597,7.37650812632622,0,1,1,1,1,0,0,0,0,0,0,26.29,75.72,0.6418651251528227,0.560353639729328,0.48878181023798306,0.8948719525936242,0.418311293437318,0.7598596535950601,0.7890092638585803,0.9643712154257077,0.14970281178614775,0.9369732702897021,0.16925072925741358,0.7854356358519861,0.856800342009634,0.2338167179574644,0.6387843781175346,0.19587482956347724,0.6110527386113341,1,0,inf,inf,0,0,1,0,1,1,1,0,1274,2993,166,0,0,1,1,0,1597,3.0,41,1
2.5,6.25,0,0,1016,6.92461239604856,0,1,4,0,1,0,0,0,0,0,0,27.53,76.7,0.9000891513137216,0.0009805934911110148,0.38924501377292775,0.3700882596813183,0.4965455406381619,0.7306465728290376,0.8641250561475834,0.5067114864820598,0.882232185243073,0.2895905484924086,0.41796516364361225,0.13354889595149544,0.07893576172910455,0.9465173387767475,0.6884105127342942,0.2575645630570216,0.4155021710793704,1,1,inf,inf,0,0,1,0,1,1,0,0,2326,3107,35,1,1,1,0,0,1016,2.5,3,1
4.7,22.090000000000003,0,0,2258,7.7226775164680035,0,1,3,0,1,0,0,0,0,0,0,27.39,75.58,0.583189212426062,0.242399677908136,0.9019019412869779,0.9644483230413323,0.3831347006405118,0.8129033681894825,0.33026551611427823,0.7347726422746056,0.7452946297691064,0.31438563280473597,0.17796026283763755,0.24767224956993683,0.6566712654250001,0.47480365371520705,0.1901625195994886,0.40718172830292243,0.014006408921584668,1,1,inf,inf,0,0,0,0,1,0,1,1,7893,1524,269,1,3,0,0,1,2258,4.7,49,0
3.7,13.690000000000001,0,0,1853,7.5251007461258,0,1,1,1,1,0,0,0,1,0,0,26.580000000000002,77.23,0.2493725379118733,0.5465377222077964,0.8588389689755411,0.9408590844901215,0.9321468024116564,0.33853837867892567,0.981840405969566,0.10034614074457182,0.842785366648394,0.21912138510658052,0.3326276205815457,0.8613057021233388,0.014839100933171423,0.8732901926372864,0.26595666277963304,0.4583967893487255,0.6439478605289537,1,1,inf,inf,0,0,1,1,0,0,0,0,3441,4701,334,1,1,1,0,0,1853,3.7,15,0
4.1,16.81,1,0,1130,7.030857476116121,0,1,1,1,1,0,0,0,0,0,0,27.36,75.71000000000001,0.12112511192817055,0.6153147397977738,0.3407744376473766,0.7132917589743699,0.52384474242427,0.763358162545166,0.41665977968969736,0.38981076177590557,0.6489677205302751,0.5585721378328257,0.7029361233005454,0.6572284433348218,0.7058651898666557,0.16693483092108585,0.5696177099433553,0.7388417237033771,0.8057767178631966,1,1,inf,inf,0,0,1,0,0,0,0,0,3053,3762,92,1,2,1,1,1,1130,4.1,9,1
2.8,7.839999999999999,0,0,1397,7.242797922793756,0,1,4,0,1,0,0,0,0,0,0,26.07,75.65,0.24949399754132973,0.9500203823981618,0.05582761486411325,0.6056475909346543,0.9907965703308831,0.9899914868184745,0.9134484078746384,0.9651686591100526,0.9717070165721374,0.672947250649311,0.8147176859115037,0.013353403782250695,0.9660574558396233,0.5201792484423836,0.45853898776874946,0.8615458994507513,0.7298842253816109,1,1,inf,inf,0,0,0,0,0,1,0,0,9645,4275,188,1,1,0,0,0,1397,2.8,34,0
4.0,16.0,1,0,3832,8.251403065380556,0,1,1,1,1,0,0,0,0,0,0,26.16,77.71000000000001,0.12568616789423248,0.41389907810671767,0.17856681268488195,0.9254583034016918,0.25172072234269505,0.7138830879224276,0.08930245296254102,0.7854283651494529,0.1314420235957411,0.2621823624369689,0.084545203312681,0.8260790333689023,0.5427319496911257,0.5113302244789295,0.08041134486279178,0.9988397546780798,0.02146164272447426,1,1,inf,inf,0,0,1,1,1,1,0,1,5259,2478,297,0,1,0,1,1,3832,4.0,14,1
3.4,11.559999999999999,0,0,4637,8.442038517815478,0,1,3,0,1,0,0,0,0,0,0,27.02,77.94,0.7026140223549938,0.2290470946449178,0.7599390566117801,0.024075273098788874,0.8167043761413123,0.9448515423891791,0.4352234074778404,0.7550984806323935,0.5449491803735653,0.5777371586363323,0.48194862825530815,0.7047404069726896,0.7337794309762679,0.47175586172944683,0.8128488870715367,0.028609198411364,0.964524916351756,1,0,inf,inf,0,0,1,1,0,1,1,0,7260,1050,224,0,1,0,1,0,4637,3.4,17,1
3.0,9.0,0,0,4215,8.346642090221199,0,1,4,0,1,0,0,0,0,0,0,26.02,77.54,0.12426397958483804,0.21574647419046544,0.974769986813305,0.729295349970377,0.3641661188504529,0.5649376962839628,0.9714794165828416,0.16449395514331755,0.4834129011150672,0.4827441469307574,0.5143008289335413,0.8586301881992758,0.7607620785305141,0.17072209278333028,0.4226908750219931,0.9623312757544737,0.8935618977066513,1,1,inf,inf,0,0,0,0,0,1,1,1,6346,1117,33,1,2,0,1,1,4215,3.0,39,1
4.1,16.81,1,0,3419,8.13739583005665,0,1,4,0,1,0,0,0,0,0,0,26.45,75.79,0.9112851888310918,0.7715489421613195,0.14407888294434457,0.08847450978260485,0.8707328495761684,0.19780345784695397,0.8800339154147613,0.9900559912475266,0.6893395742142407,0.9221384499393881,0.018514120848455717,0.7869598628284576,0.5239720442565805,0.3200928447651815,0.42685783095657825,0.07909671333320512,0.03130182241491808,1,1,inf,inf,0,0,0,1,1,1,1,1,1512,3199,288,1,1,1,1,1,3419,4.1,3,0
4.7,22.090000000000003,0,0,3275,8.09437844497296,0,1,1,1,1,0,0,0,0,0,0,26.87,75.74,0.4396963554752671,0.0815229317440801,0.8097508477162582,0.024112545965424448,0.7040549819461299,0.6485974042998082,0.773217024484092,0.372274323416925,0.0589839714535374,0.7913169554331764,0.018995048929840053,0.7687288235271239,0.7980296376480722,0.23162514192315786,0.9194255915830669,0.7867986400372475,0.9796445595673515,1,1,inf,inf,0,0,1,0,0,0,0,1,8326,4175,85,0,0,1,1,1,3275,4.7,12,1
4.8,23.04,0,1,2737,7.914983005848394,0,1,3,0,1,0,0,1,0,0,0,27.84,76.96000000000001,0.2658780993716596,0.694152025683774,0.19977652734748552,0.36170143126661713,0.13545851653793028,0.7278456101234669,0.7165099676509374,0.948913674373762,0.7399388338880954,0.08429069891294771,0.9383701129870458,0.3324618429911639,0.3322648328169966,0.6208279347648167,0.9217524935988322,0.3097028659915505,0.49674161189198396,1,1,inf,inf,0,0,0,1,1,0,0,1,6587,3699,134,0,0,1,1,0,2737,4.8,36,0
5.0,25.0,0,1,1193,7.085064293952548,0,1,1,1,1,0,0,0,0,0,0,27.080000000000002,77.7,0.7446686431935239,0.1614484765316021,0.008092239086647579,0.7839721755690894,0.7105283302784179,0.17172951200682707,0.8601627379559824,0.36297920217830093,0.41462872618408886,0.16711221525283304,0.8284254045325788,0.41772369165945267,0.40640211150881644,0.4797325819817979,0.21153015898858263,0.801758246428477,0.4168637992499712,1,1,inf,inf,0,0,1,0,1,1,1,0,8788,2028,237,1,3,1,1,1,1193,5.0,8,0
3.6,12.96,0,0,1684,7.429520842786462,0,1,3,0,1,0,0,1,0,0,0,27.51,76.3,0.7628886196690278,0.5785528802547327,0.817760727408003,0.08740717601162862,0.7891512434396285,0.7997754095039742,0.1648244240274811,0.016266735624254736,0.2717378081808184,0.9370702627882733,0.2072340615010656,0.852185540960552,0.729171533085201,0.02548341552606992,0.8902264766655998,0.8938859183085601,0.873828359441498,1,1,inf,inf,0,0,0,1,1,0,0,1,5267,1668,51,1,3,0,1,0,1684,3.6,45,1
4.7,22.090000000000003,0,0,3277,8.094988759303774,0,1,2,1,1,0,0,0,0,0,0,26.400000000000002,76.43,0.6479118254026843,0.09069052969756985,0.8869001335518595,0.9729777435427205,0.1766296293082399,0.5838900135483358,0.34962153935577023,0.04394522966770942,0.7013710661901498,0.6009892831700366,0.8835263846608262,0.38913958513744806,0.9930047009119901,0.9198155878981819,0.08839961440032151,0.9028868777455406,0.45478766664916725,1,1,inf,inf,0,0,1,0,0,1,1,1,2325,3689,97,0,0,0,0,1,3277,4.7,25,1
4.5,20.25,1,0,4935,8.504310565585223,0,1,1,1,1,0,0,0,0,0,0,26.63,75.55,0.47642746975939976,0.36368294685754965,0.17086764844103397,0.10066852395157566,0.24891753401731687,0.26359060421550806,0.05155744840745169,0.060512356480521556,0.02215571044400111,0.9835484463397064,0.739577931278104,0.09070111299369543,0.377140402393065,0.23692686424648224,0.869538966951252,0.27426226324680125,0.6342641038263795,1,0,inf,inf,0,0,0,0,0,1,1,0,129,354,347,0,2,0,0,1,4935,4.5,5,0
4.0,16.0,1,0,819,6.709304340258298,0,0,1,1,1,0,1,0,0,0,0,26.94,75.26,0.3854536090328907,0.3838133628880416,0.4402290550137853,0.9451314116911166,0.8407065207046857,0.9605442302625663,0.8223080252242596,0.9933503785711701,0.13797048478888152,0.9762172992200867,0.6130597956966637,0.9615924558084767,0.342595287001875,0.5778557459467649,0.7048057004069062,0.1262165113782101,0.5725496564045786,1,1,inf,inf,0,0,0,1,0,1,0,0,8735,3141,245,0,2,0,1,1,819,4.0,31,0
4.6,21.159999999999997,0,0,2340,7.75833346749091,0,1,2,1,1,0,0,0,0,0,0,27.3,75.95,0.3389413356991028,0.5606425371077932,0.9427140798748179,0.333435682018259,0.5825381824154999,0.6178317811176888,0.4583249003860148,0.28378207870889804,0.4915120830400468,0.02123358791882024,0.16600441182277492,0.348995607061956,0.009725772075727335,0.5121044139856372,0.07756209110079004,0.5997281549088248,0.49839683598451945,1,0,inf,inf,0,0,0,1,1,1,0,1,6374,4819,96,0,3,0,0,1,2340,4.6,47,1
4.7,22.090000000000003,0,0,1782,7.48605261786314,0,1,2,1,1,1,0,0,0,0,0,27.7,75.75,0.1747192832401947,0.33805885550078196,0.5876668187038825,0.9958938834406419,0.10498158089880993,0.465261630622691,0.9626748704261622,0.4719966149707322,0.854155855905257,0.5221337770940588,0.7901306567549439,0.2444644969431572,0.5006452031842921,0.317586177033788,0.24206801853786075,0.6390446378955118,0.323474267440358,1,1,inf,inf,0,0,0,1,0,1,0,0,2324,901,100,0,3,0,0,0,1782,4.7,27,0
4.9,24.010000000000005,0,1,3100,8.03947991910045,0,1,2,1,1,0,0,0,1,0,0,26.76,75.79,0.6569246635846262,0.9096227984238985,0.9448798614084444,0.6800029802201868,0.46542699027283896,0.8206694399551518,0.007168437441226083,0.36905163255124895,0.5322360966175778,0.47713997709494405,0.5432309509148547,0.3771562606459965,0.11432438283060398,0.6378795934476155,0.041710185815435064,0.3698170348030878,0.530385351859709,1,0,inf,inf,0,0,1,0,1,1,0,0,6445,4604,136,0,0,0,1,0,3100,4.9,44,0
3.4,11.559999999999999,0,0,4020,8.299285906897275,0,1,1,1,1,0,0,0,0,0,0,27.18,76.16,0.18974851759385514,0.982067519085631,0.05253054971658522,0.6497761005416897,0.7731204022898276,0.3744058862156461,0.5995275425630465,0.8441342483896994,0.9915698658568436,0.8434347888344892,0.17369764457496484,0.42852205345909966,0.8751245306375357,0.43572818009060643,0.27876363632108103,0.12263742756816953,0.5442382342252073,1,1,inf,inf,0,0,1,0,0,0,0,0,5103,3953,321,0,1,1,1,1,4020,3.4,11,1
4.0,16.0,1,0,1172,7.067319848653476,0,1,2,1,1,1,0,0,0,0,0,26.39,76.98,0.44471939300515706,0.16389615043348926,0.7435209304510861,0.3160926502217811,0.7590847001126916,0.988940749192799,0.08430123994647909,0.7699748250350844,0.42707438815185783,0.12878446144846412,0.8875826940013669,0.16234413472570997,0.8564998111395175,0.3440918923861068,0.05609999263783971,0.8225171937684026,0.44552744828652957,1,0,inf,inf,0,0,1,0,1,0,0,1,4051,3602,227,0,0,1,1,1,1172,4.0,44,1
3.1,9.610000000000001,0,0,1072,6.9782137426306985,0,1,1,1,1,0,0,0,0,0,0,26.44,75.69,0.5481358439439811,0.7750086024490234,0.7691650017669622,0.23164212408637785,0.3349048532542679,0.14407613491305227,0.2940867553489256,0.487521038528395,0.2419035572499073,0.3595255334107985,0.5236377270376957,0.7856355156881759,0.47419065724563314,0.28561885941909126,0.3673846166185607,0.41244909762333004,0.25457714203566917,1,1,inf,inf,0,0,0,0,1,1,0,1,5669,3020,34,0,3,0,0,1,1072,3.1,4,1
3.5,12.25,0,0,21,3.091042453358316,1,0,2,1,1,0,0,1,0,0,0,26.29,76.46000000000001,0.20264660321694217,0.835379777956552,0.4307782855092819,0.16503619376297518,0.22737365966643241,0.03132072033731803,0.8579155011563909,0.37126241957832595,0.44005393691906414,0.761280213599449,0.17186717878527136,0.8281955293340615,0.20973262356871447,0.14528291233566792,0.3534188339327815,0.30364569697708454,0.11218862718647304,1,1,inf,inf,0,0,0,0,1,0,1,1,8100,1499,213,1,1,1,1,1,21,3.5,1,1
2.7,7.290000000000001,0,0,4074,8.312626025674962,0,1,2,1,1,0,0,0,1,0,0,27.810000000000002,75.78,0.428207453773665,0.7487411303664352,0.8763086205504772,0.4834718239023408,0.2826689804481789,0.25243630884366774,0.6608868867946245,0.9014820449764553,0.6788273912930435,0.500354527963405,0.32472361503895675,0.3144583854321842,0.20911309869185624,0.7437027982944808,0.6438331696073673,0.39409127324905,0.2792564083512441,1,1,inf,inf,0,0,1,1,0,1,0,1,8547,1833,360,0,0,0,0,1,4074,2.7,43,0
3.3,10.889999999999999,0,0,1413,7.254177846456518,0,1,3,0,1,0,0,0,1,0,0,26.95,76.47,0.669202489156447,0.19611063895739156,0.2888002411219479,0.5828168549075922,0.4940475792002781,0.062188783535078285,0.7355665021743012,0.9802716643267926,0.4172479639910124,0.8052271231663379,0.5252685146538781,0.7562756983392489,0.7059551403363274,0.6033274082090951,0.432312655756672,0.541857080240229,0.4667791371533566,1,1,inf,inf,0,0,0,1,0,1,0,1,2950,796,180,0,3,0,0,1,1413,3.3,21,0
3.1,9.610000000000001,0,0,2756,7.921898411023797,0,1,2,1,1,0,0,0,0,0,0,26.310000000000002,76.51,0.46646997175912275,0.9708542294250286,0.8725058442707457,0.34414582140365113,0.1542430088342065,0.8257495702757026,0.30301933201050923,0.6897049575659482,0.9418666743105255,0.9565882867146593,0.11222644634726642,0.2521426055073511,0.3773743224355237,0.6237650587495552,0.9442712559540339,0.7002186579820151,0.6134824259813304,1,1,inf,inf,0,0,1,1,1,0,0,1,1890,3410,29,1,0,1,0,0,2756,3.1,49,1
3.7,13.690000000000001,0,0,92,4.532599493153256,1,0,2,1,1,0,1,0,0,0,0,26.36,77.03,0.48680220301462884,0.693828769168457,0.009144112713624142,0.5807574589568745,0.9026136236524137,0.37611430592105755,0.08188773907631397,0.03485062237127745,0.4368610588202664,0.593361148791048,0.775456826941592,0.20670414163476425,0.05073277097366469,0.583992778930358,0.5781553978334476,0.40010814315247245,0.26810529642004155,1,1,inf,inf,0,0,1,0,1,0,1,1,5637,3320,220,0,2,0,0,1,92,3.7,2,0
3.5,12.25,0,0,2809,7.940939762327791,0,1,3,0,1,0,0,0,0,0,0,27.150000000000002,76.05,0.6948991159255072,0.9900238114382035,0.17743376610006423,0.8850773111121694,0.1822066298377789,0.5203142532021818,0.5694823139902833,0.939970632153867,0.38546551470734414,0.21307293437790498,0.8512305008048441,0.9213793487592978,0.6872129576672251,0.23914018656133473,0.5992584590362796,0.3322287650075473,0.528121698078109,1,1,inf,inf,0,0,0,1,1,1,0,0,8430,2752,58,0,2,1,0,0,2809,3.5,36,0
3.9,15.209999999999999,0,0,4892,8.495560891289124,0,1,4,0,1,0,1,0,0,0,0,27.17,75.2,0.88107160115533,0.8714024955502312,0.23523202957068068,0.14419767563633556,0.28354903499478634,0.6677097525478957,0.2798798439554192,0.4712393446006087,0.11190152560927058,0.4413486952231952,0.4721255304241303,0.25136840475737543,0.7245468220574959,0.8249915627586804,0.6984002112076229,0.7489276753472156,0.6243354272874441,1,1,inf,inf,0,0,0,1,1,1,1,0,5027,2997,87,0,0,1,1,1,4892,3.9,6,0
3.5,12.25,0,0,3789,8.240121298076472,0,1,4,0,1,0,0,0,0,0,0,27.11,75.48,0.2390879453545981,0.29582090410762185,0.5789426557935674,0.2389405497235576,0.7501990329444981,0.5619572911883904,0.8373772128597547,0.6618533033508908,0.7590462662908714,0.22243147195267832,0.6620792730946305,0.6848825704245434,0.07549866547334394,0.9186476791386277,0.9307123179335999,0.8103124615908917,0.9069996875080626,1,0,inf,inf,0,0,1,0,1,0,1,0,2126,1310,86,1,2,1,0,0,3789,3.5,13,0
4.9,24.010000000000005,0,1,4852,8.487352349405215,0,1,1,1,1,0,0,1,0,0,0,26.52,77.15,0.5388602701268715,0.48478527822780926,0.15520782937966016,0.9253760303036698,0.01613009569299073,0.9099137962562773,0.13170904701481456,0.24558572451228833,0.42835391692558633,0.7337921679638412,0.2775461871644058,0.4545034437164832,0.28265321832435486,0.4603401154526996,0.6396812339881716,0.07374555009387707,0.8892245531579962,1,1,inf,inf,0,0,1,1,1,0,0,0,5282,4526,162,0,1,1,1,0,4852,4.9,38,0
2.6,6.760000000000001,0,0,3544,8.173293438966228,0,1,2,1,1,0,0,0,0,0,0,27.77,77.07000000000001,0.4795597259835567,0.8289892686882722,0.20676185566540128,0.17917968392153427,0.5261970081166852,0.8244362775915935,0.3743812543175439,0.6156220850600956,0.9108514568854339,0.21866444267066154,0.43201081113457684,0.2820190871924787,0.5535848400888085,0.017800971841570257,0.9332682614476862,0.7269220495919908,0.5814540185462146,1,0,inf,inf,0,0,0,0,0,0,0,0,7876,4774,3,0,2,0,0,0,3544,2.6,21,0
3.6,12.96,0,0,3755,8.231109840328154,0,1,1,1,1,0,0,0,0,0,0,27.42,75.55,0.2197901391022382,0.9837733350024785,0.24954860391328204,0.8094357212588942,0.2328629745870473,0.42889771310769653,0.3978644255255023,0.6240709007865166,0.40994085384056367,0.0011088864077176686,0.9976919855567877,0.2660688728730254,0.27555350455206584,0.8002492888462331,0.45692500496128186,0.9425561039417115,0.45378986098861995,1,1,inf,inf,0,0,1,1,0,1,1,0,3717,552,61,1,3,1,0,0,3755,3.6,2,1
3.2,10.240000000000002,0,0,4111,8.321664807135,0,1,4,0,1,0,0,0,0,0,0,27.62,75.54,0.08349459535868631,0.9802121762855014,0.47516276382557165,0.4628288286782378,0.09866294930880426,0.9881077071429492,0.872525730479227,0.5130780322417223,0.537578180535863,0.8946519852127391,0.7363317721097175,0.5917455829155475,0.5103270397102406,0.5127044805372412,0.9431438100637988,0.830654861444331,0.8351836586191334,1,1,inf,inf,0,0,1,0,1,0,1,1,1964,2475,17,1,1,0,1,1,4111,3.2,46,1
3.4,11.559999999999999,0,0,3605,8.190354403763262,0,1,4,0,1,0,1,0,0,0,0,26.240000000000002,75.35000000000001,0.28451415763647825,0.7683358711010905,0.7145882962967031,0.0591610095833387,0.6539938074863305,0.7437697219785447,0.47298016670330567,0.45916607426910816,0.5859268087395884,0.968956438119532,0.6599407906647815,0.12141184026947682,0.019325489863811884,0.8158405255330291,0.16472921178506084,0.062223063329123196,0.6903563307756061,1,1,inf,inf,0,0,0,0,1,0,1,0,4349,2095,294,1,2,0,0,1,3605,3.4,38,1
2.6,6.760000000000001,0,0,4918,8.50086053679534,0,1,4,0,1,0,0,1,0,0,0,26.13,77.5,0.6864141248160724,0.755573847914286,0.05547190733208829,0.877757627847854,0.9046167522909888,0.02405078139909933,0.6704273231155222,0.22383770641350265,0.642192413166501,0.7698908891799136,0.8488380577664348,0.1826779405708845,0.9981586945990446,0.28726689138348604,0.7752375400456892,0.778873619379069,0.322911342885537,1,1,inf,inf,0,0,1,0,1,0,0,1,7312,3217,160,1,0,1,1,0,4918,2.6,4,1
2.8,7.839999999999999,0,0,2238,7.713784616598755,0,1,2,1,1,0,0,0,0,0,0,27.63,75.78,0.31293869518006157,0.5226891037154121,0.8791594063388686,0.4228701012096977,0.3577751417268592,0.31446475421021236,0.8739735219213342,0.1198895394351025,0.9339437294507721,0.05348595522693145,0.5363083120838437,0.8295010060810765,0.48614375789708997,0.5297013747597193,0.053540211839144924,0.8807600877081088,0.8230832386517466,1,1,inf,inf,0,0,1,0,1,0,0,0,4147,11,25,0,1,0,1,1,2238,2.8,23,0
2.9,8.41,0,0,3192,8.068716192714781,0,1,2,1,1,0,0,0,0,0,0,27.53,75.8,0.11050031354652101,0.49454450686749696,0.010694505403247012,0.9622868811128662,0.395248025888729,0.8527862035916134,0.7141360413728041,0.8001398689579557,0.0891850502574657,0.7951601465753918,0.0813306483049484,0.12543592635559464,0.49007704995119905,0.9674368680915849,0.6106165652178057,0.022519632441365012,0.5415326050101621,1,1,inf,inf,0,0,1,0,0,0,1,0,863,1236,190,0,0,0,1,0,3192,2.9,9,1
4.1,16.81,1,0,1340,7.201170883281678,0,1,3,0,1,0,0,1,0,0,0,26.85,76.8,0.4620399179423863,0.3215040363889877,0.8726349767062076,0.717625302610848,0.058962203405190095,0.2507312628981232,0.8900479849569704,0.6727521351025362,0.3621058874199825,0.23064072684259584,0.9527862816241722,0.28875713381500245,0.5265725669940502,0.9940741884732596,0.31785541751393687,0.28892736412009223,0.04649471944365324,1,1,inf,inf,0,0,1,1,1,1,1,0,6990,1732,255,0,0,0,1,1,1340,4.1,13,1
3.3,10.889999999999999,0,0,4657,8.446341450444287,0,1,3,0,1,0,0,0,0,0,0,27.07,75.17,0.9409506015907229,0.5496039561401111,0.05222464932234527,0.5752711935351025,0.9617009922610995,0.7425147685153094,0.033714518352060185,0.3590150096105268,0.054067653879479316,0.8654724580469048,0.7347594943532847,0.9828770137062318,0.3120109966768261,0.6995419497560208,0.5085003504087442,0.19589223538325462,0.8862997828154938,1,1,inf,inf,0,0,0,0,0,0,0,0,8455,2916,33,0,2,0,1,0,4657,3.3,2,1
3.9,15.209999999999999,0,0,3380,8.125926802707886,0,1,2,1,1,0,0,0,0,0,0,26.55,76.55,0.02156453587247742,0.2519365649753944,0.471941975856245,0.3538063126897012,0.8606986502860723,0.4650079030055957,0.9466786735876668,0.4618616422780102,0.2506130020402384,0.37221247326517937,0.9435785143685375,0.21068970145291377,0.6720234494380252,0.7375388001456258,0.6252830394711397,0.008044029787412144,0.7248462303220182,1,1,inf,inf,0,0,0,0,1,1,0,0,9044,933,216,0,3,0,1,0,3380,3.9,18,0
2.7,7.290000000000001,0,0,2394,7.781138509845015,0,1,1,1,1,0,0,0,0,0,0,26.400000000000002,77.12,0.6626951513955684,0.892972123345619,0.30956535582605704,0.18884299880417588,0.8671607776983001,0.08522950778031257,0.003905217706762998,0.4723500464839697,0.5087845205193415,0.03191531703375816,0.7754458023891092,0.8673096060516685,0.0516590411565655,0.1550689069715745,0.5868304843099414,0.3954147662684768,0.6083717722307045,1,1,inf,inf,0,0,0,1,1,0,1,0,3699,3503,180,1,2,1,0,0,2394,2.7,19,1
4.6,21.159999999999997,0,0,360,5.8888779583328805,0,0,1,1,1,0,0,0,1,0,0,27.11,77.10000000000001,0.10670410621277093,0.7195079517929104,0.9600592913446101,0.051456851097024914,0.7882530232222084,0.11516348849091684,0.24129717662160344,0.03293290437358498,0.7247237094895606,0.9056939745224621,0.10400511534869372,0.6726755210424106,0.49904330329241253,0.26212248836706886,0.8891325178578116,0.2710035894415612,0.603073199615504,1,1,inf,inf,0,0,0,0,0,1,0,0,5223,3842,175,1,0,0,1,0,360,4.6,3,0
4.3,18.49,1,0,1302,7.172424577124845,0,1,4,0,1,0,0,0,0,0,0,26.3,75.84,0.488359235214178,0.25137479296449916,0.9416486464537334,0.9751709786758223,0.7169795375977067,0.44368744724279574,0.6696803302419867,0.7943378507942899,0.88898728625824,0.06374625570537806,0.6625957082818532,0.5359584858262744,0.23158284332452006,0.9018997336298131,0.47805197962281254,0.3410138710847015,0.2145435563066821,1,1,inf,inf,0,0,0,1,1,0,0,0,1017,539,6,1,3,0,0,1,1302,4.3,6,0
4.4,19.360000000000003,1,0,1058,6.9650803456014065,0,1,3,0,1,0,1,0,0,0,0,27.060000000000002,76.5,0.3343548690764979,0.27338555053461977,0.656216853536113,0.19410059590411333,0.09603064461433752,0.8546712168379288,0.12535478318609594,0.23619336024264914,0.1457062249657608,0.3773452939174695,0.5299971951636444,0.8040732054672033,0.9810448893780879,0.4188561801685732,0.43749879492473664,0.877295151958482,0.2680346920042985,1,1,inf,inf,0,0,1,1,0,0,1,0,635,347,310,0,2,0,0,1,1058,4.4,30,0
3.4,11.559999999999999,0,0,902,6.805722553416985,0,0,2,1,1,0,0,0,0,0,0,26.47,76.84,0.39400946305200346,0.18569481273995536,0.2371190986493794,0.7328695352588521,0.09127443212318409,0.8768203737357966,0.9541448993907118,0.06367899181448333,0.955445706712053,0.6575830936076482,0.7124766242693839,0.6093951701145133,0.2959678652679949,0.623922227680338,0.5254423871145514,0.26559165866993073,0.9433325193979748,1,0,inf,inf,0,0,1,1,0,0,0,1,2147,2845,231,0,2,1,1,1,902,3.4,25,0
3.2,10.240000000000002,0,0,577,6.359573868672378,0,0,4,0,1,1,0,0,0,0,0,27.810000000000002,76.31,0.9486314471895062,0.9117808170493304,0.05515682846236014,0.9473817724809379,0.5055326755717027,0.6484661648158792,0.5606807178688372,0.9978521075861527,0.05792665313821721,0.5435731238558481,0.7715897356768877,0.1260674903969239,0.3553301066720349,0.5411858288381712,0.8416842096561495,0.8408322624696459,0.5089602016349853,1,0,inf,inf,0,0,1,1,0,1,1,1,2867,4288,325,0,2,0,0,1,577,3.2,38,1
4.1,16.81,1,0,2659,7.886081401775745,0,1,2,1,1,0,0,1,0,0,0,27.04,76.60000000000001,0.47049097271703955,0.16077944561164426,0.1752219161195614,0.12386851599793425,0.21238222561508358,0.9681195665346123,0.8184712172574787,0.13568202802114493,0.6600430748397281,0.3901438524531218,0.07047592833267602,0.5383981251835669,0.6748339547701379,0.06206537121344491,0.5588422488969041,0.47598460633240014,0.8509286231302036,1,0,inf,inf,0,0,1,0,1,0,1,1,1183,3785,279,1,0,1,1,1,2659,4.1,18,1
3.8,14.44,0,0,3477,8.154212694914229,0,1,4,0,1,0,0,0,0,0,0,27.19,75.13,0.08754409663136464,0.049942580767937894,0.10431592020488345,0.10582227130120514,0.8513013663336451,0.35132990096152084,0.2976478392223785,0.8891233274811555,0.2979435661469493,0.6783863344219843,0.7656951088423175,0.6919821298052694,0.17258240919745016,0.27419925918698096,0.6424257233278066,0.0358097880741568,0.9276501101495185,1,1,inf,inf,0,0,1,1,1,0,1,1,229,2714,293,0,0,0,1,0,3477,3.8,21,1
3.8,14.44,0,0,4081,8.31434234336979,0,1,4,0,1,0,0,0,0,0,0,27.89,75.56,0.16180531444951307,0.5295620905654942,0.07506172649767107,0.7782894887395941,0.6170620300312996,0.37447884191664316,0.28822273373244844,0.11284763749963411,0.4443313803057781,0.0915308276393696,0.2981498882361544,0.26095632350754794,0.6287173154720066,0.9976995089092109,0.32610347006268714,0.7926995545001494,0.22503856046691717,1,1,inf,inf,0,0,1,0,0,1,1,1,3619,3208,69,0,3,1,0,0,4081,3.8,9,1
3.2,10.240000000000002,0,0,2851,7.955775781534187,0,1,4,0,1,0,0,0,0,0,0,26.93,76.92,0.664052877014021,0.8793700000313492,0.9690805049264924,0.7564558118747134,0.6142181940833574,0.9573429427783066,0.8708490670190124,0.8562293117192419,0.9941772931018313,0.9216031773446379,0.14844279120321469,0.02934659974528353,0.5665925969415045,0.8251025482578045,0.754202604282085,0.24796679233276098,0.3620614997128384,1,1,inf,inf,0,0,0,0,0,1,0,0,4500,3029,241,0,2,0,0,0,2851,3.2,7,0
3.9,15.209999999999999,0,0,4115,8.32263709695394,0,1,3,0,1,0,0,0,0,0,0,27.8,77.72,0.35875053308908345,0.916808808490685,0.5303659553233219,0.8412427522026845,0.35775251349545434,0.7992692032143389,0.5483112656811313,0.3214954815446325,0.870288217779092,0.590794577835843,0.43566301843678745,0.034121439121599595,0.8712654569057201,0.19376388285955803,0.48624240764999005,0.49444450276278606,0.4891071959688409,1,1,inf,inf,0,0,1,0,1,0,1,1,9370,4221,357,1,2,1,1,0,4115,3.9,18,1
3.7,13.690000000000001,0,0,1282,7.1569563646156364,0,1,3,0,1,0,0,0,0,0,0,27.68,76.68,0.4709252994356521,0.10253129461745036,0.818168597783722,0.13892688919744844,0.34586854059226935,0.6845287575795668,0.7289996116541012,0.2930579558470381,0.30304545494745216,0.1255048102823414,0.19727365898660587,0.6847921165599031,0.6475702187500203,0.8223096583093231,0.21300100408906086,0.699255212456955,0.10778386442152088,1,1,inf,inf,0,0,1,1,0,1,0,0,6044,4793,2,1,1,1,0,0,1282,3.7,35,0
3.1,9.610000000000001,0,0,1618,7.389563953677635,0,1,2,1,1,0,0,0,0,0,0,27.45,77.92,0.5505038363065337,0.5116645491452175,0.9526748091982742,0.43077198834973485,0.6402017919155202,0.9110305344980281,0.5515226118886157,0.49200542537130165,0.7317415032868756,0.6759832149979332,0.9056595765762055,0.7141280636113809,0.9100345097900313,0.3265000407674371,0.8876567861087586,0.0717730927368957,0.18294407372453148,1,1,inf,inf,0,0,0,1,0,1,0,1,6859,4420,333,0,2,1,1,1,1618,3.1,4,0
2.5,6.25,0,0,4789,8.474285690404962,0,1,4,0,1,0,0,0,1,0,0,27.91,75.17,0.726941338299855,0.0522514695213564,0.4285295080327196,0.286563673072573,0.6990452904312121,0.9657661450663345,0.2441203844733446,0.020013946995754317,0.40817091964786034,0.8413698172933926,0.275126352334101,0.6260225352126543,0.08201801549091214,0.13670689250438128,0.14013017275782014,0.5647821181544044,0.37547450214228373,1,1,inf,inf,0,0,0,1,0,1,1,1,3049,4471,170,0,0,0,0,1,4789,2.5,35,0
4.0,16.0,1,0,417,6.035481432524756,0,0,1,1,1,0,0,0,0,0,0,27.3,76.37,0.7288728753525274,0.30225740170522153,0.9215904867280079,0.7709046199104364,0.7708341478327814,0.7746324578619265,0.9274259986373788,0.6513580147094694,0.07709507715064123,0.5909883279323227,0.6885475380857609,0.2506731726349273,0.9104567762618785,0.46239218751815037,0.37269481294067786,0.3619366977828281,0.674102154070995,1,1,inf,inf,0,0,0,0,0,0,0,0,4141,2183,350,0,3,0,1,0,417,4.0,11,1
3.0,9.0,0,0,2036,7.619233416226805,0,1,1,1,1,0,1,0,0,0,0,27.18,76.19,0.236984816263768,0.9421118240838763,0.21801123673012113,0.04689118436944273,0.09066621762725335,0.22173819524308924,0.3339977766999127,0.9860829379408226,0.18540100435753937,0.17751503340155017,0.2086220593563456,0.9772100154368792,0.30162719440854335,0.4766675603261532,0.4154800162981186,0.15097158890124174,0.8703830964057673,1,1,inf,inf,0,0,0,0,1,0,1,0,2229,4258,358,1,2,0,0,1,2036,3.0,30,0
2.6,6.760000000000001,0,0,2306,7.7437032581737535,0,1,3,0,1,0,0,0,1,0,0,27.76,77.73,0.39049964522816516,0.4618930015870516,0.5272821969691089,0.4535318838441861,0.5450734214708338,0.026980264659125175,0.5078130118853172,0.03184297032498273,0.009048391877386708,0.5780986949643466,0.925542806788869,0.08509455559095058,0.42253802854887956,0.1881416495216761,0.5319103043153638,0.3791474634068783,0.9305057912881362,1,1,inf,inf,0,0,1,1,1,0,1,1,4715,855,225,0,0,1,0,1,2306,2.6,7,1
4.0,16.0,1,0,4879,8.492900498847193,0,1,3,0,1,0,0,0,0,0,0,27.96,75.35000000000001,0.8491669374622833,0.6053390297312211,0.44206263585669847,0.01019166668685767,0.8565662954234423,0.546775298449157,0.24038729702142114,0.5250891631565767,0.12058929096548643,0.8383451698473169,0.10284111686089559,0.2440544941275663,0.7119943527819047,0.4502003141158447,0.3086446593057527,0.8480113585865208,0.4604542702557649,1,0,inf,inf,0,0,0,1,0,0,0,0,1986,347,65,1,3,1,1,1,4879,4.0,34,1
4.8,23.04,0,1,528,6.270988431858299,0,0,3,0,1,0,0,0,0,0,0,26.01,77.27,0.5200411288182016,0.08177544303102524,0.4863341940156678,0.7341504332208272,0.5399223858715514,0.4165820054658067,0.555887873503425,0.8235811011945972,0.8434551479102667,0.13699169476766504,0.09542515025635367,0.1636363981971345,0.8613129573419228,0.22795272326335803,0.20855111716599484,0.38151960088865133,0.44260301416917314,1,1,inf,inf,0,0,1,1,1,0,0,0,3854,103,268,0,3,1,0,0,528,4.8,11,0
4.5,20.25,1,0,1883,7.5411524551363085,0,1,2,1,1,0,0,1,0,0,0,27.34,75.14,0.4673446167199624,0.5463578724730097,0.3119187359329513,0.7970080390608367,0.9337038058602817,0.6197524857695137,0.7060487344441969,0.027488068693950707,0.6164953640714422,0.49802961377554056,0.045382538015500073,0.8895265393525201,0.4090215098853799,0.6636077526741719,0.14456129083226954,0.09868096595511744,0.48592843695715915,1,1,inf,inf,0,0,0,1,0,0,1,0,8504,1934,17,1,3,0,1,1,1883,4.5,42,1
3.7,13.690000000000001,0,0,3278,8.095293776844649,0,1,3,0,1,0,0,0,0,0,0,27.78,75.01,0.8968367059422713,0.9662076402211001,0.26666732955689587,0.7231651764828898,0.7229002602653392,0.1476432782647702,0.7414394782902872,0.6919650273599994,0.7252219514642484,0.6438466340129425,0.2857580679850522,0.31081260526320664,0.43713826547636836,0.1114552801623454,0.7716492274896246,0.8053502571404496,0.06594465475410383,1,0,inf,inf,0,0,1,0,1,0,0,1,2559,2229,337,0,2,0,0,1,3278,3.7,39,1
5.0,25.0,0,1,3339,8.113726085970747,0,1,3,0,1,0,0,0,1,0,0,27.44,75.65,0.15280218797516032,0.2913153398046323,0.22074874290667368,0.2800454048266433,0.9716073147123871,0.8090971170617315,0.9327589660721975,0.39651692230403235,0.9016084944090385,0.14723276321705125,0.5152193359354579,0.6771194534416489,0.4175239207116712,0.7054965482147605,0.05142989613851734,0.6779294253360936,0.6742070715899283,1,1,inf,inf,0,0,1,1,1,1,0,1,1758,4311,137,0,3,1,0,0,3339,5.0,12,0
2.8,7.839999999999999,0,0,3509,8.163371316459912,0,1,2,1,1,0,0,0,0,0,0,26.77,76.78,0.17772360050584324,0.9617986342045367,0.12416059830518555,0.9084855687378264,0.916782625272649,0.6895505990589401,0.8098183841685855,0.8224951020659158,0.39617963756824104,0.48910251609796607,0.6584180419225099,0.614514424801869,0.04592601757052628,0.9084223335943182,0.924121903379383,0.3369928994098901,0.14640121262795946,1,1,inf,inf,0,0,0,0,0,0,1,0,6896,3758,153,1,2,1,0,1,3509,2.8,32,0
4.5,20.25,1,0,2967,7.995643604287271,0,1,1,1,1,0,0,0,0,0,0,27.36,76.58,0.94491815416443,0.15202999601646583,0.39080806461216555,0.16315964537641248,0.9856625190837283,0.31377770911328606,0.6579202942764814,0.9602682518148218,0.08992579911346388,0.3959911782216524,0.3847855923822828,0.30188511968657594,0.7902701551854079,0.5546392598433287,0.33494767855551344,0.0461938132950831,0.3872640293287264,1,1,inf,inf,0,0,1,0,0,1,0,1,8462,4390,163,1,0,0,0,1,2967,4.5,23,0
2.8,7.839999999999999,0,0,245,5.5053315359323625,0,0,3,0,1,0,0,0,0,0,0,26.330000000000002,77.43,0.7472727565651496,0.2603685622782387,0.2031829493034033,0.5993580663665753,0.31884865579425814,0.28585463865424654,0.4471502520833529,0.9260154503310046,0.04864292742473919,0.9650514647528635,0.8511664039579357,0.4980110499250664,0.8648526066692156,0.47217600964591067,0.35971018564993174,0.02518962820227688,0.6584993154940648,1,1,inf,inf,0,0,1,0,1,0,0,1,3868,4991,321,1,3,0,0,1,245,2.8,21,0
4.0,16.0,1,0,4875,8.492080490601163,0,1,3,0,1,0,0,0,0,0,0,27.34,75.79,0.33945599701253903,0.8318318188683143,0.31815544544093144,0.3175328976557872,0.8326724534369675,0.9248094836852471,0.4955772068428851,0.7914703753336652,0.4165205182283954,0.9873400297930292,0.7817908540074494,0.8833038571272659,0.5570079193347616,0.2539798797798928,0.2876525228667449,0.18831377842070918,0.07768464414770115,1,0,inf,inf,0,0,1,1,0,1,1,1,1302,1866,181,0,0,0,0,1,4875,4.0,49,1
4.5,20.25,1,0,4043,8.304989580140361,0,1,1,1,1,0,0,1,0,0,0,26.27,75.12,0.5270179676393397,0.6582741286433132,0.7268031787729485,0.6364459894945389,0.612104798793728,0.4996275843797431,0.10929842727805694,0.7969878643879529,0.05549560790576846,0.1363308409009425,0.10440315700746894,0.9896566189201371,0.30439470003937374,0.20115193643550455,0.6452476147398162,0.6865273295922162,0.4272434622243304,1,0,inf,inf,0,0,0,1,1,0,1,1,7667,1287,137,0,0,0,1,1,4043,4.5,30,1
3.2,10.240000000000002,0,0,3541,8.17244681834278,0,1,1,1,1,0,0,0,0,0,0,26.66,76.24,0.42093089191941935,0.8271663851570368,0.6104734114293644,0.38648769988907417,0.25853397274087675,0.08016468627548967,0.1624238283702898,0.04261984695124943,0.26901648781153764,0.3835704734398866,0.6830716089534927,0.4396317898346117,0.27572737036169237,0.38469738223748995,0.3906602714883878,0.7849645572244562,0.25940719084831887,1,1,inf,inf,0,0,0,1,1,0,1,1,3657,889,38,1,1,1,1,0,3541,3.2,21,0
2.8,7.839999999999999,0,0,1814,7.503840746698951,0,1,2,1,1,0,0,0,0,0,0,26.900000000000002,77.12,0.6985586289068015,0.028666299868694067,0.48606640589545025,0.3873822231026798,0.7319250106520165,0.7429255066261896,0.8825443789686516,0.7203303919336617,0.006669417629703633,0.23689229161955805,0.7030484086012133,0.05515546098375501,0.35887927122995045,0.24757852197282804,0.5923420704071753,0.33499694800700475,0.8228126266216415,1,1,inf,inf,0,0,0,0,0,1,1,1,2433,4402,137,0,1,0,0,1,1814,2.8,25,0
4.8,23.04,0,1,2853,7.956476798036782,0,1,2,1,1,0,0,0,0,0,0,26.55,75.27,0.791550150886382,0.3649297549127337,0.32376446427999805,0.9832772959422643,0.313619638475092,0.055013356260621205,0.5849935443647759,0.04493518351130521,0.5260027534161517,0.5236952795847265,0.6649219547163299,0.027275176846067062,0.5311896453162,0.886626164996193,0.1754038649521139,0.08347381989872582,0.5737251782000609,1,0,inf,inf,0,0,0,0,0,0,1,0,2108,393,179,0,0,1,1,0,2853,4.8,30,0
2.7,7.290000000000001,0,0,3196,8.069968149059841,0,1,3,0,1,0,0,0,0,0,0,26.97,76.97,0.1131943546281865,0.7507481507118611,0.2823754822098601,0.7974099531100526,0.725890803782912,0.7507863529101363,0.4438715588997121,0.15936239566351218,0.2188744547485887,0.16864821890737858,0.49808080507575714,0.6597196116190938,0.9681037783139081,0.7288013414179726,0.30699493541745404,0.5330925585308878,0.7897377508799345,1,0,inf,inf,0,0,1,0,1,0,0,0,7100,278,141,0,3,0,0,1,3196,2.7,11,0
4.3,18.49,1,0,2595,7.86172707782398,0,1,4,0,1,0,1,0,0,0,0,27.76,75.21000000000001,0.9661797176588378,0.037566302048229194,0.33684914812773104,0.3823939645723279,0.7352749376215862,0.9380141450561896,0.9185285244354682,0.3831774170172989,0.4888014230660752,0.7658754363139646,0.7734651212100646,0.3911780509182675,0.24803152029326492,0.2529995472187544,0.3741775524998421,0.5582157121163797,0.4644187118503592,1,1,inf,inf,0,0,1,0,0,1,1,1,2409,724,44,0,1,1,0,1,2595,4.3,34,0
3.5,12.25,0,0,3195,8.069655306886165,0,1,3,0,1,0,0,1,0,0,0,27.64,77.07000000000001,0.4027617036485617,0.4337486638615353,0.0341151198861267,0.02512793663410462,0.9635287882988357,0.32155651650432915,0.4202861198148544,0.08236030417292217,0.8376672678224394,0.2959153521291258,0.8800393844581221,0.5274431727574491,0.9163002206096927,0.5880245053726586,0.503891013302109,0.19592615037851047,0.032406781034107324,1,1,inf,inf,0,0,1,0,0,1,1,1,5290,2390,180,0,3,1,0,0,3195,3.5,29,1
4.5,20.25,1,0,3741,8.227375506834035,0,1,3,0,1,0,0,0,1,0,0,27.03,76.86,0.36156320961257404,0.047516117446142925,0.5535613867455645,0.9362925909091909,0.1022447323685951,0.8745772249970656,0.8958583717478851,0.7427894662168708,0.34575262426654063,0.963209944647361,0.8521220821429569,0.9602993290432403,0.008217517483127712,0.9828849706331413,0.528880061588313,0.5000251402634714,0.4939492754127405,1,1,inf,inf,0,0,1,0,0,0,1,0,8562,1318,140,1,0,0,0,0,3741,4.5,39,1
4.1,16.81,1,0,1006,6.914730892718563,0,1,4,0,1,0,0,0,0,0,0,27.66,78.0,0.703409339422583,0.107289256773486,0.19705850230022737,0.3070275744367933,0.5974758932307173,0.8150769704490743,0.6815314625857786,0.7151568162765078,0.9396097663414126,0.41400405889107506,0.8416685725949501,0.4047824894933618,0.8616351311568862,0.6328543577562261,0.5861537492127525,0.10491665590848842,0.6483870834963545,1,0,inf,inf,0,0,1,0,1,1,0,1,4425,1279,271,1,2,0,1,1,1006,4.1,41,0
4.1,16.81,1,0,3068,8.029107054619736,0,1,1,1,1,0,0,0,0,0,0,27.96,75.23,0.6395971387556726,0.324446038114116,0.6901255835433232,0.8362960498085293,0.09823453352447553,0.8245086535529214,0.3135282452597846,0.5190343598358255,0.31671968714138155,0.6364561312379827,0.8252699900305104,0.3287592361899899,0.42807697227023433,0.8576550356522278,0.37481069151198876,0.031422046043475205,0.15922673685146826,1,1,inf,inf,0,0,0,1,1,1,1,0,2530,776,8,1,2,1,1,1,3068,4.1,27,1
3.7,13.690000000000001,0,0,2925,7.98139158158007,0,1,3,0,1,0,0,0,0,0,0,26.75,77.71000000000001,0.6046966877346978,0.13147198061716747,0.33386889810596376,0.9171797382042125,0.0649578002004183,0.6344840831192131,0.5318101258009037,0.99797909986865,0.8265929410045765,0.3952889208508543,0.6693997491642764,0.31228175881443443,0.40736043112453446,0.8385005504853794,0.010380867329919607,0.5453955768933271,0.7801156903325128,1,1,inf,inf,0,0,0,0,0,0,1,1,8889,4821,244,1,1,0,0,0,2925,3.7,43,0
2.8,7.839999999999999,0,0,1118,7.020190708311925,0,1,4,0,1,0,0,1,0,0,0,26.09,75.48,0.16907829836474186,0.6724830711449126,0.25525625748623315,0.11239343982892391,0.6163611979577498,0.4926981579236325,0.1633302347515796,0.2837813782418074,0.6754482688644021,0.5254200281915604,0.3431235702926244,0.14174421209928412,0.7319288530071777,0.8178051321619128,0.5428599184370654,0.6196685279050828,0.8969302483021528,1,0,inf,inf,0,0,0,0,0,1,0,0,7759,1380,56,1,1,0,1,1,1118,2.8,4,1
4.2,17.64,1,0,1208,7.097548850614793,0,1,2,1,1,0,0,0,0,0,0,27.32,77.22,0.6302288193402352,0.29194596717505716,0.027377001931672362,0.7639715528537508,0.20316076486290569,0.6187421837737567,0.09314379415549534,0.35267521077474895,0.2972402194684459,0.3989242851612901,0.9866843493952865,0.20667806024567015,0.12632883684218377,0.2581391164142274,0.3394554544455852,0.0005573086618774203,0.5006855153019304,1,1,inf,inf,0,0,1,0,1,1,0,0,4896,489,24,0,1,1,1,1,1208,4.2,30,0
4.2,17.64,1,0,332,5.808142489980444,0,0,3,0,1,0,0,0,1,0,0,26.55,76.57000000000001,0.4618167026876582,0.0037674899986416266,0.3005657385539926,0.4974130598178944,0.05721694300656166,0.6493012698892908,0.16830878449310527,0.3546710332187122,0.08002785897369358,0.15031523061666174,0.7680792771683679,0.8267179929908839,0.052370424263419646,0.20542143363909804,0.352691177727547,0.9217257383614189,0.7040075483516247,1,1,inf,inf,0,0,1,1,1,0,1,0,4581,745,75,1,0,1,1,0,332,4.2,15,1
4.7,22.090000000000003,0,0,4602,8.434463543817241,0,1,1,1,1,0,0,1,0,0,0,26.57,76.33,0.14961546950644922,0.9898830700151358,0.5320022101909238,0.17235657156909023,0.039164524724947136,0.735622741129548,0.19067276046041548,0.14190608797730997,0.9519317629408339,0.3662420052383487,0.008721741216777046,0.8288848306268811,0.7617147725706478,0.6238072113077431,0.01844217736093756,0.30149707061538644,0.5413956879208569,1,1,inf,inf,0,0,0,1,1,0,0,0,8633,3405,119,1,0,0,0,1,4602,4.7,36,0
4.7,22.090000000000003,0,0,4785,8.47345026846832,0,1,4,0,1,0,0,0,0,0,0,27.650000000000002,75.26,0.7204130898842217,0.588533917001574,0.2895406185501196,0.5910384674760734,0.4278791225303604,0.4287562876878185,0.2730699924682539,0.5047332860317834,0.7322653810803083,0.17323207068367275,0.38085158500706817,0.6747398325251164,0.9838223174311874,0.7664722522667066,0.37011992698408613,0.8408417915583517,0.6035251006269066,1,1,inf,inf,0,0,1,0,1,1,1,1,6238,1562,185,0,1,1,0,1,4785,4.7,44,1
4.6,21.159999999999997,0,0,2745,7.917900586327916,0,1,3,0,1,0,1,0,0,0,0,26.080000000000002,77.36,0.4665349937806572,0.5784948129827311,0.971146714040151,0.9094765851021795,0.5987205885491725,0.11932513520875676,0.5862380912202488,0.07747101243863419,0.9190231183721079,0.03420181328098859,0.5264573134570267,0.43225051922679714,0.30869679667119276,0.9376189489982677,0.8707946523793431,0.3483967318978266,0.8439594361065909,1,1,inf,inf,0,0,0,1,1,1,0,0,2041,3869,269,1,0,0,0,0,2745,4.6,8,1
3.2,10.240000000000002,0,0,2005,7.603897968521881,0,1,3,0,1,0,0,1,0,0,0,27.580000000000002,77.65,0.526599171065061,0.6776649866911615,0.9451104137342912,0.720076539442791,0.6959827446936014,0.2880210182948042,0.48865028808851096,0.9929458052874384,0.7343312561596571,0.17994496847862074,0.5900358943895544,0.9682183985680032,0.35492405003010885,0.19066863859018524,0.006844628232201999,0.5553648512719834,0.052073963004610646,1,0,inf,inf,0,0,1,1,0,0,1,1,9961,1287,186,0,3,0,0,0,2005,3.2,9,0
3.8,14.44,0,0,223,5.4116460518550396,0,0,1,1,1,0,0,0,0,0,0,26.650000000000002,75.04,0.5576594414794729,0.191863171798613,0.5463840658440716,0.7201569125375573,0.0923852944312944,0.06424123495719858,0.5456907125265966,0.09744820488340644,0.32086568447794117,0.5240825039050419,0.09324010283686757,0.013299390295043012,0.5571873281822752,0.4602504521380756,0.2946504312278888,0.34965359173579613,0.2201991294265847,1,1,inf,inf,0,0,0,0,0,1,0,0,5487,687,43,1,0,1,1,0,223,3.8,13,1
2.7,7.290000000000001,0,0,3417,8.136810863675537,0,1,4,0,1,0,0,0,0,0,0,26.830000000000002,75.48,0.7725351167107358,0.12640095303311494,0.3987258600619884,0.3030385606428452,0.7770560254039814,0.15761743804314443,0.31426286313373797,0.8040102486273636,0.18788810425713032,0.5576922769391168,0.9762062186785078,0.8602885267169497,0.7618496655478213,0.8619050277428671,0.6507241252755307,0.7266693376793723,0.884913052554953,1,0,inf,inf,0,0,1,1,0,0,1,0,7974,618,212,1,2,0,1,0,3417,2.7,40,1
4.9,24.010000000000005,0,1,1439,7.272398392570047,0,1,1,1,1,0,0,0,0,0,0,27.35,75.92,0.8374228295802089,0.09565451917442191,0.8157374834561376,0.829371357364934,0.0576933085400444,0.25370780612540744,0.19247152764294007,0.24666715864294608,0.4324594990254145,0.3126798631925597,0.6573467162413239,0.3641356487318983,0.3426882603510686,0.040071739479789814,0.7732911822257401,0.8543434053950963,0.23092485413636965,1,1,inf,inf,0,0,1,1,0,0,0,0,5140,1929,258,0,3,0,0,0,1439,4.9,10,1
4.8,23.04,0,1,2946,7.988542982737695,0,1,2,1,1,0,0,0,0,0,0,27.990000000000002,76.31,0.19116869692436278,0.9142164678631245,0.4709549851155864,0.564610256577617,0.3195603154673181,0.12310576797403006,0.5014708510315837,0.5940690831045059,0.7367251774594129,0.39801890517405425,0.16630509484596234,0.8596930737934739,0.3367581835040053,0.7165030634344838,0.33199607249566065,0.9365185496267414,0.05750411735368066,1,1,inf,inf,0,0,1,0,1,1,1,1,5695,2440,108,1,2,0,1,1,2946,4.8,14,0
3.8,14.44,0,0,1934,7.5678626054638825,0,1,2,1,1,0,0,0,1,0,0,27.96,76.96000000000001,0.8614070683751314,0.9972349375837201,0.9825860897012024,0.018450473199937978,0.07698793080397681,0.8841983396859071,0.6308895486361381,0.31028764406137244,0.37747918971217653,0.5506022595040561,0.16634703714391352,0.300230647394766,0.5449184639327721,0.5257176446033358,0.17236487341722861,0.8860430857584466,0.9434598326662805,1,1,inf,inf,0,0,1,0,0,1,0,0,4750,3687,200,1,2,0,1,0,1934,3.8,22,0
4.3,18.49,1,0,3737,8.226305988015508,0,1,1,1,1,0,0,0,0,0,0,26.060000000000002,75.56,0.877808676844527,0.5307929501944104,0.03633997520028409,0.7623557437490547,0.11112821260479866,0.1429971373452117,0.7692770005231878,0.9097612354054612,0.22001248662967843,0.4845797909709264,0.6904269856352755,0.25273170885940066,0.5287526034588974,0.12683428324198132,0.11968417375735874,0.593250976355219,0.05022347735578814,1,1,inf,inf,0,0,1,1,1,0,0,1,2215,1948,283,0,0,1,0,1,3737,4.3,21,0
2.9,8.41,0,0,1481,7.301147805856032,0,1,2,1,1,0,0,0,0,0,0,27.1,77.23,0.979779254680409,0.5162075592455144,0.0324801433368056,0.7196425223628052,0.23447793165027397,0.19016221769607444,0.6167865275534656,0.46525701932137753,0.5061308610433413,0.5035796917040211,0.19688090994937313,0.8732104137811173,0.7854452249359758,0.8329263953382601,0.2575206302681752,0.776251739779692,0.0847534123427699,1,0,inf,inf,0,0,0,0,1,1,0,0,2056,2281,214,1,2,0,0,1,1481,2.9,15,0
4.4,19.360000000000003,1,0,2144,7.6708948313621175,0,1,3,0,1,0,0,0,0,0,0,27.29,76.59,0.5408679926756927,0.9868118507700574,0.02161794814709439,0.7450474903676926,0.8917803697075023,0.8044188379675058,0.08426686300483854,0.4422088180957129,0.7022599825944342,0.3436698232666314,0.40237417818341914,0.43489692558162607,0.9949606288224769,0.965029230857781,0.04180499979792551,0.3601060010107562,0.8925576633561618,1,0,inf,inf,0,0,0,0,0,0,1,1,6114,2335,107,1,0,1,1,0,2144,4.4,15,0
2.7,7.290000000000001,0,0,2110,7.65491704784832,0,1,1,1,1,0,0,0,0,0,0,27.39,75.08,0.052320242576898934,0.8827592817614112,0.03904217148513278,0.052001316265935515,0.5754399569696373,0.04323389270638611,0.7085936714092578,0.944620350702769,0.3944795397844466,0.05600156545633439,0.18174567839638855,0.26644976754939487,0.9888957799095772,0.6896248537926933,0.7478019528910685,0.7525094031978558,0.23523452061035066,1,1,inf,inf,0,0,1,1,0,1,0,1,3731,1268,89,0,3,1,0,0,2110,2.7,7,1
2.6,6.760000000000001,0,0,3416,8.136518252115291,0,1,2,1,1,0,0,0,0,0,0,27.93,76.66,0.6923204396842068,0.5245173584978148,0.9370038243361712,0.46537493292201293,0.8164907530840786,0.6004434162717829,0.9778419276653789,0.4794970992116654,0.7832688410544277,0.9981956180401946,0.7830284439275684,0.2767016660343884,0.49775634177950434,0.9230963975587846,0.6459818777854178,0.012359396009563484,0.25042958053365394,1,0,inf,inf,0,0,1,0,1,0,1,1,8908,3161,65,0,1,1,1,1,3416,2.6,44,1
4.8,23.04,0,1,1610,7.384610383176974,0,1,3,0,1,0,0,0,0,0,0,26.66,75.68,0.41751790688938617,0.7429883654809581,0.18558232859822388,0.3359046056457252,0.08958277360263578,0.9337527003154313,0.4492612451082496,0.05167900969858119,0.6167360934752797,0.0010377003659277628,0.25174215320949256,0.12454058000893398,0.9370192748864608,0.6369211987873834,0.8358374821147724,0.9301472925600902,0.5986928729405443,1,0,inf,inf,0,0,0,1,0,0,0,1,7562,4339,264,0,0,0,0,1,1610,4.8,16,0
2.5,6.25,0,0,2764,7.9247959139564355,0,1,3,0,1,0,0,0,0,0,0,27.57,77.98,0.41183941871441354,0.7777584779394591,0.13569268792425782,0.6583083400305552,0.14931704689698477,0.6093437532523106,0.8560755391316272,0.23142131075799333,0.8753165976902137,0.9457195277382281,0.9280410503545664,0.031546878136935685,0.5421177606515214,0.8564650377919092,0.9126029527726227,0.46470879549749167,0.509999556740617,1,1,inf,inf,0,0,1,0,0,1,1,1,1461,3579,176,0,1,0,1,1,2764,2.5,49,0
4.3,18.49,1,0,4627,8.439880088313567,0,1,1,1,1,0,0,0,0,0,0,27.87,75.39,0.6362985468446487,0.19523969785712758,0.10761631007927541,0.9079351132125105,0.21820858289078848,0.9209779013876571,0.08431042375038877,0.7534177235265027,0.5522528342602561,0.7897942968215839,0.5495502835075745,0.6506866065986897,0.6173627453313449,0.16310285450569317,0.6941464344696103,0.09335624631406125,0.13237445134472148,1,1,inf,inf,0,0,0,0,0,1,0,0,7953,2807,174,0,1,0,1,0,4627,4.3,30,1
3.2,10.240000000000002,0,0,2969,7.996317231796746,0,1,1,1,1,0,0,0,0,0,0,27.71,75.87,0.6510760128581193,0.9632765858692004,0.9217216772231036,0.5068828991804754,0.4717190146760426,0.23593467253499978,0.26506151806007316,0.26881147854748855,0.3395823711741025,0.5846311367598318,0.11361783615276344,0.05573728140030454,0.42055016023180025,0.15223610697660028,0.4823580585565198,0.14469553630874787,0.06719385484196705,1,1,inf,inf,0,0,0,0,0,0,0,0,2236,2271,301,0,1,1,1,1,2969,3.2,19,0
4.8,23.04,0,1,3982,8.289790583181643,0,1,2,1,1,0,0,0,0,0,0,27.900000000000002,77.87,0.5985554665647413,0.9045468022020693,0.1232980764064433,0.5914445850930009,0.8522832430698225,0.2567001821138273,0.16641404726212972,0.3761266897448956,0.29089889618926223,0.9930836384984588,0.41306997098477594,0.22460011855120288,0.1653898629794336,0.738681844047399,0.9479819644287255,0.4599727982794074,0.22798143587723696,1,0,inf,inf,0,0,1,0,0,1,1,1,1172,1636,10,1,2,1,1,1,3982,4.8,36,0
4.8,23.04,0,1,4820,8.480736654405622,0,1,4,0,1,0,0,0,1,0,0,27.16,76.39,0.55154114990054,0.9231226789365234,0.5386815229176715,0.37579782949833185,0.5224988451196676,0.45346298417488484,0.3162005468844815,0.3293732295432382,0.41048148055751854,0.17115811341054776,0.9634621878686792,0.34756569753371247,0.7499195631193188,0.27420053562240965,0.8265031240662181,0.43340147082863223,0.42512005546278075,1,1,inf,inf,0,0,0,1,0,0,1,0,6577,4281,337,1,3,1,0,0,4820,4.8,45,0
3.6,12.96,0,0,3865,8.259975659768276,0,1,2,1,1,0,0,0,1,0,0,27.400000000000002,75.54,0.7970163632888912,0.2232948421659976,0.4989594009617504,0.9248743780329725,0.8877651951712209,0.9500828288416117,0.08918160110114315,0.12059561795774454,0.3037995399379111,0.7703730153994927,0.2780121050267975,0.717600807518807,0.6007701132185422,0.7998488416096785,0.8017891934905367,0.5999988901187121,0.3361447540949386,1,1,inf,inf,0,0,1,1,0,0,0,0,6424,4012,70,1,0,1,1,1,3865,3.6,14,1
4.7,22.090000000000003,0,0,1139,7.038783541388542,0,1,3,0,1,0,0,0,0,0,0,26.96,76.42,0.41074704800782047,0.9155055856531157,0.5459535136542905,0.0018072183242117124,0.03940352712263551,0.9070839223735261,0.10951626012436544,0.7213630668691516,0.29721588472238036,0.7405076620308525,0.6970592567860945,0.32744909283325263,0.7036124594609653,0.6387256870872231,0.16374270108256261,0.5023846856829897,0.5798382476827502,1,1,inf,inf,0,0,1,0,1,0,1,1,3321,1201,150,1,0,0,1,1,1139,4.7,44,1
3.5,12.25,0,0,2951,7.990238185720363,0,1,3,0,1,0,0,0,0,0,0,26.7,75.41,0.5121635621224988,0.8445463792113734,0.937332522919311,0.19833185326158342,0.24219645966220993,0.5422673693053208,0.22376302640659296,0.9698876211320515,0.9534770812410036,0.9397199443987752,0.7157784335282418,0.742933325476618,0.032603466594566255,0.9483095910430509,0.3031915565878279,0.6822940837909286,0.4075121645080667,1,1,inf,inf,0,0,0,0,0,0,1,0,6811,4999,35,1,3,0,0,1,2951,3.5,33,1
3.1,9.610000000000001,0,0,4919,8.501063809486354,0,1,2,1,1,0,0,0,0,0,0,27.46,76.29,0.8765239937469459,0.7059437053058872,0.7109470139658285,0.8181058356023777,0.5642465868003902,0.3306657963637264,0.05868003593788951,0.5290657372951715,0.062295157741830254,0.3427752140961089,0.4185106152738577,0.8292660401243281,0.2093937458069246,0.8075245231202454,0.3099019138560828,0.7828775193825831,0.4699693509523266,1,1,inf,inf,0,0,1,1,1,0,0,0,6156,4471,191,0,3,1,1,1,4919,3.1,33,0
2.8,7.839999999999999,0,0,2116,7.6577552711348655,0,1,2,1,1,0,0,1,0,0,0,27.8,75.81,0.34198521316419983,0.9032895049233892,0.9516303908561222,0.21650044754094322,0.07276732431133726,0.7968425126573406,0.08497006322032663,0.8201216560141131,0.5445236741961754,0.921974930120381,0.8247241434548249,0.9281011326248082,0.1613166542515373,0.11815542676246549,0.4706228085828015,0.759544787922,0.10012483365553493,1,0,inf,inf,0,0,1,0,1,0,0,0,5813,3438,18,0,2,1,0,0,2116,2.8,26,0
2.5,6.25,0,0,1335,7.197435354096591,0,1,4,0,1,0,1,0,0,0,0,27.400000000000002,75.76,0.8717514517329559,0.9325493063577556,0.3808680673684893,0.41827289582238847,0.49985525035156675,0.8721071960368377,0.08175917706226099,0.36102157937448154,0.9896790691255978,0.22313012442530566,0.498717606572898,0.25483552709803514,0.2005308720573431,0.9329174416938533,0.9229887286660582,0.9255677748854345,0.9302882907042986,1,1,inf,inf,0,0,1,1,1,1,0,1,4211,2885,163,1,3,1,0,1,1335,2.5,33,0
3.9,15.209999999999999,0,0,3994,8.292798858200374,0,1,3,0,1,0,0,0,0,0,0,27.51,76.27,0.7327207447874312,0.917906185594698,0.5172479241364203,0.9827042816832883,0.43614335925573733,0.9687262576173638,0.5416202083356086,0.7777247517267392,0.4269374554925739,0.2541641236300404,0.5007091510950772,0.446103991774469,0.4023521756166849,0.9179693216346626,0.6507824764415309,0.5729272082605544,0.6616351910729485,1,1,inf,inf,0,0,1,0,1,0,1,0,5635,4724,157,0,1,1,1,1,3994,3.9,9,0
2.7,7.290000000000001,0,0,2262,7.724446645633537,0,1,3,0,1,0,0,0,0,0,0,26.76,77.65,0.8809666507552658,0.3213840619775098,0.20498225408660498,0.8856365883159739,0.8551357853216325,0.64844852091029,0.31695904193831104,0.6057093771375052,0.8093954941068245,0.3227788323669808,0.43629721570526014,0.8963208891415987,0.2268452096934509,0.1653156448349835,0.8338669584193242,0.8266222410499533,0.7887049840398926,1,1,inf,inf,0,0,1,0,0,0,1,1,8647,4889,247,0,1,0,0,1,2262,2.7,3,1
4.7,22.090000000000003,0,0,127,4.852030263919617,1,0,2,1,1,0,0,0,0,0,0,26.63,77.73,0.7294102430397256,0.9427872139483109,0.17466271342801132,0.7903359931726013,0.15789771559485222,0.17473453790175486,0.9879440659472133,0.8407094959354862,0.6512945215611948,0.37471762877258874,0.20618814593304613,0.4861651705574077,0.454062801018026,0.720340498436546,0.33600290228113894,0.7267538547212373,0.5506608331474688,1,0,inf,inf,0,0,0,0,1,0,1,1,3394,3877,257,0,3,1,1,1,127,4.7,44,1
4.5,20.25,1,0,1554,7.349230824613334,0,1,4,0,1,0,0,0,1,0,0,26.28,76.33,0.5804951362503311,0.9107123098547133,0.8552563726639608,0.615663317908062,0.5382368603135158,0.08713125119705978,0.8109960523574484,0.5445340882262064,0.5768975628200248,0.47444161528810624,0.722391991843969,0.36174273642855514,0.9232226295022088,0.9213892189296631,0.2721393947722992,0.268470834010223,0.9266318562989447,1,1,inf,inf,0,0,0,1,1,1,1,1,313,479,53,1,2,0,1,1,1554,4.5,31,0
3.2,10.240000000000002,0,0,4910,8.499232866039245,0,1,2,1,1,0,0,0,0,0,0,26.12,76.55,0.8507041962245161,0.9672942772054627,0.4648193287819855,0.6892565271223096,0.5820503992014077,0.003802179372145331,0.12252220716973095,0.18752289427755953,0.8625950390855094,0.5787638939964492,0.19039939871313982,0.18702586070235272,0.6594347538166636,0.4907059771616846,0.7225464142409447,0.9583835092750588,0.8889820219293662,1,1,inf,inf,0,0,1,1,0,0,0,1,3520,3424,148,1,1,0,1,1,4910,3.2,44,1
4.3,18.49,1,0,4746,8.465268118551318,0,1,3,0,1,0,0,0,0,0,0,27.13,75.46000000000001,0.36983274527142307,0.7217313724161749,0.3657938206586965,0.27412934685023427,0.05023082592907058,0.9047078694185933,0.12538780920123171,0.7939391068596935,0.3502161717558301,0.7209849527842704,0.17047048045565905,0.5115139961747917,0.06483168127231476,0.793437837290199,0.3077644297600347,0.022809420728137075,0.22019491617263043,1,0,inf,inf,0,0,1,1,1,1,1,0,1608,1571,47,0,0,1,1,0,4746,4.3,14,1
3.0,9.0,0,0,52,3.970291913552122,1,0,1,1,1,0,0,0,0,0,0,26.900000000000002,76.45,0.9734028924642365,0.08836118427310546,0.3159488301951512,0.559144421871613,0.37431089870296563,0.513787028802357,0.9562011950334462,0.4363955228185783,0.27830993424747874,0.9547094653925083,0.7219301163169748,0.5625925009345738,0.3001751183053575,0.542795504580265,0.0657725243038515,0.15356479432158077,0.881031705705544,1,1,inf,inf,0,0,1,0,0,1,0,1,3024,4194,246,0,2,1,1,0,52,3.0,42,0
5.0,25.0,0,1,2641,7.879291485082271,0,1,1,1,1,0,0,0,1,0,0,27.28,77.65,0.846923320229862,0.13686773670319619,0.3631407593279794,0.7429496816266931,0.30346252391699025,0.4823585742965327,0.8471220237988535,0.009505663225651273,0.8352014985434408,0.691848647186722,0.410912693185976,0.3482750904954808,0.16338707943932118,0.8729491318431803,0.6566167429927875,0.9171744982012909,0.22143891814649164,1,1,inf,inf,0,0,1,0,0,0,1,0,5377,3139,133,1,3,1,1,0,2641,5.0,38,0
2.5,6.25,0,0,4941,8.505525386548555,0,1,1,1,1,0,0,0,0,0,0,27.38,76.84,0.43188008796025634,0.8340445052977826,0.3967258749652869,0.8636640130140333,0.7143673454695706,0.412494149624959,0.0782109581144883,0.3573166581749081,0.4843120093243074,0.9078586222932619,0.3974769937352751,0.640466223323264,0.22316928320545015,0.6819970277020583,0.006332247527128687,0.5807974265830765,0.1911913089262921,1,0,inf,inf,0,0,1,1,0,0,0,1,8565,3722,242,0,2,1,1,1,4941,2.5,1,1
2.6,6.760000000000001,0,0,1378,7.229113877793302,0,1,3,0,1,0,0,0,0,0,0,27.59,75.75,0.9152340945757416,0.17218771463988392,0.4797888552692188,0.11316200377931096,0.5334318108877156,0.4383658874866424,0.9283294652544368,0.028161368367802364,0.21509661043321193,0.001449617413534554,0.7022697532674614,0.4265437446672057,0.5321612319601512,0.37024696289566317,0.02585469912118976,0.7732353587420024,0.7187135755772264,1,1,inf,inf,0,0,1,0,0,0,0,0,2816,4710,284,0,2,1,1,1,1378,2.6,18,0
4.5,20.25,1,0,3347,8.116118431609365,0,1,2,1,1,0,0,0,0,0,0,26.84,76.42,0.29413481779448236,0.36024914767450344,0.5491500274985717,0.5541124624120781,0.34392199973198156,0.29701825740483623,0.7444326298985336,0.8926310743177265,0.837623939692357,0.7179680342662762,0.9499614816450218,0.21136242998561205,0.9844291453096383,0.4439751992055627,0.5182137603181748,0.12041112830744993,0.22609151815836603,1,1,inf,inf,0,0,1,1,0,1,1,1,1706,3920,334,0,2,1,0,0,3347,4.5,9,1
3.1,9.610000000000001,0,0,2652,7.88344635413774,0,1,3,0,1,0,0,0,0,0,0,27.88,75.43,0.1189576750889706,0.7250123122064759,0.9520720962107134,0.3196467609928464,0.06887484573684266,0.35250246276912245,0.5145098478489261,0.1749317134324283,0.7462507784871715,0.17859887012534914,0.6459983362091103,0.3304155969266561,0.5743107209517815,0.06110798299934783,0.27850174570836517,0.08969893470285728,0.7144248289491637,1,1,inf,inf,0,0,0,0,1,1,1,0,5643,1054,5,0,3,1,0,0,2652,3.1,2,1
4.1,16.81,1,0,433,6.073044534100405,0,0,1,1,1,0,0,1,0,0,0,26.21,76.65,0.5993737090343405,0.7142050805671705,0.7526151031413512,0.8568908535042467,0.3944170560095711,0.7476305574864549,0.49812351926394194,0.1052744502503038,0.24965530439517802,0.942957048507215,0.46973881037656906,0.3074554066606626,0.7192550439629136,0.6338877627819717,0.31515718793452907,0.860281034527715,0.12500411034838066,1,1,inf,inf,0,0,0,0,1,0,1,0,2900,3157,165,0,3,0,1,1,433,4.1,39,0
4.2,17.64,1,0,2025,7.613818684808629,0,1,4,0,1,0,0,0,0,0,0,27.19,76.71000000000001,0.1660738929252491,0.7921964689594204,0.31387924483895613,0.6578186002065415,0.9151444381079691,0.8090922168459217,0.10776341290857994,0.8568417303159584,0.13540663414228926,0.5283660885286684,0.4827358715474206,0.18664836931177264,0.30705133442221333,0.5828201655704277,0.19505695731939465,0.7508347997823612,0.9170981867222946,1,1,inf,inf,0,0,1,1,0,1,1,1,6858,2275,122,0,3,0,0,0,2025,4.2,45,1
3.2,10.240000000000002,0,0,144,4.976733742420574,1,0,1,1,1,0,0,1,0,0,0,26.71,76.61,0.5607239491405087,0.28198333739118586,0.32343322491496307,0.7319207835429907,0.0696748359084377,0.5655966572383795,0.6752480777403052,0.46468745133069833,0.006488625928073977,0.027717261421077,0.5758589273780065,0.1815092756847605,0.27496297872187714,0.10412616602999303,0.7381817955000891,0.5698018364948146,0.4606972202904991,1,1,inf,inf,0,0,1,1,0,0,0,1,6831,2211,219,0,0,0,1,0,144,3.2,22,1
3.1,9.610000000000001,0,0,1436,7.270312886079025,0,1,4,0,1,0,0,0,0,0,0,27.88,75.75,0.36115224702632975,0.682211314727385,0.4797386520786955,0.34072941082170527,0.7408516999236141,0.09097094980597953,0.02718853992421766,0.2591475883209342,0.40611341011209745,0.1451339183274829,0.6269378572442396,0.38711992999511946,0.5808774319293268,0.9548546055259391,0.21771426293689355,0.35399017943868105,0.6548829017292385,1,0,inf,inf,0,0,1,0,1,1,1,0,1385,2772,352,1,2,1,0,0,1436,3.1,49,0
3.3,10.889999999999999,0,0,4891,8.495356496807062,0,1,2,1,1,0,0,0,0,0,0,27.29,77.53,0.4860200232351596,0.7055697449796623,0.8010295206329165,0.9523583307346519,0.5661758397823766,0.3591135055213919,0.6119034994696346,0.49357290115300745,0.2579702401425795,0.03766176653133824,0.6353212394035153,0.44899272276788615,0.6133473235871554,0.33352149150338806,0.8072289134774508,0.977304830218548,0.47544177592046366,1,0,inf,inf,0,0,1,0,0,1,1,0,8185,3159,80,0,0,0,0,0,4891,3.3,11,0
2.8,7.839999999999999,0,0,1238,7.122059881629142,0,1,1,1,1,0,0,0,0,0,0,27.93,76.7,0.45611340231081665,0.4169806679119351,0.9746125221780237,0.4445440311530464,0.01789730190813521,0.2910332233390198,0.1725102921713737,0.9844149651155015,0.9201573346833114,0.8720548709850281,0.21781596550962923,0.0021688960284216297,0.5447687576374786,0.22100943714525867,0.3520078383604387,0.7170801077070748,0.3870859197466284,1,1,inf,inf,0,0,0,0,0,0,1,0,1719,1640,43,1,1,1,0,1,1238,2.8,2,1
2.9,8.41,0,0,464,6.142037405587356,0,0,4,0,1,0,0,1,0,0,0,26.88,77.97,0.31870826181514367,0.8290387283138247,0.22768995399344882,0.4843779210553195,0.03594618577756248,0.15895666967221467,0.05718376568994632,0.9868797812076886,0.9774239240549286,0.784816939814059,0.16290669460449825,0.10447772650640486,0.6217971528724198,0.34531184824924877,0.879316379115284,0.2701946771683972,0.8965368401117358,1,0,inf,inf,0,0,0,1,1,0,0,1,9861,383,97,0,1,1,1,1,464,2.9,40,1
4.7,22.090000000000003,0,0,3368,8.122371243406553,0,1,2,1,1,0,0,1,0,0,0,27.38,75.51,0.6738579212988778,0.5584879399899322,0.7361960944551944,0.5042446590741646,0.7490538532186298,0.4447904448935365,0.3198006736608613,0.21508910409094129,0.2211749055959148,0.7481557970990944,0.773688559466695,0.6669210480680837,0.5927581706846612,0.7480962819119755,0.6244655026511475,0.3710332369295375,0.5288182654201765,1,1,inf,inf,0,0,1,1,1,0,1,1,8248,531,310,1,3,1,1,0,3368,4.7,29,1
3.8,14.44,0,0,4015,8.298041661371565,0,1,2,1,1,0,0,1,0,0,0,27.400000000000002,76.78,0.0825753088822806,0.7436072445015198,0.9232190207457266,0.4176578975662346,0.5243205633057677,0.316067794188598,0.5011799241913435,0.17998684936800202,0.5549355361120537,0.5365762940605956,0.3977405721160159,0.2753812720139297,0.806773600220212,0.41881165667180065,0.046841323913103805,0.614926154307016,0.9853677158510595,1,1,inf,inf,0,0,0,1,0,1,1,0,6587,4575,252,1,3,1,0,1,4015,3.8,28,0
3.8,14.44,0,0,1401,7.2456550675945355,0,1,3,0,1,0,0,0,0,0,0,27.43,77.42,0.799341865992749,0.7933234129651809,0.3385222530309645,0.9344778379992424,0.8672979960687306,0.815076882232788,0.43273869799148446,0.1867004275215124,0.3279418405902821,0.38785514185432646,0.9458630409044033,0.7003923345838462,0.3918115928370858,0.8859786682188636,0.933769234730918,0.14648982323961302,0.7880007718778219,1,1,inf,inf,0,0,0,1,0,0,0,0,6173,4479,36,1,1,1,1,1,1401,3.8,13,1
2.9,8.41,0,0,301,5.71042701737487,0,0,3,0,1,1,0,0,0,0,0,27.21,75.28,0.7487762576605486,0.9520834497427919,0.3000633094928361,0.40315914203545333,0.5162889224525914,0.9952195585395637,0.7176141921708872,0.8413394787560999,0.2534898676654348,0.5035388719074809,0.8792988794847539,0.9676489630545043,0.22563243835621438,0.1779712723241964,0.3729369861116173,0.5317102503049623,0.5290437562112503,1,1,inf,inf,0,0,1,0,0,1,1,1,1158,4856,186,0,2,0,1,0,301,2.9,9,1
3.6,12.96,0,0,4327,8.372860820526318,0,1,1,1,1,0,0,0,0,0,0,26.54,75.52,0.8214544082442896,0.6246975350926595,0.4447000724310567,0.9401604502442171,0.4325499954530545,0.7377448074620963,0.9050763680839904,0.27997590181584686,0.9160140286248302,0.040655314760009276,0.6910112721458859,0.3324005534947939,0.1531906327777055,0.9437360331240287,0.6132772188850479,0.811780045093961,0.18434271451583717,1,1,inf,inf,0,0,1,1,1,0,1,1,8396,2592,312,0,0,1,0,1,4327,3.6,44,0
4.2,17.64,1,0,2846,7.954021087278037,0,1,4,0,1,0,0,0,0,0,0,27.25,77.69,0.025059302650672688,0.3549043875310157,0.2618266648613953,0.025393343990561923,0.802395298207689,0.6013787478845374,0.30090656561361995,0.6524198660037405,0.8357497050546984,0.3954391748707601,0.9580172186636408,0.7417262018330447,0.12481945472565303,0.13079394027535363,0.05511533085554676,0.32600036954592226,0.15664267279862187,1,1,inf,inf,0,0,0,1,0,0,0,1,3092,4199,293,0,2,1,0,0,2846,4.2,45,0
3.4,11.559999999999999,0,0,57,4.060443010546419,1,0,1,1,1,0,0,1,0,0,0,27.52,75.87,0.13792141120158774,0.29769087042940867,0.9013460505084103,0.4673384179636013,0.32004202464639464,0.7420211562555227,0.42542405744983514,0.5132506625287134,0.982742754882112,0.9057325383226794,0.9483737172905411,0.3744316039909158,0.7095047089473113,0.009704204977053155,0.4169848557917415,0.24737928615824734,0.36646051559743464,1,0,inf,inf,0,0,1,1,1,0,0,1,7429,4861,158,0,0,1,0,0,57,3.4,21,0
3.9,15.209999999999999,0,0,826,6.717804695023691,0,0,1,1,1,0,1,0,0,0,0,27.330000000000002,75.19,0.66131723025173,0.3888248335558179,0.08890406945372975,0.9178178127275631,0.28834695794859344,0.13875604808365816,0.46990381255354374,0.8671913431701063,0.7193953024143604,0.8921035109474365,0.9004518560550677,0.9100610826268971,0.9856213193529467,0.4415546872533136,0.581776015855394,0.9007048392504509,0.3976367844615062,1,0,inf,inf,0,0,0,0,1,1,0,0,9362,599,166,0,0,0,0,0,826,3.9,31,1
4.8,23.04,0,1,2493,7.821643126239982,0,1,2,1,1,0,0,0,1,0,0,26.76,77.32000000000001,0.7543546372209581,0.267648812898433,0.4666829500695995,0.3555845937451175,0.8528745533693348,0.7559192925557622,0.8547348219935142,0.9467560363468797,0.027889508511094507,0.16076644418787556,0.18420426987870542,0.1762476814996734,0.46467677265547336,0.009694772528448192,0.43686785145444684,0.06089127803494487,0.5284500755143512,1,1,inf,inf,0,0,1,1,1,1,0,0,7944,2144,46,0,3,1,1,0,2493,4.8,34,1
4.9,24.010000000000005,0,1,747,6.617402977974478,0,0,4,0,1,0,0,0,0,0,0,27.990000000000002,76.69,0.293882602179927,0.3741933648008958,0.054582355529772975,0.20185975218248897,0.9401823479006541,0.2482518117569822,0.34225826821088956,0.8513026883930508,0.7359412033844486,0.5725053431020661,0.37786267570496945,0.050873325099368594,0.040143874457913675,0.7521533857459218,0.35820818403213905,0.40052033450203606,0.8022288828980331,1,0,inf,inf,0,0,1,1,1,0,0,1,8467,1775,258,1,0,1,1,1,747,4.9,46,1
2.7,7.290000000000001,0,0,2389,7.779048644925556,0,1,4,0,1,0,0,0,0,0,0,27.11,77.32000000000001,0.39808902312017336,0.03414345563839982,0.08475538942316685,0.9590103780031343,0.04638002963227761,0.9735243850575062,0.8882280376179262,0.6792051751054473,0.5595762725145839,0.5024728648052055,0.14569131144972147,0.14136070796270284,0.39302106411969107,0.6682982691973469,0.15519906378020953,0.619779357950656,0.13921488955825378,1,1,inf,inf,0,0,0,0,0,0,1,1,6093,4152,173,1,3,1,0,1,2389,2.7,39,0
3.1,9.610000000000001,0,0,4716,8.458928283284262,0,1,2,1,1,0,0,0,0,0,0,26.73,75.55,0.4243673720175576,0.25366238201545765,0.05876963623901699,0.1506585764401639,0.3765542065504245,0.23959250937068732,0.7268294253579077,0.6914442307897537,0.2617214240107909,0.9203351182927421,0.015494153933167998,0.5906772640316799,0.4983451540729754,0.7059971164998933,0.3821763347168642,0.5094434346458022,0.451174114837644,1,1,inf,inf,0,0,0,0,0,1,0,0,5691,3056,153,1,1,0,0,1,4716,3.1,41,0
3.9,15.209999999999999,0,0,2956,7.9919305198524775,0,1,4,0,1,0,0,0,1,0,0,26.400000000000002,77.99,0.4814511219782951,0.40125729504571617,0.853053832762513,0.7747400891834672,0.06603259736823697,0.8370391360066128,0.4763394139204675,0.7902786320160803,0.21452193881354742,0.6759583515450778,0.6577413561618322,0.7684398290004895,0.6009461870985152,0.5369244132816515,0.14470900739973014,0.8595449502780098,0.8550120408482679,1,1,inf,inf,0,0,1,0,1,1,0,0,637,3600,346,0,0,0,0,1,2956,3.9,8,1
4.3,18.49,1,0,1542,7.341483852363161,0,1,4,0,1,0,0,0,0,0,0,26.73,77.36,0.6224867637771471,0.9300555842291569,0.08660903204738535,0.005189065442863572,0.8767095675732085,0.022757311652264467,0.5063967990514983,0.7941536375185123,0.1352615111320058,0.8205364356620352,0.6793126395040534,0.3899959958782272,0.8818813142094305,0.8200566773469923,0.24282079470072493,0.5819970233581888,0.5437818761955442,1,1,inf,inf,0,0,1,0,1,1,1,0,3073,3642,249,0,0,1,1,0,1542,4.3,23,1
4.5,20.25,1,0,2954,7.991253929840199,0,1,2,1,1,0,1,0,0,0,0,27.52,76.74,0.03522539082881215,0.8296816126315398,0.16679758139388434,0.543634293025625,0.2439848881974811,0.9611754615412079,0.8713530791334061,0.11775980488689619,0.08727042014125452,0.38403986506031196,0.09867369299990736,0.5983290938147984,0.30937728250665586,0.30234724790850276,0.755015440655362,0.3489790837881279,0.9853652758467918,1,1,inf,inf,0,0,0,1,1,0,1,0,1585,1026,353,1,3,0,0,1,2954,4.5,37,1
2.5,6.25,0,0,562,6.333279628139691,0,0,3,0,1,0,0,0,0,0,0,26.330000000000002,76.08,0.4036444887549392,0.2989740034330327,0.8931944677225382,0.6048593536262782,0.01909274833625041,0.37479789458297186,0.00011312471218694053,0.09994312814324025,0.6645219084319155,0.68942606510098,0.9575585406007658,0.9854117753956465,0.45648388316410093,0.5830206726145987,0.6144770798744088,0.16899971046049156,0.10623749659762993,1,1,inf,inf,0,0,0,1,1,0,1,0,9925,113,320,0,2,1,0,1,562,2.5,21,0
2.8,7.839999999999999,0,0,4124,8.324821298768782,0,1,4,0,1,0,0,1,0,0,0,26.240000000000002,76.93,0.13737200595145593,0.944098972264682,0.49367590619994783,0.06285930413872554,0.96873126031237,0.592616382780751,0.386299167845528,0.6797044509507979,0.7624356524824174,0.6879791249875786,0.2033490365587528,0.8764828066114353,0.0052643027327388126,0.5698393212533753,0.779406488038682,0.45838210490463316,0.9961503085192089,1,1,inf,inf,0,0,1,1,1,1,1,1,8749,790,165,0,3,1,1,1,4124,2.8,13,0
2.6,6.760000000000001,0,0,3845,8.254788926148725,0,1,4,0,1,0,0,0,0,0,0,26.87,75.77,0.3742053581066086,0.5838725575412849,0.8257946184823974,0.22430089449489565,0.016705760734537334,0.992395024128469,0.13680639017095708,0.8279373908238251,0.6294702298668321,0.6562989720721215,0.936949939416924,0.23897243643959643,0.5056947941099909,0.09793599403909448,0.573592301956046,0.05656063013495105,0.9057456772082166,1,1,inf,inf,0,0,0,1,1,0,1,0,59,3128,61,0,1,0,0,1,3845,2.6,35,1
4.8,23.04,0,1,3105,8.041091003708633,0,1,4,0,1,0,1,0,0,0,0,27.19,77.37,0.8672965146949106,0.8633471246052064,0.9938515372926832,0.9384923685652161,0.3072738569873805,0.8875338699560783,0.12697513201967137,0.5020381640528083,0.33402632049582937,0.6800249131405529,0.3266551156659936,0.8334618625178695,0.6654298242896429,0.27387674831030795,0.021952735367076093,0.6858915166882331,0.017114808808357473,1,1,inf,inf,0,0,1,1,0,0,0,1,9012,1655,320,0,3,0,0,1,3105,4.8,3,1
3.6,12.96,0,0,4000,8.294299608857235,0,1,4,0,1,0,0,0,0,0,0,26.04,77.29,0.5396470431006104,0.0035784142851609246,0.05507744792286828,0.5751156325571857,0.8192990474650158,0.6367650222145637,0.6030498134836489,0.501209846958439,0.10653764548810762,0.7834239536458585,0.34680082095390097,0.9126456005449551,0.47912625525509833,0.9766215397177254,0.9387160103128473,0.26192884888723966,0.7937127402832074,1,1,inf,inf,0,0,0,1,1,1,1,1,5964,1474,310,1,0,0,0,0,4000,3.6,34,1
3.1,9.610000000000001,0,0,4026,8.300776960851454,0,1,2,1,1,0,0,0,0,0,0,26.490000000000002,77.9,0.840312014113555,0.2864239469309019,0.7628313081824369,0.2478778882806304,0.6110093583437568,0.1613980532318734,0.13506003984836112,0.9663965472939134,0.38903164057222595,0.545122012133597,0.29041668567342704,0.008406630702230466,0.6478977698938826,0.10806902986246025,0.46133231864402835,0.11451106574100856,0.9200467388917903,1,1,inf,inf,0,0,1,0,0,0,0,0,4587,2339,189,0,3,1,1,0,4026,3.1,26,1
4.2,17.64,1,0,2379,7.77485576666552,0,1,2,1,1,0,0,0,1,0,0,27.28,76.4,0.2255687689426431,0.33392691652525575,0.5709350979646394,0.6390680015983972,0.6987256593917035,0.730729897776707,0.934170411090561,0.25748596500702003,0.6123275518110194,0.35666888381714346,0.7816326874167501,0.43129445318598736,0.6852146342547771,0.8333794010511075,0.4944073685801046,0.09884811289885742,0.309864900711307,1,1,inf,inf,0,0,1,1,0,0,0,0,7656,661,55,0,3,0,1,0,2379,4.2,6,1
3.8,14.44,0,0,1958,7.580189417944541,0,1,1,1,1,0,0,0,0,0,0,27.490000000000002,75.8,0.40279140001545743,0.4533003956692939,0.8185103083900461,0.8217625613195736,0.8115791598813372,0.5502144667500997,0.7890985874084185,0.38202230758312283,0.9942552933122706,0.9553591875424763,0.6477680403351955,0.09422570988337953,0.19244594007385196,0.8797298711784102,0.920306704128048,0.5444859612363824,0.16050912666299133,1,0,inf,inf,0,0,1,0,0,1,1,0,3030,656,190,1,1,0,1,1,1958,3.8,31,0
2.8,7.839999999999999,0,0,1152,7.050122520269059,0,1,2,1,1,1,0,0,0,0,0,26.240000000000002,76.67,0.6888649121397478,0.9371512606226731,0.047415807128064924,0.3674286719619265,0.5330866818873143,0.8860933501757846,0.6860787799306834,0.09389750981404954,0.09860567730712799,0.06541295601122366,0.09209214790245324,0.2917013053709756,0.4474978520823575,0.4820632163774372,0.020875096191696585,0.5483425463490003,0.8622175790377041,1,1,inf,inf,0,0,1,1,1,0,1,0,6056,123,63,1,1,1,0,1,1152,2.8,34,0
3.8,14.44,0,0,4485,8.408716715080153,0,1,2,1,1,0,0,0,0,0,0,26.14,75.60000000000001,0.8993878585648427,0.769035791039442,0.38135296612758884,0.40483623595643625,0.27508278663442065,0.9592364639790911,0.46623769131128057,0.9690720192315797,0.7559891833584997,0.48224157085557606,0.3725491299598792,0.5252182215054777,0.6384214300765948,0.14742985194315017,0.3570443611427627,0.17047616019210532,0.038866503299520905,1,1,inf,inf,0,0,1,0,1,0,1,0,6324,3690,87,0,2,0,0,0,4485,3.8,8,1
3.2,10.240000000000002,0,0,697,6.548219102762372,0,0,2,1,1,1,0,0,0,0,0,27.77,75.51,0.938150432608001,0.1844609841652456,0.003102405981323497,0.2506390900035531,0.8928513877642313,0.7428466596098703,0.7640902931541398,0.5176964994893616,0.6421884145641468,0.6799848260159836,0.8538130565243829,0.10519194761350659,0.303005454492573,0.1487419670326633,0.893733639997744,0.951129071821005,0.2793535199048569,1,1,inf,inf,0,0,1,1,0,0,1,1,3395,4630,204,1,0,1,0,1,697,3.2,46,0
3.7,13.690000000000001,0,0,3750,8.229777750081887,0,1,1,1,1,0,0,0,0,0,0,27.59,75.67,0.6491249481779876,0.8491284522438031,0.6900968601493436,0.37337051993163795,0.5246946664808124,0.7927943782512746,0.9560762911347791,0.08767313155300571,0.7580103618230009,0.6948920109427391,0.7042695401690406,0.9056179700128959,0.2568258580267274,0.5033708915086287,0.5036403303672409,0.29510113888859457,0.616792898021659,1,1,inf,inf,0,0,1,0,1,0,0,1,5333,3789,118,0,2,1,0,0,3750,3.7,32,0
3.1,9.610000000000001,0,0,3384,8.127109185346375,0,1,4,0,1,0,0,1,0,0,0,27.43,76.04,0.20809849771694144,0.26827260315246637,0.32216282179960043,0.04776418114672565,0.5942175552802768,0.40575222508634856,0.1958109075316644,0.9887102563798229,0.4755161290429295,0.8799943730302546,0.5433364741491653,0.9935115189868754,0.03128202681861114,0.9192057964857482,0.17089501063452028,0.16277563891806024,0.4401160398657161,1,1,inf,inf,0,0,1,0,1,1,0,0,4305,2067,351,1,0,1,0,0,3384,3.1,3,0
3.1,9.610000000000001,0,0,86,4.465908118654584,1,0,4,0,1,0,1,0,0,0,0,27.16,76.42,0.8467848057975054,0.28857368718191845,0.8835121759450891,0.3196448940691652,0.6603422874286049,0.3378445052727993,0.9287819861053123,0.8158185202967255,0.5452611594579422,0.17050127141557292,0.5848352558359189,0.004526997931953436,0.222420913349883,0.5387499412601331,0.27554708737382305,0.5072241448030899,0.673522618530157,1,1,inf,inf,0,0,0,0,1,0,0,1,9876,1140,295,1,2,0,1,1,86,3.1,11,0
3.7,13.690000000000001,0,0,3390,8.128880142125638,0,1,4,0,1,1,0,0,0,0,0,28.0,76.79,0.9725882061099965,0.8189016624051305,0.8082627759252328,0.3039374247686273,0.45716767708622374,0.4432818051830827,0.7804218555865782,0.03221454392727541,0.5080138959221389,0.00029506956264158113,0.4371056531877425,0.9987763686722776,0.05966837914782974,0.493915993770207,0.4253718819189187,0.36468292642845934,0.9617120513101812,1,1,inf,inf,0,0,0,0,1,0,0,0,9076,3918,72,0,0,1,0,0,3390,3.7,12,1
4.9,24.010000000000005,0,1,2677,7.8928255262511176,0,1,4,0,1,0,0,0,0,0,0,27.57,75.55,0.7998285152296556,0.010496869613790594,0.9402258290964138,0.7175621025899162,0.666458470813114,0.9677001643378053,0.4921905768502518,0.7898693368088165,0.9751957499002566,0.5227880376661963,0.2695278066743596,0.1689511740626367,0.0631118929666643,0.14879707852224267,0.29463481936212244,0.8711090293154524,0.20434649885773515,1,1,inf,inf,0,0,0,0,0,1,1,1,3033,568,86,0,3,1,0,1,2677,4.9,10,0
3.8,14.44,0,0,559,6.327936783729195,0,0,2,1,1,0,0,0,0,0,0,27.5,77.77,0.4988831685124677,0.38792928261473436,0.5995332171048234,0.6544659494995743,0.8623887213609192,0.14276532667155317,0.2019705543833349,0.48455336867723464,0.3802903464124887,0.9641067399409584,0.5397881675047764,0.18580154422730588,0.3277237411562747,0.5380495117118471,0.7487196208656557,0.07294424991825454,0.8447313842140588,1,0,inf,inf,0,0,1,1,0,1,0,1,4194,4931,117,1,1,0,1,0,559,3.8,45,1
3.2,10.240000000000002,0,0,1098,7.002155954403621,0,1,1,1,1,0,1,0,0,0,0,27.95,76.17,0.4123280217398584,0.9920432390203445,0.5507989593926516,0.2432511453227264,0.6249057324183226,0.6519024165407522,0.6750981594916726,0.8211102389389489,0.3753744639697647,0.3502692074556062,0.9155606058987706,0.664444861280348,0.97632290266841,0.4170713151273061,0.8458526501103996,0.4940471887687502,0.22232130780210513,1,1,inf,inf,0,0,0,0,0,1,1,0,8623,3500,3,0,1,0,0,1,1098,3.2,19,1
4.3,18.49,1,0,2602,7.864419904994565,0,1,2,1,1,1,0,0,0,0,0,27.37,77.81,0.20527214838236663,0.7557333415092521,0.41346174526608503,0.013621531096169703,0.22877973549510888,0.06923152546908173,0.7643657350033674,0.9496912708665769,0.2659234741525828,0.7329706266084813,0.5871481950064573,0.3161618686023351,0.41486234377401987,0.21166617846654967,0.04352897843321879,0.872839465219828,0.5062113038324864,1,1,inf,inf,0,0,0,1,1,0,0,1,564,3469,8,1,1,0,1,1,2602,4.3,15,0
3.4,11.559999999999999,0,0,3760,8.232440158470336,0,1,1,1,1,0,0,0,1,0,0,26.810000000000002,77.04,0.6526449210441678,0.3455640062663897,0.18166071881245816,0.02262457884316904,0.4903004346559584,0.862552464102523,0.7065535376916648,0.38716837167478046,0.931685633777852,0.029115970891973486,0.091534183556512,0.025417800591267192,0.6349666791659456,0.5271918346991111,0.5177645066279839,0.5282101008513294,0.2670791330273563,1,0,inf,inf,0,0,0,0,1,1,1,0,8998,2803,140,0,1,1,0,0,3760,3.4,43,1
4.7,22.090000000000003,0,0,647,6.473890696352274,0,0,1,1,1,0,1,0,0,0,0,27.44,77.10000000000001,0.14283640737037884,0.8023130213800029,0.2321444856947743,0.004625769557738524,0.8914550090941743,0.2838882702511756,0.5998361034681706,0.3020446131158081,0.6370142942496775,0.0656602767656872,0.18626012100958822,0.10762484785401061,0.8240006558460464,0.45657092915129127,0.11720841397997717,0.8517946929620531,0.8280546957188103,1,1,inf,inf,0,0,0,1,1,0,1,1,7265,4758,217,1,3,0,1,0,647,4.7,32,0
2.6,6.760000000000001,0,0,133,4.897839799950911,1,0,2,1,1,0,0,0,0,0,0,27.27,75.15,0.5028959361955505,0.16360947006898463,0.8472039613726388,0.17833121181757816,0.5563171922947574,0.4514815505101537,0.9059317004075638,0.12588278331521097,0.4600446501671611,0.7461233933274128,0.5148798845025682,0.5505202142228964,0.9870561318503428,0.05205772692443866,0.03861007653575821,0.8646929721345559,0.11850274346452982,1,1,inf,inf,0,0,1,0,1,1,1,1,7326,2423,97,0,0,1,1,0,133,2.6,47,0
4.8,23.04,0,1,4998,8.51699317141357,0,1,1,1,1,0,0,0,0,0,0,27.62,77.47,0.40704303477336357,0.750050514988634,0.826276383543394,0.5364378408839606,0.5999552133673547,0.311800668837631,0.4216846009483399,0.8399740426404647,0.3607946915175638,0.3456345534395444,0.5838096648363819,0.5147335997410614,0.5045750836659729,0.7310552750037439,0.3243745041705747,0.03585878914311369,0.024728817960464777,1,0,inf,inf,0,0,0,0,0,1,1,0,6832,1921,97,0,0,0,0,0,4998,4.8,5,1
2.9,8.41,0,0,4886,8.494333897270154,0,1,4,0,1,0,0,0,1,0,0,27.96,76.56,0.2244532050625937,0.7018569189988361,0.3209545105378506,0.421903132712131,0.178359491873322,0.726845088289177,0.1713371005374834,0.2376068290979816,0.6090352545723262,0.02978380041573192,0.23130664020292502,0.849078881172489,0.7791059586158372,0.1322729739096895,0.37224362262944866,0.8116969428058685,0.49072720120000535,1,1,inf,inf,0,0,1,0,0,0,1,0,760,1059,225,1,2,0,1,0,4886,2.9,5,1
3.3,10.889999999999999,0,0,3834,8.251924713801357,0,1,3,0,1,0,0,1,0,0,0,26.17,76.52,0.42037747447177853,0.5897237587477633,0.041905536484408756,0.4215752441041707,0.5340029766920552,0.004852212952671242,0.5768716701266482,0.13418799165403883,0.1406381477107853,0.7956624442583705,0.34444770155258364,0.7350337388155472,0.7474504716293755,0.36054058530950983,0.11878141699379863,0.4703898315942795,0.8328233461701312,1,1,inf,inf,0,0,1,1,1,1,0,0,2897,2025,276,0,0,1,1,1,3834,3.3,4,1
3.0,9.0,0,0,4237,8.351846738828245,0,1,2,1,1,0,0,0,1,0,0,27.0,76.42,0.5335121802554056,0.18439249676074176,0.9804591885970378,0.05263823736159501,0.5965389655240918,0.08760969996787249,0.5359257940745747,0.6917263022942102,0.318002824956946,0.7921842511531322,0.296640700557829,0.39391740916278084,0.2861537998062309,0.7883441622093869,0.7082720714480136,0.9099401913656264,0.5279516485049729,1,1,inf,inf,0,0,0,1,1,1,1,1,6463,3712,171,0,1,1,1,1,4237,3.0,5,0
3.2,10.240000000000002,0,0,498,6.212606095751519,0,0,2,1,1,0,0,0,0,0,0,27.7,75.44,0.6650143070487929,0.5757073677552801,0.25295246548621875,0.4068921095927124,0.5452684802195469,0.3762471208808442,0.140169264040384,0.4526934155616176,0.8852968534828338,0.090442526620235,0.6308695863442529,0.6310771226938562,0.26512847716965027,0.6297264749153662,0.08657235775144834,0.3508145219561728,0.8936953266942989,1,1,inf,inf,0,0,0,0,0,1,0,1,8307,1721,349,0,2,1,1,1,498,3.2,47,0
3.0,9.0,0,0,2836,7.950502434808851,0,1,4,0,1,0,0,0,0,0,0,27.14,75.44,0.6646679639865518,0.24420236124138273,0.49373473794517697,0.9906997038211229,0.4398146786151419,0.9081882769623815,0.690320439555548,0.30775761428576986,0.23644083238163427,0.17113517113364762,0.9486013524610247,0.4502044716409743,0.9102739789902891,0.8765522670746206,0.3251297293204931,0.4608305704266712,0.21865384674091837,1,1,inf,inf,0,0,0,1,1,1,0,1,6818,4455,160,1,1,1,0,0,2836,3.0,49,0
4.6,21.159999999999997,0,0,3780,8.237743803890933,0,1,1,1,1,0,1,0,0,0,0,27.19,77.68,0.23691863639110455,0.7285629648630735,0.6282626067772302,0.7504771925520716,0.5369547810847781,0.1443693972962552,0.18381873726322095,0.500318060871748,0.5945528093196675,0.20755570439205406,0.3358909623840346,0.40967105825613026,0.4181843042642591,0.28931149653198895,0.720494890849508,0.08986793339679156,0.02830303963417724,1,1,inf,inf,0,0,1,0,1,1,0,0,2811,4271,3,1,2,0,0,1,3780,4.6,27,1
3.6,12.96,0,0,2193,7.693481640835175,0,1,1,1,1,0,0,0,0,0,0,27.2,77.53,0.3003629722607297,0.6901659161255564,0.04306991693101858,0.7398861591672844,0.4194872443601654,0.17351233425351054,0.1187878203080247,0.3285156168836382,0.8417409938095033,0.13577369595286193,0.6233401227486957,0.022705778953432065,0.5347353078657507,0.8269824007020511,0.9271493597680676,0.39369999612604,0.3241528831507824,1,1,inf,inf,0,0,0,0,1,0,0,0,2687,3533,189,0,1,1,0,1,2193,3.6,0,0
2.9,8.41,0,0,109,4.700480365792417,1,0,1,1,1,0,0,0,0,0,0,27.0,77.86,0.5510599962055112,0.28900311933164413,0.9988926834857479,0.6404231014107823,0.2450568236710725,0.02702336533180305,0.512590431595133,0.7984609286198606,0.026294838946283372,0.7828459851687024,0.43822085894579743,0.758494543726525,0.7928287548353774,0.3332537701235433,0.2356557888217774,0.050303288262824375,0.43108848330665406,1,0,inf,inf,0,0,0,1,0,1,1,1,79,3561,144,1,0,0,1,0,109,2.9,42,0
3.1,9.610000000000001,0,0,3319,8.107720061910534,0,1,4,0,1,0,0,0,0,0,0,26.46,75.99,0.9977533945304363,0.07355346348683356,0.2982147692632324,0.24774404793777538,0.7637829421907684,0.01739968242862333,0.7649579218282979,0.5366512401611672,0.2168409892136538,0.3144261169628143,0.9005633010682125,0.44008721960238384,0.4774606396137565,0.156115242682061,0.9033929651584558,0.5975894122377531,0.8041456317502925,1,1,inf,inf,0,0,0,0,1,1,0,0,2214,76,308,0,3,1,1,0,3319,3.1,10,0
4.7,22.090000000000003,0,0,1689,7.432483807917119,0,1,2,1,1,0,1,0,0,0,0,26.69,75.73,0.1360414332395653,0.2563679674800451,0.2155382701352463,0.34974636894973976,0.6873530045420799,0.8450321635493638,0.9313454478451839,0.29641777597375163,0.21570652897783138,0.05996828831425094,0.2889561459890876,0.92372516874673,0.3528614074556181,0.7979293693850151,0.5574589596007131,0.6919193639785665,0.3572533623941827,1,1,inf,inf,0,0,1,0,0,1,0,1,625,3289,67,1,0,1,0,0,1689,4.7,28,1
2.9,8.41,0,0,1314,7.181591944611865,0,1,4,0,1,0,0,0,0,0,0,26.79,76.38,0.35783756236064224,0.5834804474249743,0.067757621047139,0.7880447099286123,0.3054347703127268,0.16353516684924074,0.8679701701296743,0.9408745484385772,0.9243899939054294,0.824636710798088,0.6093137654077129,0.9607089710442639,0.3234879815042171,0.3548420846863908,0.8642144305486658,0.04159477015129864,0.67484276026231,1,1,inf,inf,0,0,1,0,1,1,0,0,7558,2806,93,1,0,1,1,1,1314,2.9,5,0
4.2,17.64,1,0,2445,7.802209316247118,0,1,1,1,1,0,0,0,0,0,0,26.41,76.75,0.22266929937775126,0.7850536788058108,0.37586315949482796,0.21700773862274714,0.15556296918469747,0.6173422005139633,0.9574708408345703,0.6331381582919913,0.5306068788965241,0.8297235770630614,0.18322381736341464,0.5191230663102226,0.768600720318967,0.1632167107402661,0.12591086012794317,0.19711896427286713,0.11133445957426669,1,1,inf,inf,0,0,1,0,1,1,0,0,7049,2992,85,0,2,0,1,1,2445,4.2,10,1
3.3,10.889999999999999,0,0,3742,8.22764270790443,0,1,3,0,1,0,0,0,0,0,0,26.03,76.61,0.8178850100714632,0.20217399675027004,0.20265617982672346,0.6439451116668768,0.5256312774013174,0.21463736835513958,0.6900549863089318,0.47927507902515853,0.05816501570795496,0.982157213070946,0.9684428683767928,0.08577520467942246,0.305981556112756,0.35586767069587033,0.8175187189380244,0.6441753466430141,0.9351348477699278,1,1,inf,inf,0,0,1,1,0,1,1,0,1726,3713,338,0,0,0,0,1,3742,3.3,3,0
3.4,11.559999999999999,0,0,1608,7.3833681469923835,0,1,4,0,1,0,0,0,0,0,0,27.080000000000002,77.55,0.832050800085198,0.0962200872934873,0.42530065107371207,0.6224632201955352,0.26002174711755677,0.12585975319033904,0.8248146772730435,0.618292923224326,0.979428104538744,0.9505137075802673,0.7793556716535864,0.6910872477044732,0.8500040536469464,0.39174675180272134,0.007145571966175268,0.8168624813730054,0.06871622956027468,1,1,inf,inf,0,0,1,0,1,1,0,1,7327,4281,335,1,0,0,0,1,1608,3.4,19,1
4.8,23.04,0,1,535,6.284134161070802,0,0,3,0,1,1,0,0,0,0,0,27.75,75.62,0.07439902222237993,0.3778926611425517,0.10120110787304415,0.09697369126755984,0.21692910777642005,0.9826912446507936,0.40792058072192916,0.06044778324879496,0.06410226074840297,0.44919734943252076,0.8401689341832761,0.30679044516401255,0.500457325342818,0.061621744430271796,0.888351597235743,0.9521373578848722,0.5462612655285661,1,1,inf,inf,0,0,0,1,1,0,1,0,4502,2611,323,0,2,1,1,0,535,4.8,31,1
3.4,11.559999999999999,0,0,4238,8.352082671352637,0,1,4,0,1,1,0,0,0,0,0,27.59,75.89,0.7723776234290881,0.42463321587956027,0.9659460070417594,0.04919585876189203,0.5332175893436306,0.33900913904740704,0.032371677469333004,0.08556114917083191,0.6387741510839663,0.8347107069896661,0.21219303463117734,0.6244677278771105,0.009131415182043301,0.7892293406315098,0.7786956138428214,0.7660873945394122,0.9934780269565342,1,0,inf,inf,0,0,1,1,1,1,0,0,4010,1337,275,1,1,0,1,0,4238,3.4,35,0
4.4,19.360000000000003,1,0,612,6.418364935936212,0,0,3,0,1,0,0,0,0,0,0,26.89,75.60000000000001,0.40208039920076966,0.45685133486029694,0.65254805288132,0.07643994976596624,0.018870306794142144,0.04823891298713445,0.01040831521873331,0.029574553093030254,0.8640227022864447,0.17434363722061552,0.971845372960871,0.6952404813216874,0.9823564886773178,0.6493312849622095,0.6320457025789554,0.13088423353199896,0.5619548681366385,1,1,inf,inf,0,0,0,0,0,0,0,1,7767,1992,349,1,0,1,1,1,612,4.4,17,1
2.6,6.760000000000001,0,0,4429,8.39615486303918,0,1,1,1,1,0,0,0,0,0,0,27.03,77.57000000000001,0.45352400806987847,0.14159847446376683,0.5281235117873291,0.23559969521600133,0.9016037240767132,0.7557755412113635,0.29427146472296406,0.668180573792353,0.09139722304912212,0.35794868394827184,0.817080547249389,0.5406373978132907,0.9842704425594154,0.8637693949215919,0.28234767045429443,0.7657730256911779,0.7200854838127901,1,1,inf,inf,0,0,0,1,0,0,0,0,2330,2933,190,0,2,1,1,1,4429,2.6,2,0
2.8,7.839999999999999,0,0,3191,8.068402958569699,0,1,4,0,1,0,1,0,0,0,0,27.0,76.96000000000001,0.19630886630048106,0.6730061976821613,0.48493127788059565,0.29416481665941974,0.1895812749759096,0.13754903183217304,0.4053758536788773,0.8893024437977954,0.8709431604689377,0.4545771472540897,0.4105041489153599,0.14461021545430996,0.07227935266122787,0.8702965395047423,0.14890346321609982,0.8495616678484026,0.6488933739276623,1,1,inf,inf,0,0,0,0,0,0,1,0,7880,4347,88,0,3,0,0,0,3191,2.8,24,0
4.7,22.090000000000003,0,0,3433,8.141481041457421,0,1,4,0,1,0,0,0,0,0,0,26.76,77.23,0.9436539338521501,0.8173799969871473,0.7959099234728125,0.846450033506213,0.2732981496620799,0.8385491101238584,0.9742514446710967,0.8990905754023479,0.7647185469283053,0.25774419096902856,0.35177917143441406,0.004215647972392045,0.9833158089425339,0.8751909145511928,0.4950581046604682,0.9195283897524935,0.6794091958920097,1,0,inf,inf,0,0,1,0,1,0,1,0,7184,1655,130,1,1,0,0,1,3433,4.7,15,1
4.4,19.360000000000003,1,0,3513,8.164510268747042,0,1,4,0,1,0,1,0,0,0,0,27.52,75.54,0.9515683889634136,0.5173775172623339,0.5057059267440056,0.3051625276872415,0.6963137856592508,0.3122741428339222,0.5067427890007812,0.8538894739106258,0.4659740491432246,0.8087457702028668,0.6114623108159745,0.6463961352798288,0.8661992870294782,0.7658094096124437,0.3133713149365768,0.7874856245725738,0.18574809436313533,1,1,inf,inf,0,0,1,1,0,1,1,0,5291,1497,337,1,3,0,0,0,3513,4.4,9,0
4.3,18.49,1,0,471,6.156978985585555,0,0,4,0,1,0,0,0,0,0,0,26.37,75.21000000000001,0.683133328070063,0.9341362767437238,0.9833118995134085,0.2676646063210574,0.08973187284500295,0.33298842315629784,0.5739558885530178,0.7956420611779428,0.3676720880477561,0.5669359826829777,0.06224624063451967,0.5265492268548165,0.6140258925145634,0.009791118775206553,0.5836210331915581,0.03492828155784933,0.8447019840603617,1,1,inf,inf,0,0,0,1,1,0,0,1,8436,1444,278,1,2,0,1,1,471,4.3,13,0
4.8,23.04,0,1,1674,7.423568444259167,0,1,4,0,1,0,0,0,0,0,0,27.93,76.77,0.945023126872224,0.056756237340573445,0.31917835734813405,0.3433611719791225,0.9980424740148617,0.6771720817730059,0.709447659327597,0.37373096415815343,0.6862522723001476,0.6023623781702746,0.29698739235662563,0.6958265687725982,0.504025019843257,0.47776015735411415,0.9634149920215581,0.5740133609355064,0.21298716426284658,1,1,inf,inf,0,0,0,0,1,0,0,1,4489,4490,247,1,3,1,0,1,1674,4.8,13,1
3.0,9.0,0,0,1017,6.925595197110468,0,1,4,0,1,0,0,0,0,0,0,26.64,76.87,0.8967933671047867,0.7024214286845968,0.20429119346090574,0.8518256272641869,0.6462925398555568,0.9221824168023401,0.25576101561597187,0.3457624236062222,0.6065021097637014,0.5632193815602432,0.8871855712923452,0.1817843506158865,0.825858720400675,0.4670580149307675,0.7750327233153351,0.4185757210223139,0.12653981101789336,1,1,inf,inf,0,0,1,1,1,1,1,0,8623,3240,186,1,2,0,0,1,1017,3.0,45,0
4.2,17.64,1,0,2919,7.979338895262328,0,1,1,1,1,1,0,0,0,0,0,26.43,77.34,0.44610654336223454,0.43571289297636806,0.5719114012148017,0.23522556062421118,0.40802547424114055,0.30809249019099194,0.11714414580181343,0.884706551899205,0.6986784007109856,0.8757885377341118,0.4660747896283318,0.16693052142835973,0.0643826879287911,0.2584832985996961,0.7212251113629914,0.1522640812475169,0.5816885896455157,1,1,inf,inf,0,0,0,0,0,0,1,0,8257,1341,200,0,2,0,0,0,2919,4.2,45,0
3.8,14.44,0,0,4982,8.513787398281405,0,1,2,1,1,0,1,0,0,0,0,26.02,77.48,0.24208877099175385,0.40820237479359023,0.4231634539010649,0.7859546061765723,0.8781946588527622,0.04674809017903525,0.8132574360516837,0.0019135315141334264,0.16123693054885413,0.3047494067217372,0.3477111660045282,0.23299104296602113,0.5702692408756271,0.8991311857730121,0.2258351364336869,0.2843852566913533,0.9620657057064587,1,1,inf,inf,0,0,0,0,1,0,0,0,3225,3935,183,1,2,0,0,1,4982,3.8,42,1
5.0,25.0,0,1,2252,7.720017940432244,0,1,2,1,1,0,0,0,0,0,0,27.330000000000002,75.18,0.1921635712152191,0.8027213985848028,0.57717226346919,0.3604880166880191,0.1693150004685513,0.09951266564754646,0.5968756521206838,0.7409001637501448,0.42401525592202816,0.5540660788532739,0.23211391618086274,0.16230505454467403,0.5581974263422005,0.12030782837511778,0.23305143507967874,0.8947915592144033,0.6099192986446045,1,1,inf,inf,0,0,0,0,0,0,1,1,972,3645,163,0,2,1,0,1,2252,5.0,40,1
4.9,24.010000000000005,0,1,2181,7.687997166393016,0,1,3,0,1,0,0,0,0,0,0,27.53,76.73,0.38037205352527326,0.7798867589579616,0.12701212920053628,0.3974759087967892,0.9230566727483577,0.9450913171354084,0.5389962665915907,0.1869959494284692,0.8885353677656318,0.3075113295101939,0.490984729979971,0.01592199918585213,0.3613093053035432,0.6404702151885167,0.07552620190274417,0.8206614835336244,0.22865839589718173,1,1,inf,inf,0,0,1,0,1,1,0,1,7265,2135,288,0,3,1,1,0,2181,4.9,4,0
4.0,16.0,1,0,4913,8.499843553081124,0,1,4,0,1,0,0,0,0,0,0,27.44,76.93,0.5698464781249042,0.723993243035694,0.8534639342614988,0.912945575271618,0.6004170819343909,0.17517066735801623,0.7652195414666849,0.5812070151215206,0.3785378589007098,0.06607337094941768,0.10511685965002293,0.6260087855095345,0.9594908660683388,0.43180900170187375,0.9146096234638672,0.27566467389179516,0.5405006608994584,1,1,inf,inf,0,0,0,0,1,1,0,1,1669,4285,12,1,1,1,0,0,4913,4.0,8,0
3.5,12.25,0,0,1231,7.116394144093465,0,1,1,1,1,0,0,0,0,0,0,26.12,77.62,0.30291893855922813,0.5057632011345259,0.2137772587122243,0.14746190386860403,0.07155192773387864,0.4830120969939483,0.8944850064599084,0.8661959393308032,0.642122399803729,0.5029043324604654,0.11135272153348674,0.7811751957871799,0.8010408272403036,0.3743881124421784,0.1451996047191968,0.8085474777982651,0.682652964735791,1,0,inf,inf,0,0,0,1,0,0,0,1,2945,1282,233,1,3,0,0,0,1231,3.5,22,1
4.5,20.25,1,0,1606,7.382124365737512,0,1,4,0,1,0,0,0,1,0,0,26.35,76.84,0.9645962686051396,0.29538157558483613,0.8298371704974453,0.808614737777781,0.24751518073942436,0.9432456887427528,0.8630836696614053,0.7462101474385248,0.8803982532359086,0.8851807135609828,0.17250852369067216,0.11619078999295485,0.9201565835142986,0.6153453654431685,0.3906258327065869,0.4538587943393032,0.6815109681428786,1,1,inf,inf,0,0,0,0,0,0,0,1,193,561,39,1,3,1,1,1,1606,4.5,48,0
4.4,19.360000000000003,1,0,4281,8.362175469149628,0,1,3,0,1,0,0,0,0,0,0,27.34,76.4,0.9776896986547122,0.9984173421733855,0.10714727234881039,0.8810098591057367,0.11186121504055369,0.46238845668167594,0.10401193394509634,0.8192692884945125,0.6419491355185551,0.45196295116574636,0.0565206754043901,0.9029116315345904,0.031663199444581736,0.20437917357559143,0.7604765543261397,0.7042664709683067,0.2598492746409248,1,1,inf,inf,0,0,0,0,1,1,1,0,8953,3572,246,0,0,0,0,0,4281,4.4,30,1
3.0,9.0,0,0,1493,7.309212365692763,0,1,2,1,1,0,0,0,1,0,0,27.62,75.8,0.1739979808158898,0.8267190452558311,0.20062543711311065,0.7100330893055616,0.48271965723169574,0.40255588995818514,0.27950957665679566,0.09539906196921455,0.9774848474170515,0.0015820439824574262,0.2017858948399165,0.08397361524065994,0.6747330336965208,0.49622905794526806,0.5053337180506928,0.11909275415045795,0.28162354152790614,1,1,inf,inf,0,0,1,1,1,0,1,0,6447,2608,279,0,1,1,1,0,1493,3.0,28,1
3.8,14.44,0,0,2815,7.943072717277933,0,1,1,1,1,0,1,0,0,0,0,26.310000000000002,75.47,0.5255254258086111,0.41197580552065605,0.9531907907091485,0.5718005832783201,0.7224962945181357,0.17694049683856117,0.7365501986230627,0.1584860061281923,0.6610675337192982,0.6574599248294382,0.3064456797295674,0.1257621191446946,0.576057521556542,0.2843191697432558,0.23447041560929516,0.9805115003761443,0.06553073496193795,1,1,inf,inf,0,0,0,1,0,1,1,1,4000,3399,250,1,1,1,1,0,2815,3.8,31,1
3.7,13.690000000000001,0,0,4176,8.337348564497175,0,1,3,0,1,0,0,0,0,0,0,27.11,76.51,0.8554719275353642,0.05475564871237304,0.3202475150024314,0.7349807646941111,0.16851731557161842,0.33977294867779184,0.0010961940352602895,0.6282912741724561,0.5712333207626834,0.8454125231449361,0.1692972753775961,0.5482539176813198,0.45747579408146277,0.16307576957477177,0.31104149003459736,0.1859734797481999,0.43538952172542367,1,1,inf,inf,0,0,0,0,0,0,1,0,4328,2235,249,0,0,0,0,0,4176,3.7,36,1
2.8,7.839999999999999,0,0,2154,7.675546002537848,0,1,2,1,1,0,0,0,1,0,0,27.29,77.03,0.7717192497505391,0.03577009790002994,0.9533047724316694,0.40546338854172825,0.051378722251969045,0.030335299228832602,0.7708464948788692,0.19597838385245814,0.8306248417536803,0.29360509700621085,0.9551664077155568,0.6493449175809433,0.09700941715633327,0.5393028307269827,0.6984527842852797,0.6563040338431646,0.08212209665667713,1,1,inf,inf,0,0,0,0,0,1,1,1,4936,4274,57,0,2,0,0,1,2154,2.8,34,0
3.4,11.559999999999999,0,0,1829,7.512071245835466,0,1,2,1,1,0,0,0,0,0,0,26.69,76.86,0.869718175549754,0.49962599583142897,0.8079794873771444,0.9674745722192836,0.11216963730660756,0.6118305553712353,0.5709682970566676,0.8494096371321925,0.927549794246516,0.31030686095727267,0.5946267566290032,0.7457179984391237,0.2754210976346392,0.006792149191224284,0.39157073736274617,0.20493735262383672,0.1734816471814845,1,1,inf,inf,0,0,1,1,0,1,0,0,1112,439,276,1,1,1,1,0,1829,3.4,33,0
3.9,15.209999999999999,0,0,1100,7.00397413672268,0,1,3,0,1,0,0,0,1,0,0,27.55,75.34,0.6275388485890476,0.023886362765111135,0.05316973915612555,0.5810464243217552,0.8811845299372862,0.2876283867305286,0.08914374479992693,0.8229340845034947,0.9776596070424175,0.028177521406708705,0.39350536721179674,0.6032469218145278,0.5264024937178009,0.042550783439056605,0.46387609647341976,0.4140098184643183,0.10338868922170508,1,1,inf,inf,0,0,1,0,0,0,1,0,4216,3759,70,0,3,1,0,0,1100,3.9,37,1
4.6,21.159999999999997,0,0,532,6.278521424165844,0,0,3,0,1,0,0,0,0,0,0,27.73,77.49,0.4754124985129101,0.02845659866544148,0.8586719920757027,0.4003887983212461,0.2361367435305598,0.2393366314507651,0.6997688709607717,0.5998886296675712,0.7849099378534236,0.047701408937828815,0.39061506287340864,0.6992793543018703,0.33287949853117604,0.6251789462992766,0.7632207298714871,0.6755191126397121,0.9626271353771759,1,1,inf,inf,0,0,0,1,1,1,1,1,597,2896,78,1,3,0,1,1,532,4.6,38,0
3.3,10.889999999999999,0,0,1147,7.045776576879511,0,1,1,1,1,0,0,0,0,0,0,27.95,76.45,0.7861948605060456,0.21679529235416817,0.4720486611233887,0.1389644610628915,0.1292096275712603,0.8824392649908116,0.6155618444241011,0.8675215281923172,0.6361832202793126,0.12659050636392677,0.8620234943196055,0.5597674612114064,0.10812064425738921,0.2869723005316954,0.655523831488594,0.8547756770370974,0.6746630135935108,1,1,inf,inf,0,0,0,1,0,1,0,0,4858,88,290,0,3,1,1,0,1147,3.3,48,1
3.1,9.610000000000001,0,0,3574,8.181720455128108,0,1,2,1,1,0,0,0,0,0,0,26.51,76.88,0.8606532071462821,0.2923858315687886,0.9328153100279286,0.040424638303103055,0.832982171890484,0.5041429358400226,0.8749699801723366,0.6414781512947606,0.5216856909011448,0.9515471191197257,0.7523998912835695,0.11981570379639672,0.24982206927768924,0.787986326150393,0.4853523517023869,0.6426529617775417,0.3914734728494528,1,0,inf,inf,0,0,1,1,1,1,0,0,5684,3468,272,1,3,1,1,1,3574,3.1,49,1
3.3,10.889999999999999,0,0,1718,7.449498005382849,0,1,4,0,1,0,0,0,0,0,0,26.330000000000002,76.19,0.34817259235534315,0.6076987170705873,0.37667281131025987,0.041054579095941346,0.46497488204366966,0.26859469622223053,0.05894057738354119,0.28307017288389,0.2989579597408082,0.9019520414040719,0.4879353685804886,0.964853384875811,0.6210042976845497,0.21133588903250444,0.4977089516493136,0.26106927779757594,0.9571912899490389,1,1,inf,inf,0,0,0,1,1,1,0,1,3059,3271,315,0,2,0,0,1,1718,3.3,31,0
4.5,20.25,1,0,4791,8.474703139795285,0,1,2,1,1,0,0,0,0,0,0,27.54,76.51,0.6284550822248908,0.0443484413307651,0.6784827727998229,0.6568192997126643,0.6958020526539346,0.7979434390949153,0.3136473773837488,0.3074910357280477,0.8058719434933707,0.75751080336344,0.8652928901978347,0.11678012869608767,0.5028214621204683,0.39720619497094356,0.5898221179293723,0.3054922546369817,0.10469456883253814,1,1,inf,inf,0,0,0,1,1,0,1,0,4832,2742,360,1,0,1,0,1,4791,4.5,38,1
2.7,7.290000000000001,0,0,2173,7.684324067681155,0,1,1,1,1,0,0,0,0,0,0,27.12,77.55,0.050718411094561544,0.3813890541765774,0.0168561425070769,0.4098830893723163,0.5743644484063208,0.8522769871031509,0.3286868549284119,0.3682624597024078,0.8501399469616321,0.8463391380320799,0.7457935499645826,0.9713295148190404,0.6917636233902204,0.4007290342543487,0.9709356292143684,0.3250058499249019,0.9941135888169087,1,1,inf,inf,0,0,0,1,0,0,0,0,5734,3423,72,0,2,1,0,0,2173,2.7,8,1
3.4,11.559999999999999,0,0,4083,8.314832179284556,0,1,2,1,1,0,0,0,0,0,0,27.900000000000002,76.0,0.21689692992326914,0.8378770080290785,0.5866961167090773,0.01421110470292053,0.6836702685015595,0.9361286959387602,0.11420862448243596,0.2674668376873358,0.535811457774261,0.7556933471536295,0.3611034234506575,0.5585871071073052,0.9645256504310218,0.3247612311686483,0.07833500705518026,0.31127424682561944,0.7033581052255572,1,1,inf,inf,0,0,1,1,1,0,1,0,5816,3749,300,0,1,0,0,1,4083,3.4,2,1
2.7,7.290000000000001,0,0,3420,8.137688184977605,0,1,3,0,1,0,0,0,0,0,0,26.05,75.44,0.13708446853095813,0.8090095772608513,0.6501671387703042,0.8610287044587636,0.05885411013034558,0.9346640647364064,0.3420535255848366,0.07333692592003849,0.9315745015684822,0.6436060583323652,0.9349509787629062,0.6362925903824308,0.20046447304748782,0.16415948963993232,0.5146779929719607,0.10533115474636046,0.5252008284944039,1,0,inf,inf,0,0,1,1,0,1,0,1,2400,1930,318,1,1,0,0,1,3420,2.7,31,0
4.5,20.25,1,0,1616,7.388327859577107,0,1,4,0,1,0,0,0,0,0,0,27.22,76.69,0.5510164744822463,0.27558965141720704,0.4113660615972037,0.10139458232587095,0.5114598200969296,0.7422798476439366,0.8249855781036244,0.4931339444934253,0.9870071118855038,0.07775008666748728,0.3251505165118862,0.5234306829097853,0.348763950988653,0.7240688747195465,0.975175367371544,0.03133100378842302,0.38527327178253656,1,1,inf,inf,0,0,1,1,1,0,1,1,1471,3956,119,1,3,0,1,0,1616,4.5,11,1
4.0,16.0,1,0,3120,8.045908742270779,0,1,1,1,1,0,0,0,0,0,0,26.27,75.14,0.06614028052384546,0.056666109053391533,0.8972946597865057,0.8052829069653042,0.23439514242079706,0.10499849015557583,0.15181916383486604,0.05708766268258847,0.9627363832210076,0.8162810144439206,0.34230916068406625,0.6840440600063483,0.7350216078457148,0.26258241369150814,0.8832099905516796,0.34188918679466596,0.6999072945482213,1,1,inf,inf,0,0,0,1,1,0,1,0,4581,3115,87,0,0,0,0,1,3120,4.0,44,0
4.0,16.0,1,0,2909,7.975908360165538,0,1,3,0,1,0,0,0,1,0,0,26.45,75.3,0.5336271376362492,0.14524647544152536,0.44515678949397375,0.18116781944908134,0.22402886422637192,0.999624271840704,0.4363005271621324,0.3628113812944954,0.520128995818652,0.01678115229828203,0.23399551257051987,0.26452045754752274,0.15572313306290186,0.08249799399237223,0.1982763219558632,0.07287304645458803,0.8516214189499526,1,1,inf,inf,0,0,0,0,1,0,0,1,6740,4943,231,0,0,1,0,1,2909,4.0,40,1
3.2,10.240000000000002,0,0,36,3.6109179126442243,1,0,3,0,1,1,0,0,0,0,0,26.93,75.49,0.3160608841601745,0.770576612081498,0.6172074791949369,0.2775463378884986,0.36171605445146826,0.8975549107010963,0.9342183224340281,0.7805736551081616,0.7379964571843968,0.9682843531811498,0.13182803784771713,0.7104584128613841,0.9931874614468441,0.16011191860881857,0.6362131638884156,0.9703300208289962,0.7168783368674284,1,0,inf,inf,0,0,0,1,0,0,1,0,2448,4356,9,1,2,0,0,1,36,3.2,5,0
2.9,8.41,0,0,856,6.75343791859778,0,0,3,0,1,0,0,0,0,0,0,26.71,76.46000000000001,0.15598710769096968,0.26356016716128605,0.5879389402442986,0.08945990956352023,0.6055709980504015,0.1988791052161798,0.4530099322772969,0.734487144274527,0.8624070180133702,0.2612003030142044,0.2946277273312051,0.8872042168498141,0.03954328457774048,0.012820058036639992,0.6305203357587202,0.4111301898789016,0.4845569608973732,1,1,inf,inf,0,0,1,1,0,1,0,0,5061,4393,16,0,0,1,0,1,856,2.9,34,0
2.7,7.290000000000001,0,0,2837,7.950854857719988,0,1,3,0,1,0,0,0,0,0,0,26.78,76.06,0.01762749174522027,0.5211766646670578,0.4307147272015275,0.34142307548169126,0.4344333004894484,0.9877022165414934,0.23956804470908433,0.4341793878367418,0.5257021614342646,0.3259044991595118,0.7610410834463587,0.1337262753562316,0.03190219270843475,0.7316484429411014,0.5381144221444101,0.9348202112188184,0.3148680283825749,1,1,inf,inf,0,0,1,1,1,0,1,0,9656,2797,96,0,3,1,1,0,2837,2.7,24,1
2.8,7.839999999999999,0,0,1741,7.462789157412448,0,1,1,1,1,0,0,0,0,0,0,27.97,76.17,0.18871972547690796,0.7678728398778171,0.04697323023947253,0.3219042670097161,0.4102414159284664,0.5761920240468015,0.27645340792505735,0.4685507701656644,0.37262003867250526,0.004246964842224865,0.6182243489737502,0.23358096406676454,0.77261915143731,0.6381048301786209,0.3820284688563691,0.22823420498380853,0.11079379879556173,1,1,inf,inf,0,0,1,1,1,1,0,0,8285,2978,125,1,1,1,0,1,1741,2.8,23,1
2.8,7.839999999999999,0,0,1322,7.187657164114956,0,1,4,0,1,0,0,0,0,0,0,26.27,75.33,0.4041656134484438,0.34119416194428265,0.4002184879434838,0.7571939975288481,0.7472968572854477,0.18685114553101445,0.3226155115170213,0.9074039341437792,0.36930641016460075,0.12623529279200107,0.55464836536223,0.7811098635070458,0.6644291552006308,0.05193729156251414,0.7407561644127868,0.518217722455845,0.8961118808653745,1,0,inf,inf,0,0,1,0,1,0,1,0,110,4161,98,1,1,0,0,1,1322,2.8,5,0
2.9,8.41,0,0,4982,8.513787398281405,0,1,4,0,1,0,0,0,0,0,0,26.59,77.55,0.49175309334057415,0.8135423295200198,0.7854715010438624,0.626479666882818,0.9940241429440151,0.5124192128859704,0.5960663741144082,0.8710617755515898,0.7792829449491426,0.8974585839050919,0.39689490488109347,0.07333534909973638,0.39424895971050444,0.048628323546059615,0.16602283964589915,0.12460650847776333,0.5875540635434826,1,1,inf,inf,0,0,1,1,1,0,0,0,3807,397,240,1,0,0,1,0,4982,2.9,41,0
3.2,10.240000000000002,0,0,2580,7.855932199718614,0,1,2,1,1,0,0,1,0,0,0,27.32,77.72,0.3733188835647848,0.705622765562126,0.9147075589624178,0.9167725750271379,0.19789260480049997,0.38609969844428527,0.28629652718430587,0.2090823244130684,0.42372841041645193,0.9994864814855664,0.7053058569048392,0.9584795009167175,0.36769424141466056,0.33986024916709945,0.2648524484698639,0.2637394049734144,0.8669404406926543,1,1,inf,inf,0,0,0,1,1,1,1,0,3135,4474,208,0,2,1,0,0,2580,3.2,21,0
4.9,24.010000000000005,0,1,4908,8.498825534058053,0,1,4,0,1,0,0,0,0,0,0,26.87,77.69,0.5541633572073561,0.08457967406149791,0.7976952668574256,0.43353771418179143,0.5337910828389607,0.4409967403670588,0.29965466922327477,0.7411581545869271,0.9112362814620055,0.8346186271590629,0.74317018890128,0.612550159506034,0.4540201827952165,0.16313000004470368,0.13829177840852946,0.4320004057942767,0.3401261059256926,1,1,inf,inf,0,0,0,0,1,1,1,0,1722,2078,129,0,2,0,0,1,4908,4.9,40,0
3.5,12.25,0,0,888,6.790097235513905,0,0,1,1,1,0,0,0,0,0,0,27.71,77.02,0.4328098420756855,0.25126491057232225,0.08638644684506125,0.3539913149765723,0.18500160421960266,0.2503916006582074,0.3517640588082156,0.13419390714840485,0.7019665420052905,0.08628730216749658,0.7132291862375706,0.32442440344850576,0.5487044928636587,0.5196265052368874,0.04629900483188887,0.9400636090042517,0.09130184736852431,1,1,inf,inf,0,0,0,1,1,0,0,1,8781,370,241,1,1,0,1,1,888,3.5,36,0
2.6,6.760000000000001,0,0,1093,6.9975959829819265,0,1,4,0,1,0,0,0,0,0,0,27.82,76.67,0.9635635604649823,0.9661633712446148,0.008186169777722796,0.09146522487824515,0.3426632763130508,0.949277415502898,0.03592781580561333,0.9351861367340314,0.14522538329959267,0.33521174790376074,0.18985382921110006,0.7857506620038953,0.11303608188525394,0.42748103878493493,0.7982885356721112,0.4131450336932224,0.24752451654227792,1,1,inf,inf,0,0,1,1,1,0,1,1,9860,2465,336,0,1,0,1,1,1093,2.6,0,1
4.4,19.360000000000003,1,0,2098,7.649216319820633,0,1,4,0,1,1,0,0,0,0,0,27.59,77.2,0.7776727430091571,0.7369805820891785,0.5530111932205066,0.30904955506723664,0.8592498178529082,0.722917412997612,0.5488056974537204,0.4901343502471993,0.2799531739059177,0.9685139577239825,0.5375511353017398,0.5424673237998122,0.5149788096692172,0.7742278255551995,0.22985589629577818,0.8590174200327626,0.525617571176177,1,0,inf,inf,0,0,1,0,0,0,0,1,63,3803,202,1,3,0,0,1,2098,4.4,46,0
4.8,23.04,0,1,1270,7.147559271189454,0,1,4,0,1,0,0,0,0,0,0,26.150000000000002,77.58,0.2300884426930968,0.42676233822515774,0.7298227429098694,0.26332742725855973,0.528601666679865,0.8463785246121817,0.09349450221372546,0.09095588189365522,0.06429781208860641,0.6048187696311412,0.49852137535897556,0.7787481075750402,0.9873056809773616,0.28666208590519915,0.3389259042835595,0.4122361752894209,0.6956247177550576,1,0,inf,inf,0,0,1,1,1,0,1,1,5414,4258,227,0,3,1,1,1,1270,4.8,35,1
3.9,15.209999999999999,0,0,897,6.8001700683022,0,0,1,1,1,0,0,0,0,0,0,26.1,75.68,0.12786274855881008,0.19671100867508595,0.25586327598921843,0.13468229896533945,0.31764600922264596,0.7264119187216687,0.4382096841849392,0.5871256529003035,0.963154741241889,0.280744786207918,0.0077670975391845865,0.38829459854063675,0.9854879497065481,0.8953301693212823,0.7225583610859132,0.6330323520936759,0.5057717997798328,1,1,inf,inf,0,0,1,0,1,1,0,0,9117,1902,81,1,2,0,0,0,897,3.9,3,0
4.1,16.81,1,0,3304,8.103191752285786,0,1,4,0,1,0,0,0,0,0,0,26.41,76.38,0.21317484015935428,0.651698091501901,0.8295442936164268,0.42818503384479945,0.7199422328499927,0.8320322873730052,0.22675119042295777,0.9080812372902527,0.9453709824755192,0.7626955575265509,0.9604041519522829,0.14952450260532957,0.3656301964582356,0.8215101748139567,0.07529445680738822,0.5974453738688464,0.026760078707375512,1,1,inf,inf,0,0,1,1,1,0,0,0,1509,1706,40,1,0,1,0,1,3304,4.1,30,1
4.2,17.64,1,0,1771,7.4798641311650265,0,1,4,0,1,0,0,0,0,0,0,26.43,75.92,0.8601943015783132,0.128386238053656,0.6030552742680586,0.5616294065083874,0.7354111292021961,0.5819331836657329,0.24112473330847373,0.07286992708454365,0.965755690047361,0.0613505475785433,0.19275610392746811,0.9385034361478093,0.7367753631953152,0.8590015408661236,0.1916391597665862,0.1428208866763998,0.949713047232,1,1,inf,inf,0,0,1,1,1,0,0,0,5266,518,129,1,0,0,0,0,1771,4.2,11,0
2.6,6.760000000000001,0,0,4642,8.443115988019922,0,1,4,0,1,0,0,0,0,0,0,26.78,75.60000000000001,0.11767195423100363,0.43211791642501096,0.9710520431571116,0.6534971176709332,0.6230652467521423,0.558020481809198,0.9392615834431591,0.00894161250661718,0.30804180923261426,0.12401006908943057,0.9345509544783613,0.7663911368653068,0.7330388193904308,0.118739271615245,0.5204256264578605,0.8991079465854337,0.6969793565235168,1,1,inf,inf,0,0,0,1,0,1,1,1,8499,2181,234,1,3,0,1,1,4642,2.6,23,1
3.9,15.209999999999999,0,0,2029,7.615791072035833,0,1,3,0,1,0,0,0,0,0,0,26.830000000000002,75.19,0.2001192849556318,0.476708926515627,0.33515705859417,0.856155950292456,0.9226603968882499,0.9928742137703926,0.5227756785866502,0.845237264898481,0.021259509552530087,0.9329483751421209,0.9273741276205332,0.4660902332204314,0.4843235595393086,0.5418450610637061,0.3546966308313346,0.10145757875764738,0.9612840258009347,1,0,inf,inf,0,0,1,1,1,1,0,0,1697,81,314,1,1,1,1,1,2029,3.9,14,0
2.8,7.839999999999999,0,0,2551,7.844632644464681,0,1,1,1,1,0,0,0,0,0,0,26.51,76.08,0.6895343963295548,0.08932279941531274,0.9606597078413264,0.45359877928000725,0.18946176514182322,0.419271715284792,0.8240271079638847,0.7889299427599705,0.040994043038236505,0.96113043383796,0.7129510431278607,0.3825549248456388,0.6467161158428569,0.9287079568564287,0.9399412874855426,0.9899741569046949,0.6520191325251622,1,1,inf,inf,0,0,0,0,1,1,1,1,8408,1327,214,0,2,1,1,1,2551,2.8,3,0
3.4,11.559999999999999,0,0,1222,7.109062135687172,0,1,3,0,1,0,0,0,0,0,0,27.060000000000002,75.9,0.8997899325833395,0.36599541317405826,0.6964127121556698,0.6199956543155241,0.5093207895668889,0.5401588070854288,0.3570718568210305,0.2573345284813975,0.427876775850228,0.8815969095212939,0.6169078104558775,0.34713569072298855,0.8166881299536265,0.16129149783981755,0.6494212855209202,0.8539334198557755,0.9881420147350993,1,1,inf,inf,0,0,1,0,0,0,1,0,9413,1018,120,1,1,0,0,0,1222,3.4,18,1
4.1,16.81,1,0,2649,7.882314918980268,0,1,3,0,1,0,0,0,1,0,0,26.900000000000002,75.05,0.6247243574505307,0.8582702309244531,0.9002254511728924,0.5903497557282483,0.3336003517731635,0.8188928520468524,0.6500047213815686,0.830360864405689,0.4187782967307687,0.9874534278727527,0.31451590919994654,0.7324840302097185,0.0954424156101299,0.9811092483604307,0.23442340763979408,0.9541282940128419,0.0028998280423833123,1,1,inf,inf,0,0,0,0,0,1,0,0,190,1542,28,0,2,1,1,1,2649,4.1,11,0
3.3,10.889999999999999,0,0,3224,8.078688229229872,0,1,4,0,1,0,0,0,0,0,0,27.18,75.75,0.9474966588149641,0.6625201222964631,0.999297152815357,0.06288658938667513,0.9035494564592997,0.7732820078823398,0.3358712621648957,0.2023544641229501,0.2635769650343559,0.3279718693255024,0.21692082806315727,0.7046938106934418,0.6011271149153407,0.840904440338701,0.08267242179245704,0.02415889694989548,0.31113139894792197,1,1,inf,inf,0,0,0,0,0,1,0,0,9851,1194,119,0,0,1,1,1,3224,3.3,43,1
4.1,16.81,1,0,909,6.813444599510896,0,0,4,0,1,0,0,0,0,0,0,26.21,76.61,0.5692511093412996,0.4688911190169883,0.7093705217245387,0.2638622500262663,0.05695278718077201,0.627498109081549,0.3690081171178424,0.32826233741235944,0.5845491085742168,0.5896747639614278,0.7681489752005083,0.08263671993604782,0.15797373583702623,0.9653458216539849,0.9086027859668913,0.2770998422832228,0.13078049139382664,1,1,inf,inf,0,0,0,1,0,0,1,1,2547,3828,327,0,2,1,0,0,909,4.1,1,1
4.1,16.81,1,0,3779,8.237479288613633,0,1,1,1,1,0,0,0,0,0,0,27.11,75.13,0.9480220824294568,0.5732264968299691,0.5410005999548756,0.025751713526066866,0.38225058011673896,0.0554788905168504,0.7108815442058871,0.7305373608042756,0.6912761147079921,0.5723295690397141,0.5757137600552787,0.9246627070341027,0.9921133444171577,0.2215579999036319,0.2588826733502644,0.14600187182513003,0.6977175916633152,1,0,inf,inf,0,0,1,0,1,1,0,1,843,4634,174,1,2,1,0,1,3779,4.1,2,0
3.6,12.96,0,0,3104,8.040768994367578,0,1,3,0,1,0,0,0,0,0,0,27.03,77.67,0.15465628634758366,0.14966302486701055,0.8147306551791933,0.09358888029598245,0.8461445461111062,0.41024637291016197,0.6167753551868178,0.02083381519707317,0.45972147434753696,0.21075034046286034,0.6005005514826947,0.13116578605540596,0.7285502273374244,0.4617657315204917,0.31737672939555217,0.2223898022794366,0.9617752425126427,1,1,inf,inf,0,0,1,1,1,1,1,1,3014,525,352,0,1,0,0,0,3104,3.6,35,1
2.6,6.760000000000001,0,0,3633,8.198089248956116,0,1,4,0,1,0,0,0,0,0,0,26.830000000000002,77.57000000000001,0.40609878849516257,0.07393432194855842,0.7574412651107315,0.8533479348235326,0.36000966278134106,0.9644928424181185,0.16907958805191892,0.40787382970516717,0.1660886724456978,0.06115379514482444,0.9216706401546403,0.7684842745117869,0.8172683485612601,0.8784440910764076,0.9549756329793221,0.06916980816208507,0.34091703316749045,1,0,inf,inf,0,0,0,0,0,1,0,1,8005,4490,246,1,3,0,1,0,3633,2.6,38,0
3.0,9.0,0,0,4332,8.374015421739909,0,1,4,0,1,0,0,0,0,0,0,27.57,76.98,0.734774899919815,0.4371538957583081,0.29705797319618976,0.4076516437593355,0.823974474819848,0.2795779629345285,0.1975360398798972,0.7255854682425508,0.12666443788781845,0.3528401002985547,0.9081459885944887,0.6553856284995577,0.6175852403840241,0.02795630255528081,0.4826300982123317,0.5333058813272071,0.2515740994563288,1,1,inf,inf,0,0,1,0,1,1,0,1,7104,2858,151,0,3,1,1,1,4332,3.0,24,1
4.0,16.0,1,0,4317,8.370547611074752,0,1,3,0,1,0,0,0,0,0,0,27.62,75.65,0.3605501996098457,0.7977487894617911,0.6093162508360132,0.018848530787387907,0.6118998633988605,0.22693432391987733,0.3876637413835349,0.0516493132214878,0.7679461348351829,0.19100588389049122,0.09720708417021295,0.48428496999326365,0.814971389876968,0.8955697188647134,0.6655384580817849,0.07737954374624445,0.48018951873487825,1,0,inf,inf,0,0,0,0,0,0,0,1,1919,2325,93,0,2,1,0,1,4317,4.0,0,0
4.4,19.360000000000003,1,0,3766,8.23403420769204,0,1,2,1,1,0,0,0,0,0,0,26.77,75.71000000000001,0.9699409241052664,0.21110974123977178,0.28795971447043067,0.7413985543522609,0.7634000083969632,0.6498869052481235,0.24151078663082082,0.03364504282369607,0.03940023595448594,0.6933561346867628,0.6203417379132936,0.5049199211889486,0.669328422181387,0.9571380398637165,0.030263961301827846,0.9171709590954571,0.8826526931057664,1,0,inf,inf,0,0,1,1,0,0,1,0,4220,1413,88,1,0,1,0,1,3766,4.4,18,0
2.9,8.41,0,0,4600,8.434028950155469,0,1,1,1,1,1,0,0,0,0,0,27.28,76.24,0.41868421732877925,0.3327414172106762,0.9185082115006948,0.48434230225755304,0.5390667516573077,0.672306002763997,0.7460935673864962,0.9749224577378885,0.5957173785606596,0.7570904750019614,0.10178048786854865,0.39744617278419947,0.8188950762840295,0.2621433113780067,0.9676974124158964,0.8823320538562474,0.40399722141944283,1,0,inf,inf,0,0,1,1,0,0,0,1,4159,1961,84,1,3,1,0,0,4600,2.9,46,0
2.9,8.41,0,0,3085,8.034631032923107,0,1,4,0,1,0,0,0,0,0,0,27.64,76.29,0.610808588586445,0.19598387407312168,0.9147453203648307,0.7993597831068694,0.6220393284968747,0.1190056119057683,0.6797011537091051,0.29702746418927317,0.8769889166688571,0.6136519100110818,0.6066015522746444,0.07487421064934163,0.4019761670388846,0.694304909552012,0.13739731979595193,0.6531143288810326,0.535333834382541,1,0,inf,inf,0,0,0,0,1,0,0,0,9433,465,72,1,3,0,1,1,3085,2.9,36,0
4.1,16.81,1,0,2769,7.926602599181384,0,1,4,0,1,0,0,0,0,0,0,27.25,75.71000000000001,0.036218105438198034,0.4759317312020531,0.7680944224067704,0.9618080245068427,0.6476067154541351,0.5205694216106163,0.6655437671033366,0.17467142776023126,0.7441593373272767,0.9432926854330854,0.15134777083355522,0.6204844768576154,0.2116890298019054,0.4288585252434999,0.2741579261439019,0.22933247004438195,0.282439882769573,1,0,inf,inf,0,0,0,1,0,0,0,1,7680,1310,209,0,3,0,1,1,2769,4.1,44,0
3.1,9.610000000000001,0,0,3186,8.066835314417336,0,1,2,1,1,0,0,0,0,0,0,27.330000000000002,76.69,0.26833039816573356,0.5016416995762565,0.2705215465219738,0.6192651061746421,0.8489369020444283,0.43916429595507556,0.014660351644488867,0.21215051429584042,0.2731810027983569,0.9267464893378579,0.05623429364664445,0.8252593354980482,0.1396055272349943,0.3495266738161058,0.6164425353158988,0.4769035184533881,0.1662458233012265,1,0,inf,inf,0,0,0,0,1,1,1,0,1686,264,285,1,3,1,1,1,3186,3.1,16,1
4.9,24.010000000000005,0,1,3886,8.265392930852224,0,1,2,1,1,0,0,1,0,0,0,27.82,75.56,0.03246052411950384,0.3288427794004769,0.5777584314522551,0.7132216207510682,0.9373463332491143,0.46540412486952043,0.22961205173682542,0.32446387542839306,0.6239515947234302,0.3647590727634552,0.12294914105065158,0.5865580145415225,0.42200801985333536,0.7661728131072565,0.6131858298798953,0.8301204837047345,0.4739105152913283,1,1,inf,inf,0,0,0,1,1,1,1,0,2930,1090,43,0,1,1,0,1,3886,4.9,16,0
3.4,11.559999999999999,0,0,2697,7.900266036767701,0,1,1,1,1,0,1,0,0,0,0,26.330000000000002,77.53,0.2251864989518737,0.23326919977032234,0.7922996495594187,0.13921430979595883,0.8983837438103273,0.7280729125350107,0.4819979805505187,0.07715998385576539,0.05000856248110175,0.0653712402843416,0.762147286787731,0.6261512668405491,0.8108788212714049,0.9219848432625586,0.2070760915845018,0.19274205102087427,0.9888967897458051,1,0,inf,inf,0,0,1,0,0,0,1,0,7220,3487,260,1,0,1,1,0,2697,3.4,19,1
4.8,23.04,0,1,4283,8.36264243156764,0,1,1,1,1,0,1,0,0,0,0,26.45,76.02,0.7590325750842568,0.31333992908819164,0.23390850398353746,0.7154683073833511,0.996055622926395,0.4398967901008659,0.2363527869699602,0.7773298514438267,0.8495446889242431,0.7037824619359111,0.9487653906431334,0.4190263033537076,0.7595179761104691,0.5657612861248075,0.7256362523261288,0.055868524538646325,0.5762840363851472,1,1,inf,inf,0,0,1,0,0,0,0,1,422,531,253,0,1,1,1,0,4283,4.8,34,1
4.3,18.49,1,0,4020,8.299285906897275,0,1,3,0,1,0,0,0,0,0,0,26.580000000000002,76.72,0.6166083433139317,0.5615572616967774,0.15048195050480084,0.017796414406734296,0.18572775248792117,0.6842422597170996,0.855209473390263,0.3099666084323838,0.7070342170777778,0.38387670310495714,0.9939931679334939,0.534019858831054,0.9580393442546259,0.9469116114298174,0.17992685924387142,0.5865340822951665,0.16852949311487342,1,1,inf,inf,0,0,1,1,0,1,1,1,69,447,28,0,3,0,1,1,4020,4.3,29,0
4.8,23.04,0,1,1334,7.19668657083435,0,1,2,1,1,0,0,0,0,0,0,26.310000000000002,76.10000000000001,0.0560912060301878,0.4401921855775517,0.5346085493923578,0.23693729739833647,0.04415053646820222,0.7979442633912445,0.799998042576424,0.44330193418790453,0.4104196361746876,0.8214156602672703,0.38800327774349663,0.6317171508682363,0.5804665839923157,0.21349498437149528,0.4220894554330735,0.4710478137154668,0.3223428661634373,1,1,inf,inf,0,0,1,1,0,1,1,0,1075,955,24,1,2,0,0,0,1334,4.8,33,1
2.5,6.25,0,0,493,6.202535517187923,0,0,1,1,1,1,0,0,0,0,0,27.86,75.07000000000001,0.5566644770502216,0.4988874842481318,0.9216942556861899,0.3397682261046937,0.5038706747737142,0.37059527386779934,0.8764841664865857,0.22503332584059932,0.9355826840677343,0.6364648661102549,0.28858458735456605,0.5712021203102725,0.31875116295310246,0.2191149904647921,0.6443619992373243,0.6137574877833601,0.71279753340442,1,1,inf,inf,0,0,1,1,0,1,0,1,8058,1177,297,1,1,0,1,0,493,2.5,39,0
3.0,9.0,0,0,199,5.298317366548036,1,0,3,0,1,0,0,0,0,0,0,26.34,77.94,0.8897765647674818,0.4837090115304066,0.6196951727891271,0.635214250840641,0.180087063078762,0.1261577771362652,0.9453825651926264,0.3949471491820874,0.4343125778877718,0.37904190217024536,0.7114066372724408,0.06482128663207987,0.2109937923243953,0.26138166547609765,0.9179037669802642,0.614813945527526,0.9141163950309042,1,1,inf,inf,0,0,0,0,1,1,0,1,1919,4080,194,0,2,1,0,0,199,3.0,13,1
3.1,9.610000000000001,0,0,4066,8.310660905907225,0,1,4,0,1,0,0,1,0,0,0,27.53,75.04,0.20127349202491096,0.5603711844446033,0.29847186642416357,0.3792854910043142,0.9434300572321384,0.5713661539875594,0.24523949261426148,0.8077895712187821,0.6862147004322772,0.8291778669758489,0.5792809279592375,0.7651885749298568,0.9971286472846487,0.4193927661773885,0.9678723675512108,0.644727417852692,0.8028117034915154,1,1,inf,inf,0,0,1,0,0,1,1,1,8069,2678,145,0,3,1,0,1,4066,3.1,46,0
4.5,20.25,1,0,3099,8.039157390473237,0,1,4,0,1,0,0,0,1,0,0,27.94,77.61,0.9691143267558011,0.5585693577702812,0.41306606535299795,0.028438944698379376,0.3702246830628939,0.07501963286138058,0.9401021864171861,0.28039956673616384,0.6304656540707911,0.053467482474351624,0.3429317521623292,0.24215106899423045,0.4284641529720359,0.42206902491301024,0.03489954477191959,0.5447975074724941,0.7882921367038468,1,1,inf,inf,0,0,1,0,0,0,0,1,661,1626,29,1,2,0,1,0,3099,4.5,5,1
3.9,15.209999999999999,0,0,2458,7.807510042216193,0,1,4,0,1,0,0,0,0,0,0,27.2,77.93,0.7857992226490564,0.7052003435956257,0.362861502464081,0.4519819018566984,0.6754634852710604,0.398407516096167,0.007470455146411092,0.5115295564857792,0.9120021592803272,0.8827199292479541,0.7190078646214825,0.7637150484257699,0.19184592060173222,0.3618324069720781,0.26240793119217676,0.10627718166318367,0.14820517525060384,1,1,inf,inf,0,0,0,0,1,0,0,0,409,2151,205,1,2,0,1,1,2458,3.9,16,0
2.6,6.760000000000001,0,0,246,5.5093883366279774,0,0,1,1,1,0,0,0,0,0,0,26.45,75.56,0.6631117415508404,0.8205828777602563,0.5620201977280643,0.057685494471556575,0.06526102019046676,0.8748253243009677,0.9462363537185144,0.4626934665527648,0.2938724060653368,0.3471150917632717,0.8520151125339713,0.9703177691377913,0.8562390993749251,0.5603953367947041,0.6550819843320256,0.44458479463877465,0.46359166416584985,1,1,inf,inf,0,0,1,0,1,0,0,0,849,1478,52,1,2,0,1,1,246,2.6,34,1
4.8,23.04,0,1,4919,8.501063809486354,0,1,1,1,1,0,1,0,0,0,0,27.12,76.44,0.771778278865963,0.8019798920087771,0.29791586099289524,0.5257202808547342,0.1392120218187417,0.5768004188201504,0.8399524181420176,0.8475984858937723,0.583464698256979,0.5201522897270419,0.17842146535301617,0.5204910965191648,0.25826716816931994,0.5962039666681128,0.6089701115235431,0.737748582733042,0.8928737135747767,1,0,inf,inf,0,0,1,0,1,1,0,0,397,2830,165,1,1,1,0,1,4919,4.8,0,0
2.6,6.760000000000001,0,0,703,6.556778356158042,0,0,2,1,1,0,0,0,0,0,0,27.37,76.88,0.7360605483838129,0.32151789022639166,0.024073792637196334,0.04102628671337161,0.017179810880439406,0.07116178454363453,0.5070662628690454,0.0019558479253592997,0.7172625694750516,0.5657250345718998,0.8397572283060039,0.06018675695996911,0.8639407796845894,0.03923765344850083,0.8052562698916965,0.7313523620743875,0.28946654906761093,1,1,inf,inf,0,0,0,1,0,0,1,0,9762,3742,6,1,0,0,1,0,703,2.6,20,0
3.7,13.690000000000001,0,0,3469,8.151909872940905,0,1,4,0,1,0,0,0,1,0,0,26.810000000000002,75.24,0.4801262321235824,0.9291907715564134,0.5050218204657756,0.03377211699203131,0.5316598297348208,0.45985854541393156,0.6027980837531148,0.3095148512011887,0.5389218446065805,0.30309699651470867,0.9844421261587921,0.8284009167020743,0.28737439413210175,0.7555071764068354,0.1281091848438256,0.258471506099054,0.24625429267826904,1,1,inf,inf,0,0,1,0,0,0,1,1,4012,4709,188,1,2,1,0,0,3469,3.7,21,1
3.4,11.559999999999999,0,0,592,6.385194398997726,0,0,1,1,1,1,0,0,0,0,0,26.28,76.25,0.8865815449768698,0.693489774846963,0.6254715441127503,0.0790973025601156,0.7321466494287663,0.0505316347783884,0.17731214502502346,0.8104750418094736,0.025382917634620417,0.40168635003798825,0.6621361777005474,0.14722295809473107,0.18991452483395954,0.9912699466749453,0.03776190329237006,0.4419475048710453,0.37142717003913195,1,0,inf,inf,0,0,0,0,1,1,0,1,4410,1964,228,0,2,0,0,0,592,3.4,9,1
3.4,11.559999999999999,0,0,1590,7.372118028337787,0,1,3,0,1,0,0,0,1,0,0,26.84,75.4,0.5216404665516688,0.4447610578997586,0.603640442134051,0.28804999659210573,0.9365850520324406,0.12185936869743619,0.0818427615073869,0.3046715043707877,0.8495362852585873,0.8285294615870878,0.8378702421137997,0.9397810491353313,0.19644855889028334,0.5148018319881706,0.824601283172641,0.6717560947896064,0.43157072152988196,1,0,inf,inf,0,0,0,1,1,0,1,1,7692,1657,2,0,2,0,0,1,1590,3.4,43,1
4.7,22.090000000000003,0,0,4618,8.437933510430605,0,1,3,0,1,0,0,0,0,0,0,26.2,75.23,0.021147472474561835,0.1887415631516982,0.28286981594887206,0.3400283883094751,0.4630998200123728,0.0781787344362832,0.1417940820995116,0.7018656590247623,0.1255611622712124,0.5317943963995315,0.009136990404801648,0.6074136075375358,0.5900407818822484,0.7138536447521316,0.4367366299421864,0.8915135908136057,0.33161448890209,1,1,inf,inf,0,0,1,0,1,0,1,1,7436,663,201,0,1,1,0,0,4618,4.7,7,0
3.9,15.209999999999999,0,0,170,5.14166355650266,1,0,2,1,1,1,0,0,0,0,0,26.75,75.73,0.7531259539167626,0.2990277475284845,0.39202324542796896,0.7276648752938093,0.8088835089675949,0.8855337507281111,0.3563957952938869,0.2442434001180117,0.7359963638881686,0.2442768017020699,0.734504046821632,0.557066909861609,0.16710692430137664,0.43815067372492555,0.3983883920908037,0.053069770389911564,0.2396899260668871,1,1,inf,inf,0,0,1,0,1,0,1,0,2240,3350,79,1,1,1,0,1,170,3.9,6,1
2.9,8.41,0,0,706,6.561030665896573,0,0,4,0,1,0,0,0,0,0,0,26.26,76.3,0.15365456981132786,0.44221992631542717,0.8710416294601784,0.1528412101173957,0.28559533032236717,0.7340836184771637,0.6812741007248267,0.1892387211688833,0.7692965014909632,0.9386970126626782,0.24572982265455923,0.16399196651986958,0.3341095786648157,0.3780684291750669,0.422117842772216,0.684211602315304,0.45771712234862316,1,1,inf,inf,0,0,0,0,1,1,0,0,2815,2582,283,0,1,1,0,0,706,2.9,36,1
4.8,23.04,0,1,945,6.852242569051878,0,0,1,1,1,0,0,0,0,0,0,26.69,75.02,0.43018223558474866,0.31365011757504657,0.20073077428718344,0.8130291323684777,0.19581067968644317,0.06432792869522563,0.16902892771179756,0.09836596908896422,0.6575804497571267,0.0910042838130336,0.7929369016511159,0.6529700696687412,0.5158255084552327,0.12731211562510591,0.7413297933736436,0.6997223724346544,0.9942430697562041,1,0,inf,inf,0,0,1,0,0,0,1,0,9913,175,153,0,1,0,1,1,945,4.8,34,0
4.8,23.04,0,1,1916,7.558516743045645,0,1,4,0,1,0,0,0,0,0,0,27.26,75.89,0.31086318097139587,0.4632729729208416,0.6146774351117222,0.6862673386976509,0.49408813028294907,0.38209881182980376,0.12288421841581165,0.2178554139183796,0.5924978553993572,0.9189471265610493,0.6060863747437657,0.2388370923746892,0.4716787025275132,0.34496573286291676,0.30235928150824776,0.07978774910548458,0.08842548543854212,1,1,inf,inf,0,0,0,0,0,0,1,1,4854,87,250,1,1,0,0,0,1916,4.8,26,1
3.5,12.25,0,0,4810,8.478660241699453,0,1,4,0,1,0,0,0,1,0,0,26.44,75.56,0.8456901283720375,0.8267724641372581,0.025539767263583424,0.18861600676226786,0.915103927154039,0.5642489467431484,0.39938319535352573,0.46671834014982605,0.9726711128555035,0.07183117799825511,0.4914182147409766,0.7420292054125376,0.6716506789375212,0.07110562608773119,0.19931892986909838,0.6107567320510731,0.4582764705566399,1,1,inf,inf,0,0,0,0,0,1,1,1,2544,1261,57,0,0,0,1,1,4810,3.5,5,1
2.5,6.25,0,0,785,6.666956792429207,0,0,4,0,1,0,0,0,0,0,0,27.830000000000002,75.22,0.7991609632891037,0.5265096459249201,0.8964893155093275,0.19851359608192443,0.3929593440133239,0.22287239045714713,0.387960712556637,0.2154428014028934,0.6230719503418243,0.11471133779710296,0.5379345723602498,0.38368066979819426,0.27399830479092857,0.5884382583265466,0.0969338297793858,0.15105809017458216,0.2946599660424044,1,1,inf,inf,0,0,0,1,1,0,1,0,926,3213,322,0,0,0,0,0,785,2.5,3,0
3.7,13.690000000000001,0,0,1545,7.343426229147367,0,1,1,1,1,0,0,1,0,0,0,26.810000000000002,77.21000000000001,0.6400876572777041,0.07777747236744792,0.4030021329966722,0.4574492333601029,0.10724955637951217,0.030224357716989725,0.006850893059471619,0.3886585179463604,0.5405809292296331,0.34587967826098587,0.23376050481723853,0.1752805081113531,0.7033259274714471,0.7917585853029351,0.3197921800467418,0.7495666984654279,0.25586887513897283,1,1,inf,inf,0,0,0,1,1,1,0,0,9680,295,299,1,2,0,1,1,1545,3.7,32,0
4.5,20.25,1,0,3283,8.096817470572319,0,1,3,0,1,0,0,0,1,0,0,26.68,75.48,0.8569214460650828,0.15859898037300102,0.39368477031742355,0.7937985821179874,0.01342382981623469,0.5652975589883478,0.7621984626216656,0.12305434618793631,0.870881754190663,0.45305849116774255,0.7038900784485125,0.7736488840492988,0.8030111030392711,0.7686990221666641,0.6373128486594087,0.9599499370773106,0.9714576184483434,1,1,inf,inf,0,0,0,1,1,0,1,1,8181,2886,195,1,0,1,1,0,3283,4.5,25,1
3.1,9.610000000000001,0,0,3477,8.154212694914229,0,1,3,0,1,0,1,0,0,0,0,26.19,75.24,0.2231893941294013,0.26479186668699006,0.24236531054714772,0.47935396181153156,0.4979385305887788,0.49970874234681273,0.175919433935403,0.7160322174171759,0.17728369380745823,0.13540585243868575,0.1797868115632003,0.298201625716356,0.9019110101089768,0.5687983316357264,0.7626004262428114,0.9701081388760542,0.5420320322390273,1,1,inf,inf,0,0,0,1,1,1,0,0,4917,2752,282,0,0,1,0,1,3477,3.1,40,0
4.5,20.25,1,0,780,6.660575149839686,0,0,2,1,1,0,0,0,0,0,0,27.84,76.77,0.1455198429700708,0.6427998973408502,0.28710498507348614,0.867519907558699,0.029422518305241008,0.3198665375588797,0.2103850954093922,0.4764380383336557,0.22069448829952554,0.3331575813241846,0.3582691735921383,0.3342801802267308,0.7286199847995999,0.04507310891014005,0.6118500524846044,0.755792570872885,0.1535671412686792,1,1,inf,inf,0,0,1,0,0,0,0,1,3408,1833,47,1,2,0,0,1,780,4.5,47,1
3.6,12.96,0,0,5,1.791759469228055,1,0,1,1,1,1,0,0,0,0,0,27.66,75.15,0.07748708303949436,0.29709524606727145,0.4584475765193977,0.3421306631833744,0.6631578850699037,0.9676396072145215,0.46996601139838723,0.921308064820601,0.3491071726237174,0.08248492938045227,0.8191911907300194,0.5684131898864149,0.9666110376422011,0.6194886502745224,0.43106291440865363,0.11501006839483419,0.010585149927276105,1,1,inf,inf,0,0,0,1,0,0,0,0,5667,1931,215,1,0,0,1,1,5,3.6,20,1
2.9,8.41,0,0,2766,7.925518979786926,0,1,3,0,1,0,0,0,0,0,0,26.94,77.58,0.7956333234229925,0.26301503640425683,0.15359782888412932,0.4704278315813787,0.7451660431210099,0.2597614291140752,0.525435338155523,0.16967795868503743,0.22194372647738714,0.8902758446515299,0.06837555336785206,0.40934944026135367,0.877424939465275,0.708424386268947,0.53999775805986,0.6528906484390506,0.8202606266140823,1,1,inf,inf,0,0,1,0,1,0,1,0,9607,4368,72,0,0,1,0,1,2766,2.9,40,1
3.8,14.44,0,0,644,6.4692503167957724,0,0,1,1,1,0,0,1,0,0,0,26.63,76.34,0.9858226156325046,0.5980235559592979,0.8300876678411835,0.06534290784357222,0.9366296527338469,0.8071406354800595,0.7132414068978922,0.3062486640743076,0.950104172767062,0.4726382908945016,0.7920237415359391,0.6284907698085382,0.8366236209676792,0.3669460928298163,0.5344574412712311,0.5728081963234355,0.7042683571500173,1,1,inf,inf,0,0,1,1,1,0,0,1,6053,2147,22,1,0,0,1,0,644,3.8,24,0
3.0,9.0,0,0,4804,8.477412321404392,0,1,2,1,1,0,0,0,0,0,0,27.38,75.16,0.7623785773522235,0.1642575674464012,0.9780695068663667,0.10618555299590904,0.5575945581779889,0.9947943440030655,0.6096199155354578,0.6118325264922857,0.06325846952806558,0.7055156996554214,0.8201981031883104,0.9663765040446264,0.053919231308445004,0.4076402286946169,0.7845772717075427,0.17540852295581189,0.09513924438823318,1,1,inf,inf,0,0,1,1,0,1,1,0,8700,1372,96,1,0,1,0,1,4804,3.0,18,0
3.0,9.0,0,0,2962,7.993957547573565,0,1,2,1,1,0,0,1,0,0,0,26.38,77.78,0.23111644512114649,0.13816024030718344,0.2551682527535626,0.5282559015439613,0.14380697984560475,0.15955260828980633,0.3473491947917423,0.19813931370062376,0.7280828558606872,0.3435456144889434,0.46608632265859107,0.2200394859975876,0.15745917105295715,0.6007768147200516,0.9689279267560028,0.3186393404098633,0.48410622504543,1,1,inf,inf,0,0,0,1,0,0,0,0,9997,2236,250,1,0,0,1,0,2962,3.0,29,1
3.2,10.240000000000002,0,0,1158,7.055312843339752,0,1,2,1,1,0,0,0,0,0,0,26.84,75.03,0.04345165148057217,0.994207047358094,0.9913536981680484,0.6955788441604562,0.2066993942045784,0.286131689306218,0.06776647660071367,0.3241869483603461,0.36621941873703046,0.8213847707498453,0.8067541709288504,0.8723478364370825,0.8266749605245718,0.7949948182622503,0.19017285964123842,0.21301143062958117,0.4491823961576803,1,0,inf,inf,0,0,1,1,1,1,0,1,7215,4418,21,1,0,1,1,1,1158,3.2,47,0
4.6,21.159999999999997,0,0,295,5.69035945432406,0,0,1,1,1,1,0,0,0,0,0,27.02,75.09,0.7312971190428029,0.34173010507093926,0.8858632558580217,0.9207266766369783,0.714574011651638,0.99117864156806,0.9086534392790637,0.6721290304340053,0.7788031243014804,0.6560599051768167,0.5408943852483507,0.5116663701118518,0.4250669541696037,0.2501727309697136,0.26341982784293083,0.6043796862464921,0.8586849623345775,1,1,inf,inf,0,0,0,1,0,0,0,1,5854,79,132,0,0,1,0,0,295,4.6,20,0
3.0,9.0,0,0,4511,8.414495793177895,0,1,3,0,1,0,0,0,0,0,0,26.8,76.0,0.6292039501504016,0.009600458884332808,0.5057951951023042,0.09030228666049145,0.23897018318840346,0.4949533908351582,0.9522284405492051,0.793168196162385,0.6574628431326499,0.8937415203850991,0.41009420372271665,0.5798889517900958,0.5952022312637455,0.2650295782284162,0.6008012416591251,0.006083926410446749,0.531461708082475,1,1,inf,inf,0,0,0,0,1,1,0,0,6261,2142,255,0,0,0,1,1,4511,3.0,23,0
3.3,10.889999999999999,0,0,1223,7.1098794630722715,0,1,4,0,1,1,0,0,0,0,0,27.88,77.19,0.6866749238129308,0.4383061784372597,0.1329358394050223,0.9392618806862505,0.6527306042075214,0.1767670729016021,0.33874905166443525,0.46203462328036604,0.5687777157514926,0.7953184672287323,0.2232084573563169,0.7969211516503877,0.0645592540217651,0.44344965406247794,0.08612162082814223,0.993250298558515,0.4271612894366985,1,1,inf,inf,0,0,0,1,0,1,1,0,9361,27,28,0,1,0,0,1,1223,3.3,10,1
3.5,12.25,0,0,4857,8.488382109562117,0,1,3,0,1,0,0,0,0,0,0,27.68,75.84,0.5489657871042423,0.6926831459035201,0.338002985439957,0.232930410040593,0.956754625002506,0.8937367793859773,0.5197070994585686,0.9019165880315845,0.6081662153774053,0.44974900814469587,0.10682490715644533,0.8231446996338382,0.22992416001279714,0.43595208742123714,0.8059088233640997,0.5273707319453499,0.7791067733752356,1,1,inf,inf,0,0,0,1,0,1,1,1,5874,2718,208,0,0,1,1,1,4857,3.5,33,0
3.4,11.559999999999999,0,0,4191,8.340933226000878,0,1,1,1,1,1,0,0,0,0,0,26.310000000000002,76.91,0.8988393236440688,0.6657601008428656,0.9213822691095719,0.462512508624927,0.11119084176710703,0.8233686832768132,0.5357642689088824,0.5825166896023288,0.8977383643288578,0.12264715802429516,0.8647099170139693,0.9632604137394166,0.6060711962440919,0.19827344802051683,0.603989574627223,0.1785534755974233,0.0683370163068493,1,0,inf,inf,0,0,1,1,0,0,0,1,1073,1564,96,0,0,1,0,1,4191,3.4,47,0
2.6,6.760000000000001,0,0,1953,7.577633832602728,0,1,2,1,1,1,0,0,0,0,0,27.64,76.23,0.6313261561056194,0.9354725131427084,0.7035402161439468,0.233556302289342,0.44464947149216905,0.323295518096699,0.3273620876565384,0.6011608753976921,0.914615602967044,0.7976567675413135,0.18801711177536728,0.7097519489561925,0.40575166566432996,0.6471479228545254,0.225381501964809,0.7398675911776648,0.7668632664308912,1,1,inf,inf,0,0,0,1,1,0,1,1,7751,783,65,1,3,1,1,1,1953,2.6,44,1
4.8,23.04,0,1,537,6.2878585601617845,0,0,2,1,1,1,0,0,0,0,0,27.580000000000002,75.01,0.022015498370006936,0.32580952533131113,0.8754121887830221,0.8932865159692842,0.587247792935636,0.4049240443698795,0.8260809215427547,0.4727726096948841,0.4846478364985043,0.06261166229675752,0.6268761676597335,0.20888148619999702,0.713661038484675,0.33654712872344117,0.5890927970451434,0.6254626724971238,0.25574845723617057,1,1,inf,inf,0,0,0,0,0,1,0,0,9237,706,31,0,3,0,0,0,537,4.8,42,0
2.9,8.41,0,0,3130,8.049107721326406,0,1,3,0,1,0,0,0,0,0,0,26.86,75.39,0.2604621352700347,0.3090972984907051,0.47268752897794397,0.8280599995983252,0.23108780960067654,0.4792284297857353,0.8532797805704293,0.006761897071014267,0.4969845955864989,0.2978379593096755,0.8562960353991058,0.6277831658429369,0.9032175668683776,0.025376251915938286,0.02016661080860649,0.20255842341000285,0.8231255402008593,1,1,inf,inf,0,0,0,0,1,1,1,0,299,2338,212,1,1,0,0,1,3130,2.9,10,1
2.6,6.760000000000001,0,0,4787,8.473868066677865,0,1,4,0,1,0,0,0,0,0,0,26.53,76.61,0.35870072594739655,0.12616453288263796,0.9976763755112226,0.015075508782413927,0.9509089532852923,0.5379570802397377,0.34586786857945206,0.5688343602774991,0.45332540409188304,0.30316758905391095,0.24584464572986586,0.13084836657786636,0.407694022770954,0.9875413102136588,0.06283408750311181,0.2597357151355436,0.7451578971776717,1,1,inf,inf,0,0,1,1,1,1,1,0,5272,4741,294,1,3,1,1,1,4787,2.6,36,1
4.0,16.0,1,0,682,6.52649485957079,0,0,4,0,1,0,0,0,0,0,0,26.22,75.81,0.21491297174328938,0.9569424950416179,0.37066312063082674,0.12608372307579807,0.8540284184164995,0.19043508895526806,0.35536111404515014,0.5429045667844421,0.19992927695869156,0.2601273730638807,0.06943595130451274,0.38087957606050704,0.5772293327714991,0.2999737459987536,0.5838720459175213,0.9541403478060719,0.3698683378979223,1,1,inf,inf,0,0,0,0,1,0,1,1,6429,986,118,0,1,1,1,0,682,4.0,20,0
4.4,19.360000000000003,1,0,2023,7.6128310304073565,0,1,4,0,1,0,0,0,0,0,0,27.37,77.43,0.8735087246323917,0.6560607161913489,0.8666445264762878,0.20174279278527052,0.07415650099197446,0.8367192030888204,0.2909777987718394,0.5813904119408052,0.11658776075454769,0.30321519111456685,0.9665548127698927,0.22071146714703482,0.860079450905227,0.37880529382117056,0.19379446383836774,0.8822152844050865,0.629011062800469,1,1,inf,inf,0,0,1,1,0,0,1,0,9646,2919,289,1,2,0,0,0,2023,4.4,43,1
3.4,11.559999999999999,0,0,1501,7.31455283232408,0,1,2,1,1,0,0,0,0,0,0,26.2,75.71000000000001,0.7558294684869686,0.8468044568065667,0.6703695810778255,0.7308195474252763,0.5941669577727189,0.864479817876252,0.9903023651867203,0.15872028649430103,0.805418640330165,0.010260109653404959,0.9369121124679991,0.8536033049201183,0.1312959806450813,0.5851749466841082,0.8396530295247606,0.1384272630123985,0.5200774107143995,1,1,inf,inf,0,0,1,1,1,1,1,0,3285,3150,72,0,3,1,1,1,1501,3.4,46,1
3.4,11.559999999999999,0,0,1982,7.592366128519796,0,1,2,1,1,1,0,0,0,0,0,26.2,75.75,0.34170880550456484,0.47025624110299713,0.42491500684326633,0.5456786352072523,0.10792409032951422,0.7670773113655773,0.10435556809545143,0.03620118328391819,0.07576766520423339,0.03338351447019128,0.8029792236152599,0.3260317246297295,0.9833990011147508,0.3106919565064079,0.8770712312494904,0.8895265216962686,0.04124268822990218,1,1,inf,inf,0,0,0,1,1,0,0,0,9050,3977,249,1,3,1,0,1,1982,3.4,18,0
3.4,11.559999999999999,0,0,4676,8.450412157725886,0,1,1,1,1,0,0,0,0,0,0,26.48,77.32000000000001,0.9525594165477989,0.7458320536108134,0.3017135161040998,0.813200497991011,0.738974933530772,0.7813221709899102,0.23201959298213393,0.03066434766250825,0.7010717104352061,0.8291962367394485,0.863124645974726,0.6797228543958815,0.5613174761737243,0.17246295569248404,0.5810481861759886,0.9610694940827951,0.6405965331934309,1,1,inf,inf,0,0,0,1,1,0,1,0,8652,1827,77,1,1,0,1,0,4676,3.4,21,1
2.6,6.760000000000001,0,0,4582,8.430109084509125,0,1,1,1,1,0,0,0,0,0,0,26.22,77.96000000000001,0.6641639303974829,0.3534483363805677,0.44384451213608767,0.8078638821289651,0.3266318534593122,0.6080669946042186,0.1250228139711732,0.39671197095517163,0.6364166636488074,0.5026522695905625,0.880268780008274,0.47993651093889433,0.7562030168714351,0.8204045097444221,0.9170588813472765,0.21263020824882262,0.9321669900673223,1,1,inf,inf,0,0,1,0,0,0,0,1,294,678,332,0,2,0,1,1,4582,2.6,47,0
2.7,7.290000000000001,0,0,4547,8.422442854870427,0,1,4,0,1,1,0,0,0,0,0,27.2,76.07000000000001,0.7277557100302365,0.7748764276381396,0.3604638620586428,0.7275412712226874,0.2832704561195073,0.685667874030198,0.9802251829504414,0.14873354368572567,0.6320483510883821,0.12091236089600921,0.981882778318652,0.6622523821379387,0.04204346725543251,0.898948240407854,0.045736893409539126,0.6725500559592671,0.2299394999235651,1,1,inf,inf,0,0,1,1,0,0,1,1,4476,4730,105,1,0,1,1,1,4547,2.7,8,0
4.1,16.81,1,0,2463,7.80954132465341,0,1,2,1,1,0,0,0,0,0,0,26.16,76.35000000000001,0.5060702989682718,0.17578730391511954,0.8409488659770491,0.7970210575528897,0.06383770414000367,0.03790833809572114,0.668468689211407,0.5292733261241829,0.35091037497110955,0.6156643025261468,0.3425904654283761,0.45074393285238357,0.5079164177598776,0.5743714986595527,0.14917190147124337,0.572421567526402,0.19030095507149303,1,1,inf,inf,0,0,1,0,0,1,0,0,2977,4450,33,1,1,0,0,0,2463,4.1,10,1
3.1,9.610000000000001,0,0,4075,8.312871394342615,0,1,3,0,1,0,0,0,1,0,0,27.97,75.15,0.2891383378640877,0.7378883782034542,0.2511951865740124,0.705830038174604,0.7981511050629655,2.8290937123531812e-05,0.15659092361460913,0.4419337536491287,0.8815556086630962,0.9043394084729214,0.5132409083388789,0.8718756234150277,0.7553213927630262,0.12845730116584997,0.22337917917277916,0.9440643111567987,0.362005749105372,1,0,inf,inf,0,0,1,1,1,0,0,0,8138,3132,331,0,1,0,1,1,4075,3.1,3,1
4.8,23.04,0,1,1935,7.568379267836522,0,1,2,1,1,0,0,0,0,0,0,27.12,76.72,0.15300882298152974,0.2668808267956989,0.7987259746419307,0.85083146313496,0.7345523871742545,0.21570571196920862,0.7931580988025648,0.16729211874190553,0.36489609703853254,0.3090416801335477,0.2606895691816342,0.0009557721739408276,0.5361922865670127,0.7083974063778821,0.7298385919993005,0.5943444430237201,0.1680713590811712,1,1,inf,inf,0,0,1,1,1,1,0,0,8171,4247,106,0,2,1,1,1,1935,4.8,45,0
2.6,6.760000000000001,0,0,4203,8.343791731996841,0,1,4,0,1,0,0,0,0,0,0,26.14,77.53,0.8400865288562802,0.5643065353570487,0.022785803526676363,0.7961576901389532,0.4326910594129696,0.7622275104086639,0.2241655133798084,0.347182215356032,0.746681351950296,0.7192918502280834,0.728961497254358,0.24240530704450858,0.5223540457384682,0.43726307625465455,0.9448142012993285,0.3056024489928263,0.0035346221928593824,1,0,inf,inf,0,0,0,0,0,0,1,1,3612,3536,149,1,1,0,0,0,4203,2.6,27,1
4.3,18.49,1,0,4367,8.38206051742474,0,1,4,0,1,0,1,0,0,0,0,27.150000000000002,77.96000000000001,0.8096317069780371,0.7649486868790064,0.32035897115656686,0.27494781792526823,0.28407908231131285,0.13942703080109786,0.42452618369862116,0.7971762994096646,0.10304261349878963,0.9566938905988043,0.8340028130826641,0.6548941729242383,0.021390503947463335,0.7249590936174922,0.2050642473637505,0.2733787631718415,0.9067803635174646,1,1,inf,inf,0,0,1,0,1,1,0,1,5575,79,283,0,1,0,1,0,4367,4.3,8,0
4.2,17.64,1,0,854,6.75110146893676,0,0,1,1,1,0,1,0,0,0,0,27.28,77.17,0.5626218543780088,0.8646240162616652,0.525788081112431,0.9254199545417571,0.3324457975278592,0.3884245046181417,0.477107451683195,0.1507191527341546,0.3203996223730694,0.40167687740586955,0.24133379739115846,0.22767174830424164,0.38790362941487533,0.8740266869833255,0.14301783848998562,0.8553858133255193,0.5061168031525254,1,1,inf,inf,0,0,1,1,1,1,0,1,3682,4077,148,1,1,1,0,1,854,4.2,6,1
4.1,16.81,1,0,2680,7.893945138235959,0,1,4,0,1,0,0,0,0,0,0,26.1,75.2,0.7888872843730106,0.3131364482658855,0.7548342451532596,0.2370353148564167,0.2151916607970955,0.5249735508500301,0.8490668153603557,0.9342737953189453,0.18087652872351612,0.81636306866497,0.9470496914058782,0.9723746688078334,0.32377006172478207,0.2773565847759485,0.14242570721196446,0.21480059042741706,0.25123638951560956,1,1,inf,inf,0,0,0,1,0,1,0,1,8251,1419,9,0,0,0,1,1,2680,4.1,1,0
3.8,14.44,0,0,308,5.733341276897746,0,0,2,1,1,0,0,0,0,0,0,26.75,75.36,0.010780137043530202,0.315396971203889,0.8501355279539531,0.8044505488058937,0.22980104150167613,0.2767746018399142,0.7126930924447393,0.23785654308699888,0.9174137593720094,0.9137067336479083,0.862302249171412,0.551983211705466,0.4860620977336708,0.9171511519501956,0.39739750696967635,0.17653581983218725,0.957601515182698,1,1,inf,inf,0,0,0,0,0,1,1,0,9079,4600,141,1,1,1,1,1,308,3.8,10,1
3.0,9.0,0,0,1945,7.57353126274595,0,1,1,1,1,0,0,0,0,0,0,27.44,77.68,0.5646209028686328,0.19131752966501592,0.5969996083796751,0.356452983997536,0.004062173861128948,0.1477490787614716,0.19227710131537412,0.837975936393408,0.7115897745145233,0.4749606561461449,0.9950178951056796,0.32738272941521684,0.8924651238604951,0.7482501448628947,0.26871662488999115,0.6313496657202807,0.42792106918385564,1,1,inf,inf,0,0,1,1,0,0,0,1,3062,116,106,1,1,0,0,1,1945,3.0,5,1
3.7,13.690000000000001,0,0,3422,8.138272638530186,0,1,1,1,1,0,0,0,0,0,0,26.28,75.4,0.22078469758024744,0.6866290117099364,0.637613783472373,0.8452257106252807,0.6491811476216908,0.3847597649335738,0.061024193083529354,0.35473099738667857,0.27030855120984887,0.6750653374740588,0.13231895867520638,0.2918476775897866,0.2107218559060029,0.01615974964569633,0.4315202994524614,0.639745360042814,0.697128130540678,1,1,inf,inf,0,0,1,1,0,0,1,1,7147,1910,4,1,1,1,1,0,3422,3.7,48,0
4.7,22.090000000000003,0,0,3102,8.04012466444838,0,1,2,1,1,0,0,0,0,0,0,26.97,75.81,0.8555064432318236,0.7058647971178673,0.3716164587612313,0.7308873341895338,0.2995237053550305,0.9219780439607882,0.9727056136940062,0.32281091356122493,0.6788583378333952,0.9634482438986003,0.09812645821041344,0.1917938207747727,0.8198552611815695,0.9686784877169407,0.46313779305945024,0.27767422097013816,0.4681967937976763,1,1,inf,inf,0,0,1,1,0,0,1,0,1921,764,312,1,2,1,1,0,3102,4.7,5,0
3.3,10.889999999999999,0,0,2556,7.846589975291186,0,1,2,1,1,0,1,0,0,0,0,26.21,77.53,0.07461930856800203,0.5384206595691258,0.37046642965082366,0.61943866045578,0.2330937846240123,0.7351422359133873,0.21186351810988224,0.08438035685554401,0.749059872986968,0.15101253481259658,0.25454126303698277,0.18494799044968502,0.15057923916643667,0.3189945175433657,0.33373015045923593,0.3350213989031118,0.903722975673228,1,1,inf,inf,0,0,0,1,1,0,1,1,3256,2398,60,1,0,0,0,1,2556,3.3,8,1
4.6,21.159999999999997,0,0,2532,7.837159650001675,0,1,3,0,1,1,0,0,0,0,0,26.94,77.35000000000001,0.955668143424265,0.3196639522253062,0.6451678863423759,0.3488754895189101,0.6118203070819652,0.009499023976916043,0.4819155839321946,0.20884678717237626,0.09220725169315624,0.0951115773251564,0.8138347583844454,0.2559219107426909,0.5111374653574698,0.8088502100821303,0.40625910031737733,0.5216201703455315,0.6998894772957639,1,1,inf,inf,0,0,0,0,1,1,0,1,3369,822,328,0,2,1,0,1,2532,4.6,22,1
3.8,14.44,0,0,211,5.356586274672012,0,0,2,1,1,0,0,1,0,0,0,26.490000000000002,75.18,0.9705334969590347,0.175300508195825,0.08885979615170014,0.5974048978546425,0.5985267690381364,0.37150426091839606,0.752182997851545,0.9730288982388887,0.7202752388947044,0.10526012754719505,0.2489184571745191,0.7576360439235195,0.33235507334722736,0.8364614180966109,0.9288683463076174,0.9100921001192718,0.27973573988271505,1,1,inf,inf,0,0,0,1,0,1,1,0,7671,3984,154,0,2,1,1,0,211,3.8,10,1
3.7,13.690000000000001,0,0,2837,7.950854857719988,0,1,3,0,1,0,0,0,0,0,0,26.92,75.42,0.432559069741018,0.4432891038968877,0.050515671901964376,0.19441361574289806,0.6956061128733723,0.3468893565575141,0.048388927341621146,0.3169771174836168,0.9119051173905235,0.7330930975534123,0.8703832856300839,0.7119754047108274,0.7901742059533496,0.025518982109840715,0.5992155357120051,0.9943951407330012,0.23906368572748427,1,1,inf,inf,0,0,1,0,1,1,0,1,1498,3395,346,0,1,0,0,1,2837,3.7,1,1
4.2,17.64,1,0,4382,8.38548870041881,0,1,3,0,1,0,0,0,0,0,0,27.59,75.56,0.7914611361933757,0.4229591856493782,0.1521383183770254,0.5994461888504913,0.47610513462887305,0.10571886277312736,0.8601760846236064,0.08954098683529643,0.9317193701230375,0.934198908300751,0.5423121488413067,0.11285090519853991,0.12142451068043658,0.6427108030545866,0.87612266077569,0.893842619754892,0.3347880818911564,1,1,inf,inf,0,0,1,1,1,1,0,1,6017,3283,45,0,3,0,0,0,4382,4.2,15,0
2.9,8.41,0,0,1545,7.343426229147367,0,1,3,0,1,1,0,0,0,0,0,27.6,75.60000000000001,0.13205443314127596,0.3223856660443061,0.35492313490778227,0.6074021471907957,0.19306325294011273,0.5315850289872887,0.10688423971861138,0.709629526153928,0.7039814221737519,0.7101044114718181,0.6126247445348736,0.04552191326335753,0.16841062431158615,0.8724248332110583,0.33355187418003773,0.35123696424164164,0.18873000512345284,1,0,inf,inf,0,0,1,1,1,0,0,1,4860,2863,297,0,1,0,0,0,1545,2.9,24,0
2.9,8.41,0,0,1061,6.967909201801884,0,1,4,0,1,0,0,0,0,0,0,27.900000000000002,75.96000000000001,0.3984190191852438,0.18519624314797223,0.5511821523400393,0.45440095509971323,0.3989510604955009,0.7124502100458852,0.8529177665907521,0.7503637779998671,0.1419067183017897,0.9214183599587913,0.9979708658018643,0.5952884252710332,0.6835332616333383,0.5113122872251595,0.7847777245694806,0.4707907714199435,0.4672680349922387,1,0,inf,inf,0,0,0,1,0,1,1,1,5675,2576,354,0,3,0,1,0,1061,2.9,29,1
4.1,16.81,1,0,2355,7.764720544771477,0,1,1,1,1,1,0,0,0,0,0,26.62,76.76,0.26859762743055526,0.8798261637205258,0.8225425901292258,0.3521770558497177,0.49344041122573523,0.5790516151915488,0.6615057334318983,0.13881182345818366,0.8417526226161989,0.631559315836387,0.17897029312296275,0.8769516577979906,0.24219034838733,0.9445128637132914,0.5467464609368632,0.5097062971105345,0.3147981299457637,1,1,inf,inf,0,0,1,1,0,0,0,0,8119,1677,174,1,1,0,0,1,2355,4.1,46,0
2.6,6.760000000000001,0,0,4679,8.451053388911692,0,1,1,1,1,0,0,0,0,0,0,26.2,76.56,0.887533486506774,0.033884333150252965,0.8648963277747783,0.8236019786492396,0.4903585546276087,0.5393286464648263,0.07947588613750389,0.49624578043655554,0.38294560984716686,0.4005087827485422,0.07965071465649798,0.831369450818008,0.06374639491625789,0.013874944245512166,0.551083412735307,0.7854198621485847,0.31190260787707635,1,1,inf,inf,0,0,1,1,0,0,0,0,2074,4738,252,1,3,0,1,1,4679,2.6,44,1
4.4,19.360000000000003,1,0,1068,6.974478911025045,0,1,2,1,1,0,0,0,0,0,0,26.330000000000002,76.71000000000001,0.7325121784397373,0.8513766810365643,0.15854763017140094,0.010361312944238588,0.37978564307190976,0.0017787931169852556,0.9547689229717956,0.8173608422893126,0.2143842173165078,0.1792132088843419,0.6586322215327306,0.7008685197712167,0.7993158686010797,0.37183797758792536,0.8260615122822922,0.6312307996204259,0.3609700615626569,1,1,inf,inf,0,0,0,0,0,1,0,1,4506,3477,216,1,1,1,0,0,1068,4.4,37,0
2.9,8.41,0,0,72,4.290459441148391,1,0,4,0,1,0,1,0,0,0,0,27.2,77.99,0.8820055589721363,0.8943860900573247,0.6324017491946783,0.5496113279769127,0.7742087019102438,0.8484613852399219,0.052005465156705455,0.008115994589290909,0.2367844221811548,0.6726726826166184,0.6491765677710871,0.7370684079039159,0.17373476076091998,0.98006208496887,0.11360298571868721,0.22764861052085494,0.6349417995314514,1,1,inf,inf,0,0,1,0,0,0,0,1,6582,1329,315,0,0,0,0,1,72,2.9,22,0
3.9,15.209999999999999,0,0,4267,8.358900612421644,0,1,4,0,1,0,0,1,0,0,0,26.42,76.48,0.27586794996980735,0.27724296946003024,0.3961211015791365,0.8096679430158893,0.33480010102737723,0.6463067088514388,0.020270365262334056,0.8876604139630536,0.8689237932793042,0.2588239928626327,0.06276044294097916,0.5290124140280776,0.1639405091390863,0.9523071383571383,0.9947857989694535,0.05509229176127728,0.308394394919294,1,1,inf,inf,0,0,1,0,0,1,0,1,7137,1609,255,1,0,1,1,0,4267,3.9,45,0
3.8,14.44,0,0,3602,8.189522110748094,0,1,1,1,1,0,0,0,0,0,0,26.86,75.55,0.4917236018286354,0.44077245339332705,0.7533311531234209,0.13606228252363894,0.5696306262887196,0.9983334798479742,0.18739796835196776,0.6834254464646637,0.8756251426972467,0.25957656546913077,0.5295571491625566,0.2722131679390274,0.2452506831932717,0.23078422982797708,0.471309789234838,0.8404283355357884,0.1575914030278902,1,1,inf,inf,0,0,0,1,1,0,0,1,997,854,125,1,3,0,1,1,3602,3.8,4,0
3.5,12.25,0,0,3103,8.04044688130311,0,1,3,0,1,0,0,0,0,0,0,26.13,75.92,0.6951096624664146,0.26701421049578133,0.10310032363453736,0.12937340337802417,0.1503401369808932,0.44152487759448833,0.46458100228962573,0.28567913763827524,0.6900840852927105,0.8795458033243957,0.9272919103394658,0.7142650452540282,0.2907258042621611,0.4227079894085948,0.08613657553077902,0.5804889477494632,0.46937862400398456,1,0,inf,inf,0,0,1,0,0,1,1,0,7203,401,207,0,1,0,0,0,3103,3.5,1,0
2.8,7.839999999999999,0,0,3275,8.09437844497296,0,1,4,0,1,1,0,0,0,0,0,27.37,76.76,0.555019194788044,0.7607730603426072,0.7783662003825688,0.6544171105101085,0.9843407420813489,0.9710239719843322,0.35157217483694236,0.0029824063761260122,0.9896143009005719,0.45558620018876284,0.7761615456851856,0.6022780755353031,0.10318349318831299,0.29106186105119225,0.5513403406479568,0.38524834646430417,0.46631825837728524,1,1,inf,inf,0,0,0,1,1,1,1,0,3143,4475,225,1,2,0,0,1,3275,2.8,18,1
2.7,7.290000000000001,0,0,3448,8.145839612936841,0,1,1,1,1,0,0,0,0,0,0,26.05,76.64,0.16905470209812323,0.31686341450508715,0.7556862144648464,0.9436684476473618,0.4252802071298064,0.2802506349974695,0.6194437697407822,0.8197097730866928,0.3381279259719201,0.7628226151635126,0.5662606518443061,0.6470810172306043,0.0014481556561869446,0.8072847129877389,0.449085700527323,0.1409519705156863,0.7819648061082527,1,1,inf,inf,0,0,0,1,0,0,0,1,3501,277,309,1,2,1,0,1,3448,2.7,25,1
4.3,18.49,1,0,2906,7.9748769005588755,0,1,3,0,1,0,0,0,1,0,0,26.23,77.28,0.8754963501395064,0.723029172870706,0.8455042163421517,0.9058622191867387,0.6090641176721696,0.2500046240581496,0.9467968874131379,0.9433527680164413,0.8484714393439104,0.2442191110010089,0.8960527149306726,0.056090410796652,0.3316845053786859,0.8911406842973422,0.16023035280786357,0.858640022885437,0.32684471816169025,1,1,inf,inf,0,0,0,1,1,0,1,1,2610,2062,273,1,1,1,0,1,2906,4.3,6,1
3.9,15.209999999999999,0,0,1227,7.113142108707088,0,1,1,1,1,0,0,0,0,0,0,27.25,76.84,0.21140884743057564,0.22410979837610046,0.386451151143658,0.16471349245800537,0.42755224004800607,0.7749589101233029,0.621512939138987,0.6416070626404095,0.2610218150112358,0.8071294711341815,0.8679932458270726,0.03583510121483613,0.46217818100327523,0.544665164241137,0.9629987783584457,0.5075917735748683,0.7041408766162277,1,0,inf,inf,0,0,0,1,0,0,1,0,9077,671,320,0,3,1,0,0,1227,3.9,10,0
3.2,10.240000000000002,0,0,2409,7.787382026484701,0,1,2,1,1,0,0,0,0,0,0,27.580000000000002,76.60000000000001,0.011011665909157142,0.9488644100263752,0.2071077863963834,0.11774423921961996,0.08804634367172748,0.35367372937531016,0.43065006230066605,0.046221088155970036,0.38180199407200466,0.560984431432755,0.27357936915360204,0.43062487988470344,0.7756135794628665,0.7694333095960463,0.2873896410279352,0.7446716022827056,0.8957458281109908,1,1,inf,inf,0,0,1,1,1,0,1,0,3834,4950,220,1,3,1,1,1,2409,3.2,22,0
2.6,6.760000000000001,0,0,351,5.863631175598097,0,0,1,1,1,0,0,0,0,0,0,27.07,76.46000000000001,0.9196440008777039,0.015967843808685434,0.38200507857238575,0.32712232476674463,0.7623170228535351,0.47962381183087455,0.5245703248071117,0.12216945831181503,0.14412811776834844,0.6842975656040059,0.43465621185202163,0.4768116318999852,0.7307417930411255,0.09510604167950798,0.5818272484442905,0.3642442529557648,0.1024871224155035,1,1,inf,inf,0,0,1,1,1,0,0,1,4072,1943,283,1,2,1,1,1,351,2.6,8,1
2.9,8.41,0,0,2294,7.738488122494646,0,1,2,1,1,0,0,0,0,0,0,27.26,77.31,0.5683305248469058,0.14008166178167714,0.5659059010857249,0.3939613594772906,0.16481146754600406,0.8023294765283695,0.9917913273906576,0.0786045705602264,0.919508640227478,0.49642180666919955,0.93766095039778,0.7841635363883792,0.7495705766259467,0.7735892923391199,0.5309229047629804,0.6919749258386171,0.5971876193624592,1,1,inf,inf,0,0,1,0,1,0,0,1,69,3792,101,1,2,1,1,1,2294,2.9,35,0
3.5,12.25,0,0,4587,8.431199478249262,0,1,1,1,1,0,0,0,0,0,0,27.39,77.0,0.495241584344412,0.5701439307607893,0.3094413705774187,0.045992243135854705,0.27621698856643995,0.9307078654710954,0.8385189556058792,0.4950792275041609,0.3269458416725366,0.8852299766082385,0.5993894796765102,0.32043191876920096,0.2629166048030328,0.7052676408662965,0.8018143784192819,0.7631152403952468,0.030319654894998327,1,1,inf,inf,0,0,0,1,0,1,1,0,2179,955,91,1,0,0,1,1,4587,3.5,5,0
3.8,14.44,0,0,3207,8.073402968986406,0,1,4,0,1,0,0,0,0,0,0,26.75,77.36,0.24081897173436229,0.05028285439525659,0.6789586020424125,0.7844737678613769,0.319719645272066,0.529220700927611,0.37534870847744184,0.4890767327208304,0.6991773945882351,0.6090496552307663,0.508985360729237,0.2227597417280368,0.8076822980739805,0.31405511092435123,0.052200597507979674,0.530848284490642,0.744063876266329,1,1,inf,inf,0,0,0,1,0,1,1,0,8561,4410,209,0,3,0,1,1,3207,3.8,42,0
4.9,24.010000000000005,0,1,1182,7.075808863978387,0,1,3,0,1,0,0,0,1,0,0,27.650000000000002,76.81,0.3946764863231055,0.4484396665072655,0.8987587559125632,0.4898094980789479,0.3372735273606947,0.10055163682703794,0.4069780354524424,0.8820244144152883,0.4205673242794499,0.7221250558287825,0.3274247849595583,0.2249292020925876,0.8797219673673994,0.8355471464390722,0.0967645902095623,0.9727273474422995,0.13856820371918765,1,1,inf,inf,0,0,1,0,0,1,1,0,2292,3896,28,1,0,1,0,0,1182,4.9,23,1
2.6,6.760000000000001,0,0,1962,7.5822291942764615,0,1,2,1,1,0,0,0,0,0,0,26.35,76.4,0.29923637234334644,0.6999488337797676,0.4281743439782111,0.9644685374093596,0.7290677558540178,0.31720289731945384,0.48094372271093433,0.5351518677938907,0.27248721204668747,0.09583617715834314,0.309969988738094,0.9213094496166679,0.5384362880893041,0.8689912911722263,0.388096589062374,0.5073860325652704,0.15619001263913057,1,1,inf,inf,0,0,1,0,1,0,0,0,5140,4712,336,0,2,1,1,0,1962,2.6,39,0
3.1,9.610000000000001,0,0,3738,8.226573474977114,0,1,2,1,1,0,0,1,0,0,0,26.080000000000002,77.46000000000001,0.2065170606739818,0.05587867531950852,0.20428781297068754,0.3956671137140909,0.302911952902187,0.6236439208525556,0.21432435057338695,0.0197543785976948,0.2023255576099482,0.4934655337756668,0.9785473787475865,0.6604513859645229,0.8759018327428181,0.3466911215329245,0.3355340639682616,0.03614297889315199,0.8954776257013569,1,1,inf,inf,0,0,0,1,1,1,1,0,9098,1579,330,0,3,0,0,0,3738,3.1,31,0
2.6,6.760000000000001,0,0,3548,8.174421152646497,0,1,3,0,1,1,0,0,0,0,0,26.89,77.74,0.6127674132382529,0.9783191736103899,0.5270518750262262,0.14697925508512466,0.9157767223165899,0.7881597652616228,0.6729411402827643,0.91064996007701,0.0849559330426578,0.41149598888714634,0.24715762704457378,0.3640405292732437,0.5171247515997401,0.4660177977190252,0.18020128087127596,0.760525551425294,0.564669508642757,1,1,inf,inf,0,0,1,1,1,0,1,0,9514,3000,291,1,1,0,1,1,3548,2.6,36,0
3.9,15.209999999999999,0,0,4739,8.463792414689122,0,1,3,0,1,0,0,0,0,0,0,27.45,76.64,0.13219581159629812,0.007772976218871186,0.2619657197916865,0.28109591717447313,0.4550326874274112,0.5107204597878929,0.9467793212471196,0.3103925718552839,0.8162216139558806,0.6651261621697927,0.415456245797878,0.08347817397571433,0.47380163796140506,0.9770697019300266,0.5557648140971008,0.9869800124994432,0.7723455175549202,1,1,inf,inf,0,0,0,1,1,0,0,0,2902,2024,126,0,3,1,1,1,4739,3.9,48,1
3.3,10.889999999999999,0,0,54,4.007333185232471,1,0,3,0,1,0,0,0,0,0,0,26.17,75.02,0.9337343419113783,0.772408571411675,0.3542579968776477,0.6260199455464103,0.7686074102929994,0.21678149732242236,0.3244792757885213,0.6106234665387673,0.9887368848544509,0.5567009281543226,0.7323180634256173,0.42210365687453666,0.3100845288875078,0.6848420473966096,0.7091433444680766,0.4410016723832487,0.37931341111731687,1,1,inf,inf,0,0,0,0,0,1,1,0,5564,2989,196,0,2,0,1,0,54,3.3,47,0
5.0,25.0,0,1,3852,8.256607344626158,0,1,3,0,1,0,1,0,0,0,0,27.82,75.5,0.33353180000816574,0.9899166671701223,0.14370895877233325,0.9823156865160177,0.35500936535206773,0.41237368530498375,0.15119136731490979,0.9436772251011658,0.8920688099120522,0.04449164441416653,0.7925757262456155,0.1397190179862362,0.2151500259361956,0.5224364709746239,0.4013003033875361,0.2718998563446956,0.5356603567584903,1,1,inf,inf,0,0,1,1,1,1,0,1,1097,4953,23,1,2,0,1,1,3852,5.0,6,0
3.2,10.240000000000002,0,0,1621,7.3914152346753585,0,1,2,1,1,0,0,0,0,0,0,26.96,77.26,0.28396352644432565,0.24418927739663898,0.7165372290782125,0.6391513005724598,0.0507139095048692,0.927571288857813,0.2675881428327903,0.8495742656154488,0.5080986160784964,0.36049776003120637,0.7896325805181214,0.9266489049269213,0.6135136581663405,0.7529259520775433,0.22782559639756983,0.9182867252082829,0.049116979853463305,1,1,inf,inf,0,0,0,0,1,0,0,0,6899,4597,157,1,0,0,0,0,1621,3.2,9,0
4.0,16.0,1,0,2631,7.875499292445208,0,1,4,0,1,0,0,0,0,0,0,26.41,77.64,0.9203358925054692,0.880804175889757,0.6363675939854125,0.17977787634377584,0.9290957447124824,0.23140497805806615,0.20989413137141055,0.5034925084050255,0.14133438744509952,0.6388890156488671,0.8251946150741585,0.25906239775145956,0.49774077994057,0.742861148822312,0.8889086745998412,0.9365247397765767,0.31232724133867684,1,1,inf,inf,0,0,1,0,0,1,0,1,6753,543,138,0,2,1,1,1,2631,4.0,45,1
4.5,20.25,1,0,3594,8.187299270155147,0,1,4,0,1,0,0,0,0,0,0,26.37,76.28,0.8701989850616628,0.22623581257089254,0.6447467993995999,0.33779247247250466,0.9785835816290637,0.12941608501385726,0.33160480006262893,0.7399842789752502,0.7149785324575624,0.21094278204672756,0.7184884667229469,0.02165669512875723,0.0542917526673814,0.17891084607918017,0.12678924251680568,0.48807047346695853,0.0882089008587763,1,1,inf,inf,0,0,0,1,0,0,0,1,9851,649,197,0,2,1,1,0,3594,4.5,11,0
4.4,19.360000000000003,1,0,4763,8.46884293047519,0,1,1,1,1,0,0,0,0,0,0,26.52,77.94,0.658350478080686,0.34617578520218006,0.7961142579249807,0.2551549359281092,0.5840149370085741,0.9821149176309725,0.38732717066376476,0.38191160212987396,0.8903017713561632,0.3089235750370043,0.4477937869138041,0.5350567855065878,0.6952856758239006,0.13673992890303488,0.461277334448693,0.713996868503142,0.6810976943607069,1,1,inf,inf,0,0,1,0,0,0,0,0,5011,3449,273,0,1,0,1,0,4763,4.4,32,1
2.7,7.290000000000001,0,0,3083,8.03398273468322,0,1,4,0,1,0,0,1,0,0,0,26.14,76.43,0.9467822074367878,0.7518850487767165,0.9106286060685646,0.22375841839815924,0.04037492167774037,0.6314537256325108,0.9112098459978561,0.8524771673167746,0.21749191468412554,0.6131573163555881,0.6783111052465528,0.06484234031242775,0.41951027812933506,0.15541804090643196,0.12156087195181009,0.9192755229068758,0.8448981846266681,1,1,inf,inf,0,0,1,1,0,1,1,0,2375,1141,212,1,2,0,1,0,3083,2.7,31,0
2.8,7.839999999999999,0,0,1347,7.206377291472252,0,1,1,1,1,0,0,0,0,0,0,26.25,75.36,0.9491686037102507,0.5563494850081468,0.8219749199034596,0.699606518582597,0.38213682885032263,0.9884011127580764,0.1945629446170365,0.20177732506253532,0.08666457370484282,0.2439572143978327,0.37201002673267447,0.44444708546468303,0.3585953828280549,0.011133562312422907,0.5307382450332682,0.6687716148336776,0.03422226051921973,1,0,inf,inf,0,0,0,1,0,1,0,1,2420,4203,315,0,1,0,0,0,1347,2.8,29,0
3.9,15.209999999999999,0,0,2944,7.987864096085687,0,1,4,0,1,0,0,0,0,0,0,27.29,76.42,0.1282468058354429,0.9885397886959011,0.9239080122227912,0.41845559894172024,0.5170876681372369,0.2130735157696123,0.9548340310291046,0.4733425555534727,0.8446143170481313,0.4272612399508541,0.4861731728751981,0.15188526117829637,0.42633130644031925,0.5981401072577768,0.20668310015726765,0.43548620429762774,0.22420304403543878,1,0,inf,inf,0,0,1,0,1,1,0,1,2943,1867,82,0,3,1,0,0,2944,3.9,44,0
2.7,7.290000000000001,0,0,3606,8.19063168090354,0,1,4,0,1,0,0,1,0,0,0,26.62,75.37,0.9524474735723494,0.29330642738880286,0.013078692586475649,0.7302747197817495,0.7220951141510318,0.5652841340186512,0.4417439269481125,0.2596904021420826,0.7714798468628308,0.13491039224708923,0.5214154864423973,0.5351058686162425,0.20936440207390505,0.018911270379077583,0.716569156143,0.6384792207944671,0.12526228263069372,1,1,inf,inf,0,0,0,0,1,0,1,1,8106,4919,343,0,1,0,1,0,3606,2.7,25,0
3.8,14.44,0,0,1598,7.377133712833954,0,1,3,0,1,0,0,0,0,0,0,27.810000000000002,77.14,0.9175501887173627,0.9401641554091021,0.9942685141103748,0.9351228636752791,0.2693409778826319,0.9222919874462533,0.017020462584206753,0.542084162551488,0.323880596224139,0.9771582403354774,0.724304431279652,0.27316762869358857,0.708626394602228,0.20063633385275204,0.45611073661283685,0.7064674949070787,0.5477400305221836,1,1,inf,inf,0,0,0,0,0,0,1,1,1589,4055,214,0,3,0,1,1,1598,3.8,42,0
2.9,8.41,0,0,508,6.2324480165505225,0,0,4,0,1,0,0,0,0,0,0,27.13,77.17,0.47815916176331286,0.6526598199776515,0.7364755357579941,0.30179822080572394,0.17501449399737667,0.4722228959323158,0.2721234275158282,0.887909221574648,0.8625073894349468,0.5755025215662896,0.39502219308366926,0.2997091687275625,0.4081911967771289,0.28890204749809567,0.7475212518865246,0.5743026252789465,0.12622971983623932,1,1,inf,inf,0,0,1,0,0,1,0,0,4232,1001,337,0,2,0,1,0,508,2.9,42,1
4.1,16.81,1,0,4560,8.4252971767117,0,1,1,1,1,0,0,0,0,0,0,27.86,75.96000000000001,0.4322719096959713,0.7840887326009233,0.6365202291412033,0.8723643960627573,0.13101665320424338,0.15317240722947034,0.7758164038723434,0.4334233062146382,0.10519506273588874,0.9811638399824257,0.9218086068291785,0.3485072761873307,0.4727201708813652,0.7017189151756896,0.22415682854380015,0.4638595641020936,0.8519048911171887,1,1,inf,inf,0,0,1,0,1,0,0,1,3177,317,343,1,0,1,0,0,4560,4.1,33,1
2.6,6.760000000000001,0,0,1177,7.071573364211532,0,1,3,0,1,0,0,1,0,0,0,26.82,77.77,0.11574757108884604,0.4822105483939574,0.08909263520480093,0.8361929298168536,0.020021696150023915,0.5985866031267206,0.008887146711895944,0.08863830475462664,0.6222149448258156,0.36756455065848137,0.5871479438102567,0.047087502113062674,0.06396584941152683,0.23854415688393404,0.9063291360576866,0.055065529795231494,0.08777988746557464,1,1,inf,inf,0,0,0,1,1,1,0,1,7823,876,121,1,0,0,1,1,1177,2.6,31,1
2.6,6.760000000000001,0,0,559,6.327936783729195,0,0,4,0,1,1,0,0,0,0,0,26.51,76.45,0.36642535535942,0.7270092883607415,0.7568710657911403,0.09063667859675861,0.7347622389235116,0.3711267056605392,0.8755488313714419,0.3642330988470678,0.2967821134320081,0.9792180431821466,0.3057238263127957,0.9563867580118917,0.4309425775286807,0.1307902073001691,0.06517215703270496,0.46097273949343254,0.7775685230702174,1,1,inf,inf,0,0,1,0,0,1,1,0,4924,4019,232,1,0,0,0,1,559,2.6,6,1
4.3,18.49,1,0,2777,7.9294865233142895,0,1,2,1,1,1,0,0,0,0,0,26.45,75.57000000000001,0.9222618064760139,0.19949229807521707,0.600202387387118,0.44754091787627304,0.11134989687976493,0.22362015259252255,0.8247049196108847,0.9462774912464398,0.9011366558534516,0.6431909700170735,0.0065736011876942335,0.2231308720693559,0.08337738637936465,0.9291715023838436,0.5409212622602186,0.31832528591133225,0.8457122623831215,1,1,inf,inf,0,0,0,1,1,0,1,1,5524,2718,57,0,0,0,1,1,2777,4.3,44,0
5.0,25.0,0,1,2977,7.999007213243955,0,1,3,0,1,0,0,1,0,0,0,27.47,76.18,0.6536229553069812,0.009276977584508739,0.18548586989609828,0.7719656490140524,0.7901264791759012,0.20090763656674504,0.28334332584828614,0.6146611134958089,0.8913033701434913,0.21028972205655072,0.9150241955444369,0.5624099940394846,0.4430821872354037,0.3750311323602411,0.05628779076629553,0.9324160136865199,0.8231428024320201,1,1,inf,inf,0,0,0,0,1,1,0,0,8655,3441,232,1,3,0,0,1,2977,5.0,14,0
4.6,21.159999999999997,0,0,3688,8.213110697596676,0,1,4,0,1,0,0,0,0,0,0,26.39,76.46000000000001,0.7738483948209817,0.37085320697549407,0.4261455349008618,0.6782188522493108,0.31615604874495673,0.6863837959357556,0.2339556361438967,0.37669946166528934,0.2921146404635313,0.8602142729685536,0.25576813312404867,0.18196152901859552,0.8251642549786661,0.07008960713673762,0.813332875558422,0.6021509221810859,0.598125620091981,1,1,inf,inf,0,0,0,1,0,1,0,1,3225,2597,150,1,0,0,0,1,3688,4.6,31,1
2.6,6.760000000000001,0,0,2642,7.879669914604289,0,1,4,0,1,0,0,0,1,0,0,27.11,75.43,0.40832501908584073,0.5234383028414483,0.1959595410060666,0.7585870924463594,0.29734399218892316,0.23933215875391056,0.2737945455460794,0.07234105182819084,0.3875065279256704,0.0010529556695781928,0.05456315607516293,0.341823262989706,0.8490674906516253,0.45305766196503416,0.9333817657977572,0.1612935953004333,0.9189913115258971,1,1,inf,inf,0,0,0,1,1,0,1,0,5870,4701,348,1,0,0,0,0,2642,2.6,49,1
4.9,24.010000000000005,0,1,2737,7.914983005848394,0,1,2,1,1,0,0,0,0,0,0,27.82,77.2,0.04708189594972578,0.6878481341154646,0.9968700571652391,0.11635032527089595,0.015357660289130881,0.6991205273789467,0.0933241340626475,0.44990249441070407,0.9259857940235926,0.9169852326391477,0.6587939240008949,0.7519726549054121,0.28633799501327195,0.19001389216235987,0.9096882931364606,0.6439633540972665,0.05268466366172775,1,0,inf,inf,0,0,0,0,0,0,1,1,2380,3828,4,0,3,1,1,1,2737,4.9,27,0
2.6,6.760000000000001,0,0,1854,7.5256399750415355,0,1,3,0,1,0,0,1,0,0,0,26.46,77.8,0.018588866195928477,0.9178117688567757,0.40194786415109085,0.9558482108883346,0.22278492297231733,0.6549122692987444,0.8306405000617954,0.06795075920512206,0.8920129309926017,0.5665217615753321,0.5311094134439936,0.8908706938161798,0.9255609416962256,0.44922391977509213,0.13245011011276153,0.018124219642302375,0.7251370720096353,1,1,inf,inf,0,0,1,0,1,1,0,1,1526,3744,32,1,3,1,1,1,1854,2.6,21,0
4.7,22.090000000000003,0,0,2274,7.729735331385051,0,1,4,0,1,0,1,0,0,0,0,26.8,76.95,0.08773325338973137,0.6356929502583444,0.6730838054540652,0.5451979816886342,0.37745419025282867,0.49851320224547735,0.20726092026854825,0.7156305843993988,0.9272424317505565,0.0006062613673832873,0.7194016355487116,0.7579598540915164,0.0582714483649599,0.538466851579757,0.23682676698312632,0.6935217975268598,0.8767855502083525,1,1,inf,inf,0,0,0,1,1,1,0,0,1723,4422,27,1,3,1,1,1,2274,4.7,39,1
5.0,25.0,0,1,4487,8.409162447202533,0,1,2,1,1,0,0,1,0,0,0,26.78,77.36,0.9623141211538719,0.6665906246266761,0.45039518574454507,0.5243935908563566,0.9809953630905636,0.12138914113739274,0.5853063231775655,0.0692080896955638,0.7416715329836309,0.18898208309234155,0.21079107470757397,0.866421302461969,0.11902886534358614,0.4269505943564169,0.2120674951499154,0.6228213016767776,0.4980869355433186,1,1,inf,inf,0,0,0,1,1,1,1,1,2955,2655,96,0,1,0,1,1,4487,5.0,10,1
4.9,24.010000000000005,0,1,2028,7.615298339825815,0,1,4,0,1,0,0,1,0,0,0,27.8,77.72,0.42319188005597186,0.3005859859385651,0.7533271432791514,0.19032529467500592,0.629076901459576,0.5924253099465562,0.6289042576894894,0.03647066172915714,0.08842199641986026,0.8737028382950668,0.725663786886409,0.15633969844363282,0.05656634994269938,0.9496965483582309,0.08934783323273587,0.8891621982159367,0.4418897256159987,1,1,inf,inf,0,0,1,0,1,1,0,1,5628,2465,149,0,1,0,1,0,2028,4.9,23,0
4.7,22.090000000000003,0,0,4698,8.455104999102815,0,1,3,0,1,0,1,0,0,0,0,26.05,77.91,0.02477356348977311,0.06798350582972523,0.5470675646888596,0.5285115328782503,0.2493321853677637,0.8988469568155911,0.37408249016054984,0.8431465518894213,0.72149313584758,0.2297877728227513,0.422036410103923,0.6254500764249221,0.04334478765487826,0.5870102979954038,0.47374447489342886,0.09612502834776138,0.09732164036734903,1,1,inf,inf,0,0,0,0,1,1,0,0,1756,2576,349,0,0,0,1,0,4698,4.7,22,1
3.2,10.240000000000002,0,0,4645,8.443761913330354,0,1,4,0,1,0,0,0,0,0,0,26.36,76.11,0.3545429728488465,0.5282631735850748,0.25036912708168657,0.6952154545694113,0.7965862204300884,0.9328005706006203,0.03423992962283129,0.6035390198319451,0.6117093677570036,0.8026532936505937,0.1366962694030176,0.5571379258514091,0.40728612629797045,0.28533254689710164,0.8215344741873585,0.9581518018037292,0.06910968360731296,1,1,inf,inf,0,0,0,0,0,0,0,1,6353,2192,84,0,3,0,1,1,4645,3.2,8,1
3.9,15.209999999999999,0,0,280,5.638354669333745,0,0,1,1,1,0,0,1,0,0,0,27.13,75.36,0.08428203133167056,0.7053959492932568,0.5434020731510089,0.5155828979070068,0.31263089474769934,0.802237299527847,0.31894046972106394,0.34296049031717357,0.8314268470310748,0.5214144089626249,0.980625354020176,0.6476912906835114,0.040831660076335874,0.6184891957998063,0.964188614822308,0.9859450646496454,0.5878823747730175,1,1,inf,inf,0,0,1,1,0,0,0,1,1821,150,161,1,0,0,1,0,280,3.9,14,0
4.9,24.010000000000005,0,1,1310,7.1785454837637,0,1,2,1,1,0,0,0,0,0,0,26.87,75.63,0.7696968644477491,0.6869393739815046,0.9254757946951904,0.5427950888719786,0.18747561393841916,0.5579428834150405,0.6693041900654974,0.23986872737440457,0.2228297118777509,0.4780847998781329,0.5307784302184972,0.326128741011365,0.2659779726570778,0.653110669797979,0.14768846210503705,0.18852736812233184,0.572770428770859,1,1,inf,inf,0,0,0,0,1,1,0,0,2672,1587,300,1,2,1,0,0,1310,4.9,1,0
5.0,25.0,0,1,4235,8.351374706721296,0,1,1,1,1,1,0,0,0,0,0,27.7,76.09,0.5039481157087559,0.06262654748697682,0.08302592497127026,0.49698604605384566,0.9023774847667843,0.019592938754425138,0.3220334679266783,0.7973120873294779,0.4861899618679316,0.013606970530301798,0.7751052721622737,0.9184205075515107,0.5755154788362313,0.8872294211207173,0.8998758723295808,0.2787949873245269,0.12758800829802408,1,1,inf,inf,0,0,0,1,0,0,1,1,4301,2352,65,0,2,1,1,0,4235,5.0,39,0
3.2,10.240000000000002,0,0,1962,7.5822291942764615,0,1,2,1,1,0,0,0,1,0,0,26.330000000000002,76.28,0.9472207497613867,0.30586175111183767,0.6678105754111093,0.0633070202391941,0.13376001577435015,0.9728709336235623,0.4684739442704863,0.39630951538295744,0.48430550883550905,0.6430954580684979,0.1761920357375304,0.1875724608935211,0.9124594721072656,0.8423468876854893,0.7766156607986054,0.8434908868882935,0.4283702472469977,1,0,inf,inf,0,0,1,0,1,1,0,0,6622,879,342,0,2,1,0,0,1962,3.2,6,1
3.2,10.240000000000002,0,0,386,5.958424693029782,0,0,2,1,1,0,0,0,0,0,0,27.64,76.51,0.784116470143392,0.9621885639109071,0.7446162448350337,0.9062154470865993,0.982205652792611,0.4385669471016166,0.1168420282434558,0.4233969004260554,0.1274118098252326,0.9650976501050375,0.24611751813378901,0.9653867058809782,0.3739492079738622,0.18095828067947728,0.4597967900536549,0.8631483037850872,0.7616324559318538,1,1,inf,inf,0,0,0,0,1,0,0,1,3073,2298,11,0,2,0,1,1,386,3.2,3,1
3.5,12.25,0,0,1723,7.452402451223638,0,1,3,0,1,0,0,0,0,0,0,26.59,76.78,0.7183355600414384,0.33936561662741704,0.9312390545374193,0.7303928256135707,0.04675772684168433,0.7077407090120614,0.8489360702837031,0.8068738241614425,0.19506089958019301,0.5488359728423323,0.11599916048322945,0.34526721583576414,0.29207977231464555,0.14689349565078347,0.03852248459493213,0.9363260545185716,0.7943768108238769,1,1,inf,inf,0,0,1,1,0,1,1,1,6787,116,152,1,2,1,0,1,1723,3.5,28,0
3.9,15.209999999999999,0,0,3710,8.219056661060598,0,1,4,0,1,0,0,1,0,0,0,27.5,77.93,0.6067351020300747,0.7080926735089759,0.975801490944824,0.15267638866837374,0.6619183937534994,0.06857700923033361,0.6598743255782435,0.2547923874919946,0.48376632572042844,0.030001023967652585,0.15640482585818916,0.4805823757932618,0.17460326066935172,0.6550178316934169,0.3436910963537725,0.6732957842136366,0.00629543584867065,1,1,inf,inf,0,0,0,0,1,0,1,1,1434,427,35,1,2,0,0,1,3710,3.9,36,1
4.4,19.360000000000003,1,0,4747,8.465478755729558,0,1,1,1,1,0,0,0,0,0,0,27.16,75.61,0.06510699420426269,0.45541998605810885,0.03480502867752444,0.37117217876177233,0.008124101514477733,0.1988861519336923,0.02578882823469164,0.3472657964585517,0.6182161639113057,0.8971405850031764,0.6383387038348494,0.9816473992789009,0.8091563315753655,0.5293404435572961,0.9607781133095449,0.8083496514030468,0.3126281779530443,1,1,inf,inf,0,0,1,0,1,1,1,0,1651,864,99,0,1,1,1,1,4747,4.4,25,0
4.2,17.64,1,0,1870,7.534228326274089,0,1,2,1,1,0,0,0,0,0,0,26.54,75.66,0.6096087014372291,0.5693385281477208,0.8802429020110298,0.8765663308522905,0.14950249288203754,0.2819179814409253,0.6711188890400893,0.9702388837228061,0.6100036546733353,0.3060750139681656,0.12604379925187859,0.1061200147972392,0.973547652705384,0.32278365825201216,0.09190896945723359,0.30737764297199877,0.6693036303529711,1,1,inf,inf,0,0,0,1,1,1,1,1,5383,1076,7,1,1,1,1,0,1870,4.2,36,1
4.5,20.25,1,0,3104,8.040768994367578,0,1,1,1,1,0,0,0,0,0,0,27.8,75.76,0.13962494103489798,0.8038802076097826,0.7602429738575012,0.2501061870684119,0.6473894420221519,0.5050329418895299,0.8521299140889422,0.8829344535189112,0.5744320822103135,0.6704768570827416,0.7362918690135145,0.07734353601108179,0.40950097010659714,0.5144789705919528,0.09896379527937793,0.5708500387269516,0.8730372793514496,1,1,inf,inf,0,0,0,0,1,1,0,0,1651,3715,28,1,3,0,0,0,3104,4.5,11,0
3.2,10.240000000000002,0,0,2698,7.900636613018005,0,1,4,0,1,0,0,0,1,0,0,27.63,77.96000000000001,0.4837783807010497,0.5295903060372776,0.650054335936658,0.8180802685449231,0.04459804909004206,0.8106405631905321,0.32878118244752985,0.9527213290468035,0.5670059338911859,0.9523467087931903,0.98942240700095,0.6766000965006626,0.0009679289809771952,0.7689239847419889,0.372268224647623,0.5506203737569489,0.19847743161849474,1,1,inf,inf,0,0,1,1,1,0,0,0,3693,273,5,0,1,1,1,1,2698,3.2,48,1
2.8,7.839999999999999,0,0,2905,7.974532844130228,0,1,2,1,1,1,0,0,0,0,0,27.54,76.51,0.7251528150210951,0.5305842397495032,0.5813391881398797,0.22068912376165384,0.7024298571954831,0.342637371288095,0.48511516652970943,0.8883984020746947,0.11088228107652931,0.4869813504080821,0.7738202871691616,0.8048478262025945,0.8960427844913991,0.39084048059461984,0.20027639311313306,0.5147414564274255,0.9043942505586104,1,1,inf,inf,0,0,0,0,1,0,1,0,9866,2291,200,1,1,0,1,1,2905,2.8,32,1
4.3,18.49,1,0,3956,8.283241441385425,0,1,3,0,1,0,0,0,0,0,0,27.79,77.25,0.7224167243421946,0.48360228304538777,0.20501399842710244,0.24477782315392416,0.04250424949374798,0.5911232164468765,0.9188445110533368,0.32288700328436404,0.27247487031292306,0.2173937803500834,0.23706212845044128,0.48706137997485777,0.8294888813537983,0.4595804132322914,0.6688511110243722,0.6986986220504198,0.3898607635375313,1,1,inf,inf,0,0,0,0,0,0,0,1,4640,2177,268,1,3,1,1,0,3956,4.3,47,1
4.7,22.090000000000003,0,0,2476,7.814803429489359,0,1,4,0,1,0,0,0,0,0,0,26.02,76.16,0.9245438172273135,0.48140215499362693,0.8036510519863141,0.5442376849736269,0.14141597583440468,0.4373954359464931,0.3632457187103868,0.6836340557242582,0.2925990633294818,0.7805411161662925,0.6210679056858507,0.9644652615270031,0.5189699706465053,0.7945711395327795,0.42599051341475347,0.33874529164621126,0.09578233037343431,1,0,inf,inf,0,0,1,1,1,1,1,0,2604,3995,350,1,3,0,1,1,2476,4.7,30,0
2.5,6.25,0,0,1139,7.038783541388542,0,1,3,0,1,0,0,0,0,0,0,27.03,76.44,0.3231707998685628,0.45621028563926347,0.32008321362764103,0.4957379928490927,0.41707950299861396,0.48617449562658044,0.507295045537895,0.25606798464747604,0.5753314764745616,0.4029765159477663,0.3746182597594724,0.4667986534424975,0.28214185830387095,0.12216362968952887,0.8444006942273766,0.1748417932916746,0.41352292677641,1,1,inf,inf,0,0,0,1,0,1,1,0,4268,4779,91,0,1,1,0,0,1139,2.5,26,1
2.9,8.41,0,0,4464,8.4040244933106,0,1,2,1,1,0,0,1,0,0,0,26.14,77.18,0.05492141573866627,0.248027317159504,0.12352729351170488,0.4951312446668592,0.4211047817793421,0.682337946914673,0.9293177689215371,0.7579804472471396,0.00319535473202337,0.6022878375208481,0.5695368505077201,0.7556129643920713,0.6722377733624509,0.47694810235502827,0.182236104975129,0.041217390843033,0.9035132463183776,1,0,inf,inf,0,0,0,0,1,1,1,0,4540,1903,187,0,0,1,1,0,4464,2.9,47,1
3.1,9.610000000000001,0,0,3515,8.165079258805068,0,1,4,0,1,0,0,0,0,0,0,26.37,76.47,0.8091778914121449,0.6286808410662816,0.44688548882340773,0.12272084850525034,0.9679430440446897,0.5899872378063836,0.08981896810113643,0.5395472572795053,0.21831063760154634,0.47801458305810995,0.8133268909758796,0.12262166677375053,0.3436451261104114,0.32110943280219684,0.5573336731626193,0.10876378704802658,0.21524052378032943,1,1,inf,inf,0,0,1,0,1,1,0,1,9020,4262,263,1,0,0,0,1,3515,3.1,15,1
3.2,10.240000000000002,0,0,1957,7.579678823090456,0,1,4,0,1,1,0,0,0,0,0,27.75,75.72,0.5852029957315154,0.34330457303542905,0.07359413848643881,0.38112916939380226,0.4244895463322971,0.5529003115227217,0.5450623760010743,0.5541689149081943,0.31363654672431873,0.4561923101683545,0.682869453679819,0.3526059663385944,0.4576276247004255,0.5293314413135862,0.935383853196554,0.42475328692626224,0.4419746705020844,1,1,inf,inf,0,0,0,0,0,1,1,0,6054,2723,284,0,0,1,0,1,1957,3.2,17,0
3.7,13.690000000000001,0,0,1176,7.0707241072602764,0,1,4,0,1,0,1,0,0,0,0,26.64,76.51,0.29801196766985927,0.5320807032923551,0.182741013370747,0.7307548333387004,0.15698561482958062,0.36449881093787184,0.7779127731668875,0.8451320127104694,0.14714315059480532,0.22095895816431488,0.24067490745785658,0.4690882968833844,0.4289593639593158,0.5311186944138299,0.4785969813823323,0.7973819252395479,0.39990141092288056,1,0,inf,inf,0,0,1,0,1,1,1,1,8064,2140,167,1,0,0,1,1,1176,3.7,12,0
3.7,13.690000000000001,0,0,2453,7.805474625270857,0,1,1,1,1,0,0,0,0,0,0,26.04,76.47,0.3609253398893084,0.044519087196014495,0.19553902153610903,0.5950853065020608,0.745657227680955,0.1010515265448867,0.0737328368591823,0.1990027737911112,0.7747248729800369,0.3994124977639286,0.27117207476866,0.7650319514849786,0.7895828187564052,0.8892351606699067,0.5129731553751627,0.8471075713749656,0.7257067931230741,1,0,inf,inf,0,0,0,0,1,1,0,1,4431,3191,306,1,1,1,0,0,2453,3.7,13,0
4.2,17.64,1,0,1062,6.968850378341948,0,1,1,1,1,0,0,0,0,0,0,27.21,75.43,0.6574391713000735,0.1106928636111647,0.1432165941328407,0.5646148725163866,0.10882086885906583,0.40708446869564874,0.345163631783302,0.7092494372324817,0.6591900831713072,0.9660102141887557,0.3254289286434717,0.14129698567719673,0.1879680719710285,0.13656296963885306,0.07020509011550702,0.032844120472267146,0.02417214507864951,1,0,inf,inf,0,0,1,1,1,0,0,0,1213,4525,196,1,3,1,0,0,1062,4.2,27,1
4.8,23.04,0,1,2109,7.6544432264701125,0,1,1,1,1,0,0,0,0,0,0,26.650000000000002,75.53,0.1516017769000887,0.34726239395327874,0.9452008164978664,0.17806672219615882,0.10457160060433901,0.8554879147276446,0.08245065307127797,0.766189810960864,0.2600502904635932,0.06655673219895286,0.7036832938190524,0.8170028736823925,0.42713182787935444,0.9680794793306448,0.8028204848435626,0.04735547596940903,0.5409542840925056,1,1,inf,inf,0,0,1,0,0,0,1,1,6548,533,217,0,3,1,0,1,2109,4.8,25,0
3.6,12.96,0,0,4161,8.33375100695358,0,1,3,0,1,1,0,0,0,0,0,26.32,76.8,0.6757898807128696,0.7655836078147528,0.4350835292698326,0.4423727797045711,0.017298790040495282,0.1368951536698012,0.7247873556979411,0.2835981676238195,0.4033486951560049,0.6680438622715507,0.5278864879693376,0.08758012002589166,0.09393329368685566,0.5485848523788506,0.4004737488027319,0.09042905099096599,0.43365938842145113,1,1,inf,inf,0,0,1,0,0,0,0,1,1890,2769,133,1,3,1,1,0,4161,3.6,37,1
4.1,16.81,1,0,1268,7.1459844677143876,0,1,4,0,1,0,0,0,0,0,0,26.22,75.94,0.02620087537631577,0.6375996394386912,0.11495736833665948,0.7105301257685028,0.36534760681452383,0.11610466900920624,0.6871367755439683,0.27126800025300934,0.9751201760867729,0.34268470706214604,0.7377689177393303,0.4163405474953703,0.961021126363953,0.9126309809116162,0.8141564332135005,0.6082980661631732,0.6315350772112664,1,1,inf,inf,0,0,1,1,1,0,0,0,4876,2878,322,0,1,0,1,0,1268,4.1,47,0
3.3,10.889999999999999,0,0,2311,7.7458682297922685,0,1,1,1,1,0,0,0,0,0,0,27.93,77.15,0.8792053728957545,0.5835339328949541,0.7281697016416313,0.2582277325609105,0.7308571871289127,0.9600854555074665,0.658387887541166,0.5026249701506924,0.6262237608287531,0.5137557534626743,0.9830686948707326,0.18488118065280612,0.5335885322451048,0.9519920192996887,0.3696130797285545,0.44983008636764965,0.7356911748748135,1,0,inf,inf,0,0,0,1,0,0,1,1,6226,3925,345,1,0,0,1,0,2311,3.3,39,1
3.2,10.240000000000002,0,0,1968,7.585281078639126,0,1,1,1,1,0,0,0,0,0,0,27.830000000000002,76.63,0.9658143162721458,0.1048565357471326,0.8410411351272081,0.4192383740841279,0.5908218602191362,0.8804177559305485,0.5889863925623765,0.427367303760257,0.2611478755015125,0.9968545437047905,0.8546879585097236,0.45798057974983386,0.06078063658723898,0.3762716049561615,0.27395765642759895,0.6648083093989509,0.21273356174464997,1,1,inf,inf,0,0,0,1,1,0,1,0,4442,1478,23,0,2,0,0,0,1968,3.2,31,1
3.8,14.44,0,0,4278,8.361474616416817,0,1,4,0,1,0,0,0,1,0,0,27.22,75.19,0.7102180084567691,0.9384088900650593,0.8037994168590132,0.680709404094239,0.1140610595096575,0.35746208918008093,0.3890681803694753,0.12434964610682331,0.7774491537510742,0.4997298410753457,0.35695602133624205,0.10023075177596841,0.7982219549352513,0.6919585742050758,0.4967548984979723,0.9834559607113487,0.2003363087226262,1,1,inf,inf,0,0,1,0,1,0,1,1,9286,3017,48,0,2,1,0,1,4278,3.8,1,0
3.6,12.96,0,0,1977,7.589841512182657,0,1,2,1,1,0,0,0,0,0,0,27.17,75.99,0.5379900635701176,0.38011318969350005,0.27049528245806154,0.8909029924015337,0.3521364433893308,0.8671033825480583,0.33518512171153836,0.023748524150390415,0.8289444100913976,0.9153151489280636,0.03552377741787871,0.2042069017197885,0.764082619480596,0.3301396854833365,0.9978521705635338,0.8449514271505124,0.057957442395232484,1,1,inf,inf,0,0,0,0,0,1,0,0,1968,4398,127,1,3,1,1,0,1977,3.6,22,0
2.8,7.839999999999999,0,0,1208,7.097548850614793,0,1,2,1,1,0,0,0,0,0,0,27.84,76.8,0.9479934322695348,0.035021540876850055,0.765949279111515,0.6419036707831274,0.3244094273620013,0.755880565645845,0.7960429121359301,0.5608594108706203,0.43375759762811095,0.4265570570544024,0.7683679413028704,0.7316541764867459,0.3577389114435483,0.043530713487274664,0.654567001092783,0.006458778385217467,0.5859906793531539,1,1,inf,inf,0,0,0,0,0,0,1,0,2928,2397,259,0,1,1,1,0,1208,2.8,41,1
4.1,16.81,1,0,3591,8.18646442942209,0,1,2,1,1,0,0,0,0,0,0,26.01,76.34,0.1631229482596548,0.6183280555313257,0.581285196521723,0.4346309890904847,0.7865218363776149,0.447535889518348,0.03927419114723962,0.7239006170318162,0.4556927763589711,0.8443274324988247,0.5878433273573233,0.7300341509733317,0.8291334100640269,0.7860456853425892,0.9497150235458514,0.7670976507828697,0.8741301228683458,1,1,inf,inf,0,0,1,0,0,0,1,1,7310,4651,137,0,3,0,1,1,3591,4.1,18,1
3.2,10.240000000000002,0,0,4201,8.343315881404946,0,1,3,0,1,0,1,0,0,0,0,26.75,77.17,0.013722354794073133,0.7764031701403081,0.3453332188915763,0.7588213779814845,0.9644560168425377,0.7793541574469474,0.5489336924917896,0.1277502951957138,0.35508105579133886,0.4698752154346719,0.736220088727888,0.30572713812487506,0.6274216103462343,0.10923255611874494,0.8279769764607404,0.7040896549865117,0.7239491347807333,1,1,inf,inf,0,0,0,1,1,0,1,1,527,4681,335,0,2,0,1,0,4201,3.2,19,1
3.3,10.889999999999999,0,0,2930,7.983098940710892,0,1,1,1,1,0,0,0,0,0,0,26.64,77.49,0.8682796332074915,0.9140607582870389,0.3504146128141603,0.9165220164642227,0.8865457371932739,0.7727604999745445,0.08080500490072628,0.648319191438952,0.5641993167643344,0.17505382311004614,0.39647976137673213,0.2634588772279074,0.5699219512683421,0.8034696815332121,0.9466549909000712,0.22292792022763197,0.8082741426338204,1,1,inf,inf,0,0,0,0,1,1,0,1,610,2766,263,0,3,0,0,1,2930,3.3,21,0
3.7,13.690000000000001,0,0,2576,7.854381210652365,0,1,1,1,1,0,0,0,0,0,0,27.18,75.91,0.344386690500293,0.4545594576499805,0.9195791304834421,0.14679997103475506,0.07749816553095135,0.16715618506823127,0.8090104577209216,0.6219300974426631,0.593451379761448,0.9012213482926386,0.7862594289022421,0.9756139712240712,0.7006712041869476,0.12560987570027637,0.07509194471885894,0.13776273922951465,0.8547939969800418,1,1,inf,inf,0,0,1,0,1,1,1,0,4062,4912,269,0,3,0,1,1,2576,3.7,17,0
3.0,9.0,0,0,1851,7.524021415206125,0,1,1,1,1,0,0,0,0,0,0,26.98,76.02,0.10845316212609979,0.7054744015586225,0.6405440095696868,0.5160030291734944,0.33256666981653205,0.609506219721125,0.5765935357931355,0.33720890011650284,0.0011496484341214641,0.49502366850743973,0.24513423502569265,0.7293356841084268,0.5507340845847118,0.7229358561039216,0.9456987997834709,0.4001025484303765,0.9233484975640383,1,1,inf,inf,0,0,1,1,1,1,1,1,1626,169,337,1,3,0,1,0,1851,3.0,7,1
3.8,14.44,0,0,3132,8.049746290952191,0,1,4,0,1,0,0,0,0,0,0,26.32,75.74,0.3556139522288091,0.8753488521452188,0.4456573357010817,0.991194544095488,0.013899966478303605,0.6332302980424294,0.6067067210232313,0.7736746785545378,0.15649628793327386,0.5672801716919738,0.9814886178606976,0.5040569194992249,0.36908460370916585,0.20003256824084725,0.24917431491246922,0.9597814035688068,0.39899761301603087,1,1,inf,inf,0,0,0,0,0,1,0,1,5050,4229,357,1,2,0,1,0,3132,3.8,14,0
3.8,14.44,0,0,1236,7.1204443723924875,0,1,3,0,1,0,0,0,0,0,0,27.8,75.61,0.3841600922437689,0.6461513066029612,0.08758025153143822,0.3072197972531673,0.5398308063606445,0.6498399866698064,0.5729205991456847,0.014624790603782856,0.3545777759183002,0.09451815022577226,0.3230475248977378,0.4702784419122302,0.8821198842104262,0.34903664522550626,0.49561675890080936,0.4173342325363838,0.12890433644974397,1,1,inf,inf,0,0,1,1,1,1,1,1,3626,4875,214,0,0,1,1,0,1236,3.8,28,0
2.7,7.290000000000001,0,0,2955,7.991592282068092,0,1,1,1,1,0,0,0,0,0,0,26.2,75.49,0.6462577806893888,0.011247547827467397,0.5461051977386625,0.00465170740836196,0.4408709455557509,0.6028614559267842,0.5307107735761799,0.10214967528285412,0.9349194408654858,0.14109407475500169,0.11265098249533745,0.10103129977626635,0.5623047243714181,0.21216820868594866,0.04849397936495192,0.012106122109029394,0.7508078282259374,1,0,inf,inf,0,0,0,0,1,0,1,0,3674,848,289,0,3,1,1,1,2955,2.7,47,1
3.2,10.240000000000002,0,0,1396,7.242082359256962,0,1,1,1,1,1,0,0,0,0,0,26.37,77.19,0.25479684378857836,0.06847740243251987,0.1830285473621065,0.49149097664193686,0.22594914012785128,0.6022111668352144,0.3479992894941669,0.8803343876833157,0.3400058049565947,0.3724755622126793,0.3604485949638939,0.2090295193695052,0.7402073502924822,0.7773177482853344,0.19358513594785498,0.8220801146370489,0.8111092551364086,1,1,inf,inf,0,0,0,1,1,0,0,1,7867,886,214,0,0,1,1,0,1396,3.2,38,0
2.5,6.25,0,0,823,6.714170529909472,0,0,2,1,1,0,0,1,0,0,0,27.6,76.29,0.1411875063313277,0.09398601575098142,0.6632309983678687,0.9306596415994298,0.04872395876578173,0.35664373189028,0.09412438175972182,0.3964107473490548,0.853142721012177,0.31048375650024707,0.832807506821541,0.266212578304006,0.9280377530004474,0.764814988825676,0.6240672697199542,0.20368076546947345,0.9122997015933596,1,0,inf,inf,0,0,1,0,1,0,1,0,3524,1604,39,0,1,1,0,0,823,2.5,47,1
3.4,11.559999999999999,0,0,2153,7.675081857716334,0,1,4,0,1,0,0,0,0,0,0,27.1,77.96000000000001,0.8309776531997386,0.04794447635839727,0.8325961996094584,0.7796634805986082,0.5890283166396519,0.9291643314951434,0.6514050158187555,0.7072219092716908,0.331233622525255,0.6493063511805403,0.5483034437803056,0.4708105974945025,0.24061879103490225,0.5771671202931062,0.6375870828352053,0.108661247878036,0.27633397879089727,1,1,inf,inf,0,0,1,1,1,1,0,0,9681,3173,326,0,2,0,0,1,2153,3.4,42,0
4.5,20.25,1,0,392,5.973809611869261,0,0,4,0,1,1,0,0,0,0,0,26.990000000000002,75.81,0.6400723541156843,0.6526372457798036,0.21041358775079688,0.6399791216415676,0.30658004801709804,0.39404645236878766,0.38619110927900846,0.5023799028048304,0.4089179814576488,0.8369377655552362,0.7469716775070575,0.845968877920939,0.7685636167923601,0.2597642232227301,0.18562133624038768,0.7967105659629551,0.15071622221697867,1,1,inf,inf,0,0,0,0,0,1,1,0,5788,4526,188,1,1,0,0,0,392,4.5,45,1
4.9,24.010000000000005,0,1,2990,8.003363058629947,0,1,2,1,1,0,1,0,0,0,0,26.830000000000002,76.39,0.7525476996993792,0.4618549439325931,0.5517271235773752,0.6176441050235634,0.9206029738961325,0.3683043956659584,0.22832973735799256,0.3425063091084287,0.014521225465587762,0.9175031033564041,0.8879933868520751,0.6686381761856122,0.21870640198433866,0.03601531780257794,0.822546566190696,0.4427768122174651,0.5567283738443499,1,1,inf,inf,0,0,0,1,0,1,0,0,1470,3732,336,1,2,1,0,0,2990,4.9,22,1
4.6,21.159999999999997,0,0,2009,7.605890001053122,0,1,2,1,1,0,0,1,0,0,0,26.25,77.04,0.13690864937827585,0.17822307905732482,0.529027187851615,0.21327122909300678,0.7971311195842918,0.7744275181137573,0.3972510270994306,0.8205487998221924,0.5222985373041512,0.6156751907595712,0.7863024613081945,0.733145268099165,0.7007659376845009,0.998279650260172,0.27536338249327597,0.24374539139267482,0.8529098448309522,1,1,inf,inf,0,0,0,0,0,1,0,1,4690,4453,301,0,0,0,1,0,2009,4.6,4,0
3.5,12.25,0,0,2863,7.9599745280805365,0,1,2,1,1,0,0,0,0,0,0,27.48,75.25,0.9110728214888315,0.965188665072665,0.24224813137208345,0.9064458735177638,0.8931655403093416,0.9087909034538617,0.08922418086035255,0.30850935616029207,0.18071613095993677,0.10851789222844166,0.37734653566458376,0.4568019026012321,0.9756725161898885,0.04091081459469481,0.4240048780031236,0.5448134598869688,0.4437094476943083,1,0,inf,inf,0,0,0,1,1,1,1,0,5190,4064,231,0,1,0,0,0,2863,3.5,19,0
4.0,16.0,1,0,4594,8.432724034789787,0,1,1,1,1,0,0,0,0,0,0,27.18,75.61,0.8056344190676563,0.8874399537088858,0.09976305847737976,0.5042027989822305,0.8593933701273391,0.6214707839756771,0.16729601036384711,0.08546727410678834,0.001338268037751389,0.7431959296830187,0.15251226576000076,0.619547913979943,0.6286226910846088,0.647520724424867,0.5758784074832721,0.4496081133562134,0.3663101987155958,1,1,inf,inf,0,0,1,0,0,0,1,1,1751,3850,165,1,2,1,0,1,4594,4.0,20,1
2.5,6.25,0,0,3025,8.014996894348302,0,1,2,1,1,0,0,0,0,0,0,27.55,77.74,0.6782603777488846,0.9649696889246052,0.8989439363215873,0.1593381978719668,0.9588792731713466,0.36320849116496445,0.5365027699011021,0.3094546167412352,0.003986176000968733,0.2247008551496189,0.9817658181957829,0.6338761710148191,0.5379210431472069,0.993530215976223,0.5387528010673082,0.36513503182917517,0.6934150924186337,1,1,inf,inf,0,0,1,0,0,0,1,0,9512,491,26,1,0,0,0,1,3025,2.5,20,0
2.9,8.41,0,0,133,4.897839799950911,1,0,1,1,1,0,0,0,0,0,0,26.37,77.9,0.1187538962854835,0.5219288560350807,0.5286844861035902,0.06602842278440235,0.8098117296405575,0.368363417631575,0.01186765089754449,0.40027818992055386,0.3066725634566675,0.8779084527677745,0.7953200529317052,0.6293064369531346,0.15265340002554806,0.0321594818616201,0.9897271699782108,0.883890909985563,0.07600987223610844,1,1,inf,inf,0,0,1,1,0,1,0,1,3206,2562,151,0,1,1,0,1,133,2.9,8,0
3.5,12.25,0,0,2320,7.749753406274437,0,1,1,1,1,0,0,1,0,0,0,26.69,76.72,0.5648087089078884,0.9302951492630752,0.31577682306728216,0.5794079657291173,0.05867156980435573,0.4299135350104901,0.9127012236718269,0.7142098292417668,0.4658359649709497,0.8236272765318193,0.35433915973832986,0.9507139442203901,0.4258925365131968,0.9905170678067465,0.09037367025095555,0.7779989645592192,0.644999899259333,1,1,inf,inf,0,0,0,1,0,1,1,0,7147,1557,91,0,0,1,0,1,2320,3.5,44,0
2.7,7.290000000000001,0,0,1400,7.244941546337007,0,1,1,1,1,0,0,0,0,0,0,26.98,77.38,0.8836180261813298,0.6202830183560928,0.695200299442771,0.46398405032633994,0.6569570939644646,0.889441884033331,0.2796208225535306,0.6363875340058592,0.5692633643430665,0.46164392249742003,0.22248556564433153,0.5104406993959264,0.677054083932853,0.2763484246593997,0.059682515548024395,0.9234325422063833,0.8399717300022939,1,1,inf,inf,0,0,0,1,1,0,1,1,8821,240,258,0,3,1,1,1,1400,2.7,22,1
3.4,11.559999999999999,0,0,4779,8.472195825485501,0,1,1,1,1,0,0,1,0,0,0,26.98,76.11,0.74364806182721,0.3920910406722986,0.721519929512053,0.39129032778656503,0.01573670596902832,0.8556067543694112,0.3707512495696593,0.2176764558349613,0.8465822723902144,0.3549081380811494,0.22218211537342747,0.35001921926511936,0.998132030195469,0.6106848014232302,0.26257171080642583,0.8434054565088016,0.14929677810833708,1,1,inf,inf,0,0,1,1,1,0,1,1,7042,402,205,1,2,0,1,0,4779,3.4,11,0
4.0,16.0,1,0,1460,7.2868764117507,0,1,4,0,1,0,0,0,0,0,0,26.22,75.54,0.2135580855616216,0.6060596499349862,0.8258686519031698,0.3783148841105042,0.6020715520842621,0.6693228189438056,0.7808424824354218,0.17484435134581888,0.30020979884704646,0.02871240564717148,0.6827035360050951,0.43349903078392615,0.3059041373008692,0.7870756304387613,0.053992577252277574,0.2854412010352467,0.650104335167858,1,1,inf,inf,0,0,0,0,1,0,0,1,7053,4702,195,1,1,0,1,1,1460,4.0,43,1
2.8,7.839999999999999,0,0,3105,8.041091003708633,0,1,4,0,1,0,0,0,0,0,0,26.75,75.46000000000001,0.4783085153601838,0.6167618395811096,0.28373780197992227,0.17146342832922534,0.2515265109000605,0.2160141925315645,0.8200587932156005,0.11829397100812966,0.5375046933565827,0.16675066121020132,0.4787125315525912,0.5871489471837545,0.09925152436621454,0.2007394498102727,0.4139881223833112,0.7434912790938445,0.022137902688242117,1,1,inf,inf,0,0,0,1,0,0,0,0,1065,3260,89,1,1,1,1,1,3105,2.8,18,1
2.6,6.760000000000001,0,0,2803,7.938802248154481,0,1,2,1,1,0,1,0,0,0,0,26.38,76.41,0.493091230352682,0.5485621917661235,0.40002507130674037,0.34311254162840044,0.7472756571415424,0.9674117658764705,0.008822347634943606,0.5336078629382544,0.7208381740466285,0.9377272688008835,0.34615136553318915,0.6956801992603262,0.7562566997243069,0.5284478039834462,0.02964530267406451,0.7329558987326179,0.15650725759383266,1,0,inf,inf,0,0,0,1,1,1,1,1,9024,1403,293,1,1,0,0,0,2803,2.6,13,0
4.7,22.090000000000003,0,0,93,4.543294782270004,1,0,2,1,1,0,0,0,0,0,0,26.32,76.63,0.607511246633355,0.6278648273824609,0.739520543238558,0.895493928122942,0.2647381996414754,0.2651190469422615,0.2968093357235865,0.8503976610644101,0.229631441054153,0.8024013125430263,0.9080938813531176,0.8487637483325261,0.8872906753845077,0.5770926029122267,0.5831805409611113,0.49955267990852525,0.7924720087350903,1,1,inf,inf,0,0,1,1,0,0,0,0,2761,2607,200,0,0,1,1,1,93,4.7,4,0
2.7,7.290000000000001,0,0,4179,8.338066525518801,0,1,2,1,1,0,0,0,0,0,0,26.490000000000002,76.87,0.027763254896772005,0.2230545707254541,0.23424477887228423,0.179698771145415,0.18155939040211122,0.08219412391681291,0.42784896764771185,0.7119960174264027,0.8939422135190342,0.7425847431558488,0.17981306133259756,0.898231495857596,0.208929216256607,0.33642641000060736,0.8186906630061878,0.09781933310205648,0.9124381250381961,1,0,inf,inf,0,0,0,0,0,0,0,0,2698,1723,141,0,3,1,0,0,4179,2.7,22,0
3.2,10.240000000000002,0,0,1507,7.318539548567902,0,1,3,0,1,0,0,0,0,0,0,27.86,75.96000000000001,0.6190233253379296,0.6701121265110099,0.3869724890823323,0.5857938265334388,0.24599433217407674,0.4340674909166484,0.5412502746770927,0.1647889360676209,0.4991410475246979,0.15035176234902248,0.20654629693326965,0.7647679907452085,0.4680858698181287,0.3613129284896478,0.731495585658166,0.6425767799053372,0.7595961536219756,1,1,inf,inf,0,0,1,1,0,1,0,0,1340,3093,41,1,2,0,0,1,1507,3.2,20,0
3.0,9.0,0,0,3998,8.293799608846818,0,1,4,0,1,1,0,0,0,0,0,27.2,77.68,0.6160640337416337,0.5221245087967871,0.7913856994698181,0.8961043920408875,0.3352705449969017,0.6349400989619605,0.2015997138023552,0.48184887419887945,0.35134690400616164,0.09426570507561527,0.9279789835812368,0.8520212043806544,0.6219050495158744,0.5172599975800782,0.0450526376133058,0.709164024955842,0.6484454390161405,1,1,inf,inf,0,0,0,0,0,0,1,0,5145,3937,261,0,0,0,0,0,3998,3.0,36,0
4.7,22.090000000000003,0,0,1814,7.503840746698951,0,1,1,1,1,0,0,1,0,0,0,27.93,77.17,0.6293973531609587,0.8983739955380194,0.9886374801847548,0.4532556306426957,0.3541339449510894,0.8346592190413777,0.48770162352879953,0.4137832390225705,0.46121508110155884,0.5593821769249309,0.37254422926193276,0.7682644742365683,0.04224919367075142,0.3756675349607811,0.6000185303091422,0.33921492351595606,0.3736207121973468,1,1,inf,inf,0,0,1,1,0,0,0,0,7820,3258,125,0,2,1,1,1,1814,4.7,2,1
3.9,15.209999999999999,0,0,1057,6.964135612418245,0,1,3,0,1,0,0,0,0,0,0,27.97,77.62,0.2570577379702387,0.08006327697973081,0.8702130420200058,0.43362986373297663,0.4365651117402414,0.15401910901581162,0.09551229251453486,0.7356253568980977,0.0980448622857163,0.07736984386180168,0.6163270257475133,0.7548554210765314,0.33256330049828775,0.18983418085650527,0.5047763022989312,0.828132128397869,0.6640710503661708,1,0,inf,inf,0,0,1,1,0,0,1,1,2289,1072,279,0,0,1,0,0,1057,3.9,42,1
4.1,16.81,1,0,380,5.942799375126701,0,0,1,1,1,0,0,0,0,0,0,27.17,75.60000000000001,0.4857084333069983,0.8785138160221928,0.5034271828545439,0.7092080380727678,0.12644650683814784,0.6817931460781579,0.39787958907105814,0.5016736919306016,0.4860119585920979,0.97403387826708,0.9542147788694034,0.3643134369652512,0.6968580076660653,0.008998161244784031,0.9966334964524424,0.003174667176938817,0.37602743832054253,1,0,inf,inf,0,0,0,1,0,1,1,0,3341,2293,289,1,0,1,0,0,380,4.1,42,0
3.7,13.690000000000001,0,0,2583,7.857093864902493,0,1,4,0,1,0,0,0,0,0,0,27.85,77.93,0.1122591757177479,0.35551163960099563,0.08591982561046518,0.8039228636531937,0.72349465602997,0.13599461110501643,0.59728117959687,0.22002453241798225,0.2657310320100309,0.08601021267611808,0.6436129750873634,0.6712413564593259,0.09778642602791987,0.9366330011425895,0.7659574717451074,0.8282402680905946,0.18343552205670854,1,1,inf,inf,0,0,1,1,1,1,0,1,930,2930,216,0,3,0,0,1,2583,3.7,5,0
2.6,6.760000000000001,0,0,3238,8.08301991917133,0,1,1,1,1,0,0,0,1,0,0,27.400000000000002,77.19,0.43113556189778923,0.8585770788133701,0.7236320793108902,0.20588354664634423,0.5493113455496279,0.5629329043153469,0.15324813483067024,0.2674745801762596,0.21140211437760847,0.35963229521696694,0.8564124163875282,0.8263117957923827,0.2714703146751235,0.6370430802710924,0.8989506310503429,0.45306988879000276,0.657062651953636,1,0,inf,inf,0,0,1,0,1,1,1,0,2840,3451,266,0,0,1,0,0,3238,2.6,15,1
4.0,16.0,1,0,3930,8.27664912542186,0,1,4,0,1,0,0,0,0,0,0,26.8,75.72,0.3205164031717376,0.250817829587864,0.7891184720806035,0.8313652140968315,0.8821028804181682,0.8918170854124603,0.19748422335902394,0.6565430169361078,0.0870939430893648,0.9834158665287246,0.26135310618271923,0.4165435176792084,0.2075787205746047,0.7557999119209173,0.15290464749981725,0.19082533121800282,0.19031824914804418,1,1,inf,inf,0,0,0,0,0,1,1,0,8263,1121,186,1,3,1,1,0,3930,4.0,46,0
4.6,21.159999999999997,0,0,3600,8.188966863648876,0,1,2,1,1,0,0,0,0,0,0,26.02,75.25,0.45878348581222683,0.8683124931871303,0.9377467639193429,0.34521535536552106,0.6031188449916692,0.7280851176039108,0.9525337123049327,0.05792786891288504,0.9716458680115367,0.6116010658068892,0.7059183555237943,0.4481647753155307,0.6852451018666629,0.410829722262808,0.24649822635176633,0.17033801933715276,0.3906078808379322,1,0,inf,inf,0,0,0,0,0,1,0,0,4100,3294,339,1,0,1,1,0,3600,4.6,30,0
2.7,7.290000000000001,0,0,2492,7.821242083523558,0,1,1,1,1,1,0,0,0,0,0,27.59,77.98,0.8075307186175932,0.7802797737372433,0.6499469398584675,0.6665190677263236,0.807341897539509,0.12423581448950416,0.5911647313333094,0.4655865021156991,0.9476650472819081,0.9072492572181022,0.9961862895590845,0.7812815096014909,0.9151878492411654,0.3910532805938445,0.06686453021746075,0.9842632013179041,0.09363176685173225,1,1,inf,inf,0,0,1,1,1,1,0,1,5332,344,294,0,3,0,0,0,2492,2.7,37,0
4.4,19.360000000000003,1,0,3196,8.069968149059841,0,1,2,1,1,0,0,0,0,0,0,27.73,77.92,0.9178962515707416,0.24931185625859176,0.5497713216860577,0.8064822678582121,0.7648539575503301,0.34732209255404056,0.4702854239993651,0.1053529751126362,0.8861057882558634,0.9573595327821505,0.7267662663393161,0.03376618473274562,0.18280584394807542,0.1989233376969347,0.2785952448884359,0.6726630240346452,0.16931164039251834,1,1,inf,inf,0,0,1,1,1,1,1,0,6802,1623,183,0,0,0,0,1,3196,4.4,47,0
5.0,25.0,0,1,2450,7.804251383528112,0,1,2,1,1,1,0,0,0,0,0,27.28,76.81,0.9154586548338057,0.4378977620246157,0.9981353694887561,0.6815741711681451,0.2216076016472346,0.3383809965198694,0.995695778235752,0.4292722766206609,0.02296201422313182,0.9519058308823937,0.7848408523701336,0.04981401155581877,0.728887387045134,0.6073342637017565,0.5415459941465813,0.607059474763304,0.8418156199964323,1,1,inf,inf,0,0,1,1,0,0,1,0,6843,344,194,1,1,0,0,0,2450,5.0,22,1
4.5,20.25,1,0,3216,8.076204527239026,0,1,4,0,1,0,0,0,0,0,0,26.900000000000002,77.96000000000001,0.7682313386627098,0.889498241222415,0.8540319083372347,0.7319909701617561,0.6782699335794067,0.6955580239301159,0.40032557993809315,0.157139692687712,0.982089295051418,0.18301382159531931,0.2864859305518026,0.6998302507777803,0.48130928790258576,0.8552366154235684,0.8403950982090992,0.6196187445798269,0.938359945282223,1,1,inf,inf,0,0,0,0,1,1,1,0,208,3038,29,1,0,0,1,1,3216,4.5,7,1
2.6,6.760000000000001,0,0,751,6.62273632394984,0,0,3,0,1,0,0,0,1,0,0,27.46,75.67,0.9521036960773386,0.21576426746949873,0.20715624911219044,0.32841757976346775,0.7545012618935515,0.8991796920382311,0.5980647261219724,0.6324894223841256,0.11654737496371148,0.1555895576379377,0.9341708344998512,0.7244412798582679,0.9389697345995168,0.48764183914472037,0.45488322326072517,0.40132614946609335,0.2602383604652482,1,1,inf,inf,0,0,0,0,0,1,1,1,5463,4172,286,0,0,1,0,1,751,2.6,11,0
2.8,7.839999999999999,0,0,1742,7.463363045520021,0,1,1,1,1,0,0,0,0,0,0,26.060000000000002,75.09,0.18612510357622236,0.3912389652042352,0.8719385518654889,0.5731166591674465,0.36994751874609566,0.9677628141700291,0.4444699493369213,0.30043514490560264,0.664060952012789,0.9579143549978258,0.7895774386433676,0.06201042874847107,0.9638846241104547,0.2719970261617606,0.07336699799594126,0.9417464599154804,0.2152406858730156,1,0,inf,inf,0,0,1,0,1,0,0,0,1934,3053,250,0,3,0,1,0,1742,2.8,35,1
4.4,19.360000000000003,1,0,656,6.48768401848461,0,0,4,0,1,0,0,1,0,0,0,26.87,77.19,0.9402189777024216,0.20014217301372816,0.7092899228564562,0.965894059798241,0.6932158267012067,0.24886254885051973,0.4920206939208248,0.4589810517517898,0.7382280439100384,0.7750943207068973,0.3507089816637122,0.34932236346838597,0.706844115115667,0.43501435863242344,0.7573635900597198,0.3194018924394115,0.11544685218387318,1,1,inf,inf,0,0,0,1,0,0,1,1,3300,746,208,0,2,1,0,0,656,4.4,26,1
2.9,8.41,0,0,1802,7.497207223203318,0,1,2,1,1,0,0,0,0,0,0,26.27,77.75,0.9373296116532438,0.035997860728826714,0.36583218763157044,0.8334612370353487,0.448128769778284,0.8122196562234797,0.7101168291608355,0.5542791333684157,0.03264762392323639,0.30159648798579675,0.9796400418886031,0.2560103774860032,0.18571715771016295,0.7604177481310044,0.0462309744468532,0.2009276104739185,0.909102987809909,1,0,inf,inf,0,0,0,1,0,1,1,1,8353,4868,270,1,2,1,0,1,1802,2.9,4,0
2.6,6.760000000000001,0,0,4524,8.417372856134026,0,1,4,0,1,0,1,0,0,0,0,26.36,76.7,0.3523735117808996,0.9845855859781363,0.1465592013743766,0.3034494514191639,0.3954986223015309,0.959605099244635,0.22560643792793722,0.790045497145185,0.03515935324055719,0.6872985485314989,0.5573248896064344,0.45942585903227484,0.1190424939138699,0.21128183256002764,0.9471943941973239,0.3776599987335224,0.14964623818563416,1,1,inf,inf,0,0,0,1,0,1,0,1,7564,1299,322,1,2,1,0,0,4524,2.6,16,1
3.9,15.209999999999999,0,0,4155,8.332308352219117,0,1,4,0,1,0,0,0,0,0,0,26.96,77.66,0.13021403628702743,0.308219150022103,0.3463991486845295,0.9283102874564836,0.7738232232628977,0.1600066953129906,0.5929547374274122,0.8137125261128283,0.3818577947989026,0.15681937054741324,0.9765161156119951,0.4726962056062002,0.8640732760119253,0.7005449547649909,0.7319111033756333,0.285517014181077,0.22396348022946022,1,1,inf,inf,0,0,0,1,1,1,0,0,5192,2368,310,0,0,1,1,0,4155,3.9,16,1
4.0,16.0,1,0,2256,7.721791776817535,0,1,3,0,1,0,0,0,1,0,0,27.69,77.2,0.5315425337945467,0.6501379017367807,0.9935422496731143,0.6836183538641761,0.5459058438770509,0.08125669774079036,0.2320060983957304,0.24751356024471272,0.1578664966741966,0.6247847191339303,0.6322207189810246,0.08526282910292737,0.9914076328745404,0.7085004607795908,0.7508212721662212,0.6833705385874355,0.9983865176100074,1,1,inf,inf,0,0,0,0,1,1,1,0,4396,636,168,0,0,0,1,0,2256,4.0,20,0
4.0,16.0,1,0,1652,7.410347097821024,0,1,3,0,1,0,0,0,1,0,0,27.39,76.49,0.8544122810004814,0.2747693973513953,0.02187562273808097,0.5100854290596959,0.33059263695588814,0.5039262423174264,0.1932930389840961,0.15424412564094736,0.1273108884866374,0.3537664361719489,0.1601382921410499,0.9488190133545281,0.8146799115294218,0.1935382931176578,0.9915607885684824,0.8861852209521138,0.49159092980174024,1,1,inf,inf,0,0,1,0,1,1,1,1,3939,2200,203,0,3,0,0,0,1652,4.0,6,0
4.4,19.360000000000003,1,0,1006,6.914730892718563,0,1,3,0,1,0,0,0,0,0,0,26.8,76.7,0.45777664680983754,0.18141674975209743,0.0804283696084277,0.9580838613453416,0.3011990939035116,0.5068012228445694,0.682137397538311,0.7002368022149654,0.9360953070324756,0.1307261965080445,0.5956974640647983,0.26864099302892375,0.23146064240960795,0.47689604977467104,0.9161220251148808,0.12804238443939397,0.202824181671727,1,1,inf,inf,0,0,1,0,0,1,0,0,4955,378,63,0,3,1,1,1,1006,4.4,20,0
4.1,16.81,1,0,4323,8.371936178759098,0,1,1,1,1,0,0,1,0,0,0,26.02,77.18,0.6082687962826383,0.7559285530851174,0.30958870599174304,0.811189151608967,0.3139984111116759,0.5489018977930211,0.12094032079593242,0.11073628266876145,0.5546229457337493,0.31891602684620013,0.6845720564298666,0.3408362891296507,0.35270524697719563,0.6476145068766095,0.8732846993029917,0.552534387256831,0.8307267545246351,1,1,inf,inf,0,0,0,0,0,1,0,1,1896,4423,41,1,1,1,0,1,4323,4.1,33,1
2.6,6.760000000000001,0,0,17,2.8903717578961645,1,0,2,1,1,0,0,1,0,0,0,26.92,76.63,0.2661770503735925,0.20189563789566745,0.039348095353378354,0.3233551657410779,0.27680129510676266,0.536707541812232,0.4002771449459266,0.5231846642850727,0.7042292298752196,0.6786515477747814,0.10858952386454623,0.7704804246350475,0.2390417337716817,0.5523090465964119,0.3742259980112671,0.4795586917320377,0.2835897414218467,1,1,inf,inf,0,0,0,0,0,0,1,1,4522,4876,244,1,2,0,1,0,17,2.6,23,0
3.3,10.889999999999999,0,0,758,6.63200177739563,0,0,1,1,1,0,1,0,0,0,0,26.900000000000002,75.44,0.45724438116077737,0.3469165639549181,0.1277567055904496,0.7416397276332992,0.49641925524065356,0.6563137664726226,0.7634189331190726,0.636103419204889,0.8202918586565769,0.013586321085750308,0.5672324541869118,0.08990718085664562,0.46616694120345936,0.16660485289631133,0.3665503113096743,0.126621745557579,0.1478949786139918,1,1,inf,inf,0,0,1,1,0,1,0,1,6461,4713,232,0,3,0,1,0,758,3.3,26,0
3.1,9.610000000000001,0,0,1660,7.415175109613295,0,1,3,0,1,0,0,0,0,0,0,27.03,76.79,0.36199732403142226,0.00840763845979775,0.5496985924833703,0.9409659392539818,0.6627737235373177,0.15128290800980582,0.28808564736944475,0.6627654558548509,0.24394063611075423,0.35055574828049696,0.10450871039173204,0.43457720999663685,0.47247985081009203,0.2841282726739819,0.26974735006931627,0.3162751850845409,0.3796458683530761,1,1,inf,inf,0,0,0,1,0,1,0,0,8759,1940,278,0,2,0,0,1,1660,3.1,18,0
3.5,12.25,0,0,4572,8.427924723658055,0,1,3,0,1,0,0,0,0,0,0,26.09,76.49,0.7574059802625941,0.6631056937077472,0.45155120998072773,0.8429691575697358,0.8040152444447899,0.33367312001765004,0.7738943958710627,0.21215199839813548,0.1818328703358063,0.026324468211717522,0.5919378558796341,0.303357729126445,0.3560231194554998,0.5370891774100885,0.8837126282224764,0.793690463959494,0.4158539225599439,1,1,inf,inf,0,0,0,0,1,0,0,0,5486,730,44,0,0,0,1,0,4572,3.5,39,1
3.2,10.240000000000002,0,0,2921,7.980023592310645,0,1,2,1,1,0,0,0,0,0,0,27.13,75.95,0.21963821036273556,0.35320944361809514,0.4643048266975274,0.898495037079778,0.6964732353419595,0.34421048811173516,0.36361945319734146,0.95309293992969,0.9906895651298716,0.8710771443112543,0.45327146888181014,0.1480146885732091,0.3014969398921026,0.9369771216749668,0.07875094800918969,0.5024685521032376,0.4564835930358023,1,1,inf,inf,0,0,1,1,1,0,1,0,3915,2437,8,0,1,1,1,1,2921,3.2,24,1
3.7,13.690000000000001,0,0,859,6.756932389247553,0,0,2,1,1,0,0,0,0,0,0,26.87,75.69,0.6354203628678821,0.9118459061748837,0.9192383231526983,0.7468378098049722,0.024249957175269232,0.517398791101721,0.102394646305771,0.7399406781386472,0.6202808656166292,0.5852483757737501,0.8492042458931681,0.8010905143596879,0.2535983342431293,0.4481319290103821,0.931686869583773,0.5533917295540924,0.6853748319183134,1,1,inf,inf,0,0,1,1,1,1,1,0,1527,4381,92,0,0,1,0,0,859,3.7,21,0
4.3,18.49,1,0,1341,7.201916317531627,0,1,2,1,1,0,1,0,0,0,0,27.96,77.62,0.1330128120136499,0.5276165487262209,0.36659627660610805,0.02751370116324936,0.024632283739906113,0.39854879552247113,0.45354440176792576,0.3144508526923112,0.2410968054676309,0.004538596450117116,0.8407540032297159,0.9799458451628759,0.7296618174811812,0.2529975086441528,0.4630899143241356,0.2199280506096779,0.6792143529396647,1,1,inf,inf,0,0,0,1,0,1,0,0,6184,1194,335,0,2,0,0,1,1341,4.3,26,1
4.0,16.0,1,0,895,6.79794041297493,0,0,2,1,1,0,0,0,0,0,0,27.52,76.73,0.3911466363701156,0.5799622251000605,0.8989348474374689,0.3387619214862564,0.35486830809046643,0.712392885305259,0.9277772513805193,0.5037894016454907,0.3959175616764271,0.5871096575666253,0.5018167860093135,0.9770645328308846,0.2528477799087635,0.23903188840346956,0.01393834104956515,0.17435741797946247,0.7210764299396045,1,1,inf,inf,0,0,0,1,0,1,1,1,453,4212,162,0,3,1,0,0,895,4.0,40,1
3.8,14.44,0,0,1714,7.44716835960004,0,1,1,1,1,0,0,0,0,0,0,26.7,76.53,0.6669810753205686,0.782701734133211,0.024962140439725,0.028562929454498565,0.09985509399550607,0.5834730240553591,0.254837437442336,0.9891353291787187,0.8774926795228698,0.271535556759978,0.9584661584257012,0.7574878411658934,0.43209225467282675,0.9844742716431936,0.5669633624250596,0.7192892582575697,0.30605770467184845,1,1,inf,inf,0,0,0,1,1,0,1,0,37,4896,97,0,3,1,0,1,1714,3.8,37,1
4.0,16.0,1,0,4068,8.31115254800169,0,1,3,0,1,0,0,0,0,0,0,27.86,75.52,0.6037026163146985,0.11907948432877136,0.40557623914061947,0.39266354744339704,0.8509540544735483,0.7466446964176888,0.9378124451181603,0.9524081545989798,0.6396978701058317,0.4034992684809944,0.6979723366349151,0.5578580955903457,0.2731985667812862,0.373071452577749,0.7390877867442877,0.33317112526791737,0.20333820590347496,1,1,inf,inf,0,0,0,0,0,1,1,0,8652,995,220,1,1,0,1,0,4068,4.0,29,0
3.5,12.25,0,0,870,6.769641976852503,0,0,4,0,1,0,0,0,0,0,0,26.03,77.69,0.6107385969639689,0.7404405620493411,0.02534635060072865,0.9593502683790714,0.3380753141867302,0.10178384438121335,0.515984825853545,0.053880295063213346,0.44994253219132363,0.4131473901004863,0.5750645134073992,0.6537136881532462,0.43115949467899306,0.6692892446646548,0.776466414407466,0.2501444193923825,0.0026013445867550944,1,1,inf,inf,0,0,1,1,0,1,1,0,7896,3884,215,0,0,1,1,1,870,3.5,39,0
3.4,11.559999999999999,0,0,386,5.958424693029782,0,0,1,1,1,1,0,0,0,0,0,26.0,77.14,0.7390919221190427,0.14455071919725482,0.07409322134599372,0.7298499129047259,0.6448253796311212,0.8817310184891011,0.780449064964735,0.061970109255308214,0.9072862205373232,0.3851659064669515,0.9842607921164894,0.18304086958734855,0.19567914990379232,0.03333172008940544,0.16995357464817484,0.2997947255732436,0.9248799024366519,1,0,inf,inf,0,0,0,1,1,0,0,1,3221,212,176,1,0,0,1,1,386,3.4,9,0
4.0,16.0,1,0,2703,7.902487437162855,0,1,1,1,1,0,0,0,0,0,0,27.89,76.34,0.6371506279189422,0.22290345276136514,0.5212355405926761,0.46540776126327477,0.6528349040043577,0.8045316692708794,0.980764649265127,0.16601406452029088,0.9328135913658278,0.024755937917108728,0.25921964311033885,0.84593271978161,0.576249188511983,0.5857451546132846,0.5719463553310897,0.4501394726408593,0.9640265378578834,1,1,inf,inf,0,0,0,0,0,1,0,0,6275,1743,168,1,0,0,0,1,2703,4.0,20,0
4.2,17.64,1,0,2685,7.895808377083183,0,1,2,1,1,0,0,0,0,0,0,26.43,76.93,0.989438416566424,0.9331487741599768,0.8954961945408454,0.20029719686139913,0.6808881623670867,0.5589198883135076,0.9497613446710034,0.41609503172637785,0.12544617686270643,0.5955614050576881,0.11301437637223588,0.38579934860757625,0.7185885113697209,0.2885638653014424,0.952680392776389,0.3269006284977901,0.2482718353649237,1,1,inf,inf,0,0,0,0,1,1,1,0,7379,54,106,0,3,0,1,0,2685,4.2,27,0
4.9,24.010000000000005,0,1,3679,8.210668031162976,0,1,1,1,1,0,0,1,0,0,0,27.21,76.94,0.09192798732859375,0.7626920864812716,0.4085728407217023,0.9991794445811913,0.9510733977868748,0.5050114768212844,0.8151064236960948,0.8277470829623194,0.6340122263739173,0.7477637893664487,0.523035312763625,0.3126282751755235,0.44877917574291915,0.6969877189638973,0.4144304345032318,0.3082684230849465,0.7982580491523384,1,0,inf,inf,0,0,0,0,1,0,1,1,4443,4732,331,0,2,0,0,1,3679,4.9,47,1
3.6,12.96,0,0,4478,8.4071550862073,0,1,3,0,1,0,0,0,0,0,0,26.66,76.33,0.07429558203370645,0.813328048877169,0.4238444418568278,0.9968662448468225,0.7227936588503052,0.08552291499240361,0.08936852428097641,0.05881502000064032,0.25931401879326943,0.6809342162981722,0.2222371919153593,0.9110916613734744,0.15444949630641103,0.9931574627745648,0.7329390209346187,0.47406423731769687,0.6739943624903081,1,1,inf,inf,0,0,1,1,1,1,1,1,443,19,346,0,1,1,1,1,4478,3.6,12,0
4.0,16.0,1,0,4131,8.326516830239528,0,1,2,1,1,0,0,0,0,0,0,27.37,77.59,0.4388145257637971,0.21950446924539646,0.796664482791923,0.9793967679195625,0.6186984524715518,0.6383568824563992,0.31339666737363203,0.9135651136249037,0.19247966981054632,0.7646162081638921,0.4129631685707449,0.7864295485681672,0.029429105626549323,0.38973474926937957,0.8469617682253462,0.4365367955201862,0.8568634470195069,1,0,inf,inf,0,0,1,1,0,0,1,0,13,1297,213,0,1,1,1,1,4131,4.0,44,0
3.1,9.610000000000001,0,0,2109,7.6544432264701125,0,1,2,1,1,0,0,0,0,0,0,26.12,76.03,0.20473523261587467,0.3089007098539257,0.07334196364358392,0.9487659589547309,0.6176531937479833,0.1170511302957612,0.6428732087651942,0.20887462362724296,0.7902863458964458,0.7559900250810367,0.12706477925280002,0.5960759351925008,0.1802041387528902,0.3637490040582366,0.3991369591797195,0.6705278745990285,0.13581211813940142,1,0,inf,inf,0,0,0,0,0,1,0,1,5677,2859,253,1,0,0,1,0,2109,3.1,30,0
4.9,24.010000000000005,0,1,2938,7.985824666418917,0,1,1,1,1,0,0,1,0,0,0,27.95,75.35000000000001,0.226584123879499,0.9142839439387224,0.7522880386009544,0.24003545182525476,0.8754342102628545,0.806915171504524,0.2765283202992549,0.09149596355403067,0.9349751043524674,0.45953627739927827,0.6092850113892807,0.884185788748196,0.6052893015376506,0.6911304941640054,0.11666594690138243,0.6308606824496468,0.9802194012070597,1,1,inf,inf,0,0,0,0,1,0,1,1,9542,4738,239,0,1,0,0,0,2938,4.9,3,0
2.8,7.839999999999999,0,0,1092,6.996681488176539,0,1,4,0,1,0,0,0,0,0,0,27.67,75.98,0.9881044457104206,0.17102151641478924,0.9578554570131304,0.7403796315884559,0.5160411302146162,0.8026554816966655,0.6599837598979499,0.8246441947226014,0.9303812127372173,0.8529452116937126,0.3076798436781898,0.6217396578339295,0.2800152503383897,0.504520472682571,0.6819945932308991,0.15621360581699917,0.5158761280539746,1,1,inf,inf,0,0,1,1,1,0,1,1,8395,1638,5,0,1,0,0,1,1092,2.8,33,1
3.0,9.0,0,0,3255,8.08825472712243,0,1,2,1,1,0,1,0,0,0,0,27.12,76.09,0.8257710164224985,0.005733904797117995,0.29272326039364815,0.22834449249246513,0.3470812319826768,0.3542712448646588,0.38085414488511493,0.5728153446990726,0.32020768182575665,0.6918190080834795,0.04993808010511791,0.9334678145825881,0.8171557329798034,0.9539881131497396,0.7095870235108761,0.9790168013099062,0.16248821956415427,1,1,inf,inf,0,0,1,1,1,0,1,0,8148,3377,264,0,1,1,1,1,3255,3.0,36,0
4.7,22.090000000000003,0,0,361,5.8916442118257715,0,0,2,1,1,0,0,0,0,0,0,26.810000000000002,77.39,0.38810620709221766,0.10733641449867692,0.9713425063506284,0.5065497716624242,0.7107194872579391,0.7600199168693346,0.13307657057824107,0.39471326291916753,0.7998081685935059,0.20131225552892063,0.9295519743085451,0.7545221365285172,0.38916918239932186,0.9522615445635719,0.2867856078552451,0.6680312371120962,0.46217712987137627,1,1,inf,inf,0,0,1,1,1,0,1,1,6435,4026,24,0,0,0,0,1,361,4.7,31,0
3.3,10.889999999999999,0,0,2704,7.902857191280582,0,1,1,1,1,0,0,0,1,0,0,26.78,76.48,0.5203396196593837,0.23281570958409703,0.7633947012928799,0.4253384361990463,0.5166204136829116,0.2065497716913598,0.9351808095490274,0.22123778866796373,0.5873561136016066,0.3731110691661178,0.17784689205040938,0.6644507522105393,0.02492483906959242,0.8797064269733758,0.30430994022488966,0.2093154022788527,0.7399112063117216,1,1,inf,inf,0,0,0,0,1,1,1,0,4230,311,136,0,3,0,1,1,2704,3.3,18,0
4.2,17.64,1,0,4828,8.482394685873542,0,1,1,1,1,0,0,0,0,0,0,27.78,75.9,0.40527300220062734,0.1487033476592029,0.8565977692934604,0.8288479271420425,0.4150579719342131,0.23620823275086666,0.4410075140927353,0.34768065247447255,0.8209081540649988,0.09589419711995095,0.4087681160977251,0.38773891039172337,0.3492451946360581,0.4958369313399775,0.6299255932018403,0.3492094701573949,0.31662438232139645,1,1,inf,inf,0,0,0,0,1,1,1,1,1769,4569,116,1,2,0,1,0,4828,4.2,47,0
4.0,16.0,1,0,3303,8.102889134640868,0,1,1,1,1,0,1,0,0,0,0,27.6,76.84,0.9080318829062337,0.9728913221237155,0.539233357359027,0.6132690754269323,0.8173411163581462,0.7501862213047931,0.5676948809216517,0.05770801134706427,0.32232570481506084,0.02360839961409278,0.8155399820716782,0.38708067078101194,0.46485670097546694,0.96778701786176,0.9768742679636641,0.33528689923779464,0.7049509287542968,1,1,inf,inf,0,0,0,1,0,0,1,0,6359,1641,215,1,2,0,1,1,3303,4.0,6,1
2.9,8.41,0,0,442,6.093569770045136,0,0,3,0,1,1,0,0,0,0,0,26.86,75.57000000000001,0.45947213540711596,0.08905399228894739,0.4472815200918113,0.3850081825859898,0.8863878018992045,0.4704566820991648,0.05530835595859018,0.5896964475699921,0.5343443874118384,0.20974956122158395,0.3320211899645662,0.507836666623461,0.30145710646171775,0.6183509051772565,0.46726827315428443,0.013004913003226037,0.849427257023985,1,1,inf,inf,0,0,0,1,0,1,0,1,9588,964,300,1,3,1,1,1,442,2.9,44,0
3.5,12.25,0,0,2308,7.744569809354496,0,1,2,1,1,0,0,0,1,0,0,26.72,77.96000000000001,0.303007317835682,0.411163140644748,0.776072409420884,0.1841494685892684,0.21963398628682407,0.0016505638626842511,0.5740704269707398,0.689806443605842,0.8779115239868583,0.40350460935160604,0.8393216814385801,0.2692198998188311,0.1835697278107381,0.806186139006376,0.20225023736085856,0.2018061291778257,0.10571868067497325,1,0,inf,inf,0,0,0,1,1,0,1,1,5583,2480,110,1,2,0,0,1,2308,3.5,15,1
2.6,6.760000000000001,0,0,3055,8.024862150286411,0,1,1,1,1,0,0,0,0,0,0,26.43,76.22,0.9569032321773224,0.5343671520446379,0.34087990468654916,0.036856526199267825,0.21308610445632914,0.30444505862303683,0.5479335525502251,0.5549248608194852,0.4031332558898655,0.2072012107097534,0.6857416458453274,0.6179111136501672,0.7628241798458721,0.15121639524204855,0.008180950936869213,0.7148616985278686,0.6180260011384294,1,1,inf,inf,0,0,1,1,0,0,1,0,1371,999,188,1,0,1,0,0,3055,2.6,19,1
2.7,7.290000000000001,0,0,1571,7.360103972989152,0,1,1,1,1,0,0,0,0,0,0,27.48,75.27,0.05098230074187138,0.3062926756932166,0.032482607765485394,0.31107453292241305,0.5783367958781344,0.457975122039715,0.8583876593403663,0.8926471317015527,0.9409941616887049,0.6515428938833325,0.9293176587684303,0.7912819760503044,0.7132713778975878,0.5970095626598625,0.48296956685573067,0.5057456322448284,0.9641985591703233,1,1,inf,inf,0,0,1,1,1,0,0,0,2057,1654,284,1,2,0,1,1,1571,2.7,29,0
4.6,21.159999999999997,0,0,1610,7.384610383176974,0,1,1,1,1,0,0,0,0,0,0,27.05,76.10000000000001,0.8920258048310744,0.12556092246276085,0.8056484936062986,0.3662824145975412,0.6834813771143482,0.5460072268418651,0.005608172352428831,0.36370115034454753,0.8713949224431281,0.6999496169986588,0.2794911401879533,0.418056971334105,0.5396994535372647,0.33842068290062477,0.37974043812981007,0.662587517892618,0.3374467439884191,1,0,inf,inf,0,0,1,1,0,0,0,0,7862,688,192,0,0,1,1,0,1610,4.6,37,1
4.5,20.25,1,0,4169,8.335671314792847,0,1,3,0,1,0,0,0,1,0,0,27.25,75.65,0.31099051756101126,0.06597716616395843,0.22202836215862698,0.29180948321159106,0.916537412266761,0.31545411659586253,0.17244584473881386,0.3812000945455245,0.5093981305614859,0.951193307889049,0.9945963230124827,0.8252342049549592,0.9813151655985893,0.5648467373584601,0.6795552009973553,0.5664675824635231,0.1380756954031317,1,1,inf,inf,0,0,1,1,1,1,1,0,8489,744,135,0,1,1,1,0,4169,4.5,47,0
4.6,21.159999999999997,0,0,4566,8.426611813185,0,1,4,0,1,0,0,0,0,0,0,26.13,76.82000000000001,0.7831446588015706,0.23019702108836193,0.9513632030179201,0.8185834434530468,0.47143376113266466,0.8210010329408985,0.044811364569002476,0.3306761912295061,0.6942919358716728,0.541579264858121,0.41915152797643396,0.12472121672831182,0.3692604790557251,0.8861538521828641,0.3520990127147253,0.06608048302027114,0.5777797605629117,1,1,inf,inf,0,0,0,1,0,0,1,0,792,2627,237,0,1,1,0,0,4566,4.6,19,1
4.2,17.64,1,0,4153,8.331827004436057,0,1,4,0,1,0,0,0,0,0,0,27.48,75.3,0.0990547318678372,0.1580397837857842,0.4338431783119554,0.5417495284372342,0.09892795851097425,0.22430937090637337,0.13655033676052253,0.2761269075453703,0.06150920380711555,0.9303984973777758,0.0033434203369362425,0.1733805165512855,0.7913837175957469,0.9547064156980033,0.004297176050571894,0.29855836791199286,0.8983979946227343,1,1,inf,inf,0,0,0,1,1,0,0,0,6606,2337,302,0,2,0,0,1,4153,4.2,4,0
3.8,14.44,0,0,4907,8.498621805830801,0,1,1,1,1,0,0,1,0,0,0,26.080000000000002,77.04,0.38262088540434713,0.6271181264404275,0.9195666857358084,0.892800756269523,0.4552190045261538,0.4452349797234425,0.756010151932727,0.5780119293257937,0.7480638645189472,0.7745838164894089,0.24112398260541013,0.2891267332304299,0.26460940263392607,0.513916500308784,0.6246845279708028,0.2855588740373779,0.1109147115391439,1,1,inf,inf,0,0,0,1,0,1,0,0,1560,2775,53,0,1,0,1,1,4907,3.8,5,1
3.5,12.25,0,0,2078,7.639642287858013,0,1,4,0,1,0,0,1,0,0,0,26.3,77.61,0.9782583589668745,0.7975446965725277,0.9376101561925249,0.9410371663906042,0.4049637189423817,0.0004433387408621092,0.3063554785795427,0.6607297230419316,0.4264299410521447,0.2851007018432482,0.05680526755729631,0.6682392092879651,0.24160477678830838,0.9777419562771424,0.19547000968869566,0.9501625527009803,0.8302175784197989,1,1,inf,inf,0,0,1,0,1,1,0,1,9783,2343,195,0,3,1,1,1,2078,3.5,26,1
3.0,9.0,0,0,3002,8.00736706798333,0,1,1,1,1,0,0,0,1,0,0,27.400000000000002,77.08,0.23721456588588308,0.5375318258015422,0.5489780602291002,0.004210759246693008,0.5461259860639349,0.5153309586259126,0.3158534936121623,0.983543102978166,0.8510838129857619,0.06647742766640818,0.06935498799005313,0.7802373546924168,0.5891604459745964,0.3005556790252054,0.920781856237242,0.4145952559027808,0.386104433350294,1,1,inf,inf,0,0,1,0,1,0,1,0,2924,4112,142,1,1,1,1,0,3002,3.0,41,1
3.6,12.96,0,0,3629,8.196987927258897,0,1,3,0,1,0,0,0,1,0,0,26.85,75.04,0.8758631355546579,0.616466379713769,0.8762046344617468,0.7870114136211485,0.5948582973565087,0.015740401573779206,0.8294671236121887,0.14551076241126149,0.9073723038072147,0.6646471086467975,0.2677909438911098,0.10565490184797477,0.6518312535948764,0.538053770666883,0.4422595714438142,0.6962512373276482,0.06187100001224477,1,0,inf,inf,0,0,0,1,0,0,1,1,2860,4422,39,1,2,0,0,1,3629,3.6,25,1
2.7,7.290000000000001,0,0,447,6.104793232414985,0,0,2,1,1,0,0,0,0,0,0,27.48,77.57000000000001,0.9715474642081952,0.9104811504477625,0.2627489820742831,0.5965522510829183,0.3306825373931286,0.042789045002234904,0.2089544322485315,0.48301258056425456,0.6786813761234334,0.12672092062963314,0.3325927880676499,0.07389203683222922,0.8905362086070092,0.3882874194772088,0.30483113429282327,0.48341861271842446,0.14447140983205298,1,1,inf,inf,0,0,1,1,0,0,1,1,5156,743,3,0,3,1,0,0,447,2.7,30,0
3.7,13.690000000000001,0,0,4787,8.473868066677865,0,1,4,0,1,0,0,1,0,0,0,27.53,76.65,0.33438832201735125,0.9908696209335036,0.19483211301293102,0.8479758396189148,0.5784963875601756,0.9811357475796104,0.46944123572027796,0.3628550191995972,0.47694452495663975,0.9566613255341012,0.6682344739417553,0.3796871526215354,0.2859902741396232,0.08763707356088835,0.8533199512582074,0.555176232900735,0.7358041247027886,1,1,inf,inf,0,0,0,0,0,0,0,1,4983,4605,208,0,3,1,0,0,4787,3.7,2,1
3.2,10.240000000000002,0,0,1654,7.411556287811163,0,1,1,1,1,0,1,0,0,0,0,26.35,76.19,0.7153762988618511,0.6513209006719021,0.6713930798492712,0.380614391122288,0.26287893587659394,0.010170496616982438,0.38417138735868106,0.3302445958328558,0.9764955615406693,0.4503018115923356,0.06896056206972812,0.06394048180154643,0.12373528640066989,0.06825066548439573,0.6705801239196529,0.6900860636507951,0.7912891660323887,1,1,inf,inf,0,0,1,1,0,0,0,0,2792,2762,127,1,3,0,1,1,1654,3.2,14,0
3.6,12.96,0,0,4053,8.307459327011946,0,1,3,0,1,0,0,0,0,0,0,27.35,75.13,0.4129903786437783,0.9336857104834612,0.47617439537445083,0.7546477274575945,0.4598545058492316,0.8620078825967773,0.3981759221765967,0.8427782710369252,0.03503849567311612,0.1763502223979877,0.039590916678886034,0.6981954341967762,0.5293204220480701,0.035107201176808656,0.4991543309813333,0.5105711739652891,0.15316674271159192,1,1,inf,inf,0,0,1,0,1,1,0,0,7827,1713,185,1,0,0,1,0,4053,3.6,44,0
3.6,12.96,0,0,1723,7.452402451223638,0,1,4,0,1,0,0,0,0,0,0,27.29,75.52,0.6950136079181276,0.7093011131972053,0.3550192178506235,0.036873622155753294,0.18127215535667462,0.4124813742547755,0.19199903517406425,0.5295503578820798,0.27623505201147147,0.7317767553298313,0.4586155685080918,0.9593297232367033,0.5970259079073511,0.470639584465664,0.969789604160128,0.1399768804416075,0.7686287888384633,1,0,inf,inf,0,0,0,1,0,1,0,0,2583,2802,207,0,3,0,0,1,1723,3.6,40,1
4.4,19.360000000000003,1,0,3791,8.240648863374913,0,1,4,0,1,0,0,0,0,0,0,27.79,77.27,0.9549797823128481,0.16401261189053096,0.402296811449226,0.1395584828275951,0.8275457753494448,0.4812435468763101,0.7729636553741702,0.5772816171330722,0.041243280084179545,0.7940021581417177,0.8642429928214146,0.25483243548978063,0.8421557700012638,0.8775424700623685,0.6874615792270169,0.40363210688305795,0.14434194783371068,1,1,inf,inf,0,0,1,0,0,1,1,0,7568,3272,307,0,2,1,0,1,3791,4.4,22,1
3.0,9.0,0,0,2059,7.630461261783627,0,1,2,1,1,0,0,0,0,0,0,27.12,75.12,0.0643877166625153,0.9984840726508872,0.3391310492240541,0.8351454688991446,0.6526231045216768,0.5203624470857696,0.0030689864483628426,0.00996539834318877,0.4425836747150673,0.9469532914800419,0.558128120693164,0.19680374523815947,0.21068387599468918,0.6953851253381046,0.4855340684438796,0.28683195298362407,0.10761596650438443,1,1,inf,inf,0,0,0,0,0,1,0,1,3746,254,278,0,3,1,1,0,2059,3.0,22,1
2.9,8.41,0,0,3878,8.263332667439967,0,1,3,0,1,0,1,0,0,0,0,27.64,77.58,0.8892680816496322,0.9901601318640982,0.2781019528437735,0.53382117580766,0.6433126396518032,0.37852863179644447,0.6889657673147194,0.5746545045898259,0.06371009739389721,0.06230107081529446,0.9698003302387426,0.723644685554961,0.9062327468661227,0.20121216991022062,0.5306960533215026,0.8743798031002935,0.4919523996112821,1,0,inf,inf,0,0,0,1,0,1,1,0,2946,35,195,1,2,1,0,0,3878,2.9,16,0
3.8,14.44,0,0,4556,8.424419791263883,0,1,4,0,1,0,0,0,0,0,0,26.78,77.47,0.3326988862146142,0.1941700185636306,0.9690091794781374,0.4972950127680429,0.7410179826566546,0.4716362205562994,0.40159954519546504,0.14838759330207452,0.8801100668002132,0.4942019987317353,0.6792390816209989,0.5912660715774681,0.020820773564499073,0.3505087449445494,0.12754318611706583,0.06954234901456924,0.2826024563941113,1,1,inf,inf,0,0,0,0,1,1,0,1,1157,2841,219,1,2,1,0,0,4556,3.8,42,1
3.0,9.0,0,0,2095,7.647786045440933,0,1,4,0,1,0,0,0,0,0,0,27.490000000000002,75.27,0.9265105095628602,0.5695838546414221,0.5014493607203941,0.5589128551489285,0.302952652735318,0.7402969136043883,0.9498246332784382,0.5132331853025691,0.6156246319339764,0.17666186265602402,0.26977077298075625,0.4237918948344387,0.00904525016546065,0.4804461408354803,0.853006024498397,0.7452030760601719,0.9184370409165041,1,1,inf,inf,0,0,1,0,1,0,0,1,6772,3619,243,1,1,1,0,0,2095,3.0,37,0
2.9,8.41,0,0,4418,8.39366870513074,0,1,4,0,1,0,0,0,0,0,0,27.91,77.02,0.9974247683107229,0.8789394526008918,0.23769739889385744,0.07563227258693539,0.999685625955572,0.14533948516855177,0.14499064191991562,0.7836239143054021,0.9553632083650804,0.020337298683381855,0.3679034731961828,0.07189793480108386,0.5142422043582036,0.8411029765137242,0.40357971420392114,0.9929122686690968,0.044782309010268695,1,1,inf,inf,0,0,1,1,1,1,0,0,3891,0,113,1,2,0,1,1,4418,2.9,41,1
3.3,10.889999999999999,0,0,4612,8.43663368355782,0,1,3,0,1,0,0,0,0,0,0,27.53,75.29,0.49414501848783454,0.015219946927742534,0.0931679355830447,0.8855213872310166,0.9238659382288512,0.5752766084023537,0.2570263801545597,0.47987926911483303,0.1412519129152079,0.640109675861814,0.10458484381440158,0.8627960494989652,0.5810004015713048,0.4074275882323206,0.20001305320414986,0.9143220738469706,0.7486254204639626,1,0,inf,inf,0,0,0,0,1,1,1,0,3668,116,185,0,2,0,1,1,4612,3.3,6,1
4.1,16.81,1,0,4943,8.505929999137527,0,1,1,1,1,0,1,0,0,0,0,26.32,75.77,0.496723806185172,0.19936975268410395,0.4826886502361388,0.9920508155996378,0.5377430451643629,0.323887746100576,0.12457944767507512,0.5601193035049103,0.6397839848127245,0.13433311080961985,0.7883822429250711,0.9961526077127855,0.6613946807855845,0.9935421259662556,0.985925772894594,0.9854514040061055,0.5054157307190464,1,0,inf,inf,0,0,1,1,1,1,0,0,3666,2980,192,1,3,0,0,0,4943,4.1,2,0
3.2,10.240000000000002,0,0,1314,7.181591944611865,0,1,3,0,1,0,0,0,0,0,0,26.310000000000002,76.9,0.2843404693855123,0.4760921316018666,0.02194792183425376,0.37380293994823344,0.8867059784411975,0.23254064204158398,0.5420142183089579,0.7103202420246018,0.3922324247226333,0.9083000450615756,0.6660913062075958,0.10567012406109,0.7653198546541069,0.02020340864935366,0.3331378758445339,0.08535034068106495,0.9822897742105876,1,0,inf,inf,0,0,1,1,0,0,0,1,3049,4672,125,1,0,1,1,1,1314,3.2,14,0
4.9,24.010000000000005,0,1,336,5.820082930352362,0,0,1,1,1,0,0,0,1,0,0,27.580000000000002,75.62,0.4651071248840848,0.1430345947694267,0.9415817304578428,0.43973952923673243,0.07746872897529389,0.5419490887659977,0.9123295625128363,0.15275951815375666,0.029762919039375557,0.6719984641634758,0.30569032466810764,0.8746441148412437,0.36538126973669693,0.5571478220100764,0.885452753893296,0.11975860319719245,0.8163242642192337,1,1,inf,inf,0,0,0,0,0,0,1,0,1032,1606,357,0,3,1,0,0,336,4.9,13,0
4.9,24.010000000000005,0,1,3033,8.017637159908478,0,1,3,0,1,0,0,0,0,0,0,27.36,75.31,0.6967449847687885,0.5980005022037214,0.6946545073157958,0.05966478389246721,0.6678675472260696,0.6637857613770173,0.979464508814864,0.6125458453562989,0.8347586868739592,0.3218403892622489,0.29713065795216065,0.27531782846807673,0.1536182888997787,0.9313725579786116,0.2282614635782838,0.8846689811124271,0.135890858365179,1,0,inf,inf,0,0,1,0,1,0,0,1,4221,2434,241,0,0,0,0,1,3033,4.9,30,0
3.7,13.690000000000001,0,0,1254,7.134890851565884,0,1,4,0,1,0,0,1,0,0,0,26.650000000000002,77.61,0.5243534616129937,0.09098865031434411,0.6574262873035227,0.6994994921154095,0.4896452179638673,0.28015594228037966,0.6754611191961034,0.9436175452434739,0.5017610969176649,0.6572648040122347,0.31981521914946687,0.8613517558540628,0.03890844972738394,0.31269466867428286,0.974284656972116,0.43713611067628433,0.4976513675279003,1,0,inf,inf,0,0,1,1,0,0,0,0,6860,4533,279,0,3,0,1,1,1254,3.7,25,1
2.7,7.290000000000001,0,0,3545,8.173575486634153,0,1,4,0,1,0,0,0,0,0,0,27.46,77.57000000000001,0.3689954823395407,0.11336467768633363,0.5090677943677009,0.5251146350049379,0.556958298370207,0.35913113422741283,0.7367481304369216,0.737542092202982,0.05712241108280336,0.03292553957672639,0.6675012595447235,0.3417711568935129,0.9762157619910798,0.5124586927234692,0.585776270390482,0.402738687229915,0.4305762894219449,1,1,inf,inf,0,0,1,0,0,0,1,1,2911,1099,321,1,3,0,0,1,3545,2.7,12,1
3.2,10.240000000000002,0,0,4212,8.345930261979017,0,1,2,1,1,0,0,0,0,0,0,27.080000000000002,75.56,0.6440687626991638,0.16133079474057543,0.36795395174031387,0.24965621681130823,0.5767558903590794,0.607193763661441,0.8292508098074362,0.6684969910477212,0.7016424945771602,0.8529160120251693,0.1362981802811487,0.7611925217244607,0.9717210419892912,0.4855324325966214,0.009087586957469584,0.31931868470636215,0.7347959451833926,1,0,inf,inf,0,0,0,1,1,1,0,0,9048,4894,357,0,3,0,1,1,4212,3.2,34,1
2.9,8.41,0,0,4186,8.339739766019143,0,1,3,0,1,0,0,0,1,0,0,26.400000000000002,76.19,0.8832613146741999,0.9867168939974099,0.285051568157777,0.9864683081390024,0.5983485758155708,0.9891268894935783,0.4840725663074633,0.18406208487007947,0.26281294961355206,0.7505837067909664,0.19224304147021287,0.07105962208323202,0.34958446881614336,0.0650959573598654,0.9575041674147658,0.03738022547538156,0.9223705378679413,1,1,inf,inf,0,0,0,0,0,0,0,0,3242,3523,181,0,0,0,1,0,4186,2.9,27,0
3.4,11.559999999999999,0,0,2275,7.730174795246222,0,1,2,1,1,0,0,0,0,0,0,26.7,77.42,0.45586200967924073,0.13983100176044772,0.4905818517120021,0.004800666817312171,0.5895640249927124,0.19571721401998832,0.7492706120502886,0.8015421606539834,0.10378034430101701,0.6126527233481898,0.8836036784343929,0.020866695131921298,0.0268267299871916,0.9648910840047716,0.24165264520797458,0.9788047103282095,0.15827845242677052,1,0,inf,inf,0,0,1,0,1,0,1,1,3,1798,166,1,2,0,1,0,2275,3.4,15,1
3.1,9.610000000000001,0,0,2069,7.635303886259415,0,1,2,1,1,1,0,0,0,0,0,27.63,77.44,0.9199986121721965,0.1292207576843344,0.2982893240434399,0.8037483777635587,0.6985916891888451,0.34887210501858257,0.43660545966913833,0.8680960594427172,0.6582511365160758,0.33587393211639416,0.6461566901699829,0.4208569827611336,0.5665158003588913,0.4687888333514927,0.5889968703030767,0.48485716440391524,0.8050245718228585,1,1,inf,inf,0,0,1,1,1,1,1,1,2838,490,139,1,1,1,1,1,2069,3.1,2,1
3.1,9.610000000000001,0,0,4470,8.405367376233981,0,1,2,1,1,0,0,0,0,0,0,26.990000000000002,75.45,0.685769033551264,0.43098495282779015,0.1907437016888519,0.5672306449788928,0.0838149434022033,0.47760641879087196,0.19416823042660258,0.3173554732695022,0.19115699147428888,0.9650787929992237,0.6205957806465042,0.14187650094161885,0.06156410218431274,0.7889589416814641,0.09823344327608818,0.47210933675830147,0.9675784096602696,1,1,inf,inf,0,0,0,0,0,0,0,1,6317,3097,184,0,0,1,1,1,4470,3.1,11,1
2.7,7.290000000000001,0,0,251,5.529429087511423,0,0,1,1,1,0,0,0,0,0,0,27.05,77.02,0.10455879177804417,0.7019371268161465,0.0744033287244924,0.10615710897731645,0.24723803806994993,0.660351825914944,0.21193375491503652,0.49716418450913324,0.8472646714883311,0.43648903807154316,0.22454995278172474,0.8799195853233752,0.6210716791183898,0.6380328541875986,0.8656094093250633,0.4063239828697489,0.5533530844330092,1,1,inf,inf,0,0,0,1,0,1,0,1,7563,381,233,1,1,0,0,0,251,2.7,10,1
4.7,22.090000000000003,0,0,1583,7.367708572374371,0,1,1,1,1,0,0,0,0,0,0,27.72,76.06,0.2130369362369473,0.3138147215518541,0.07148435849103985,0.10593729640306004,0.5893539259238028,0.8728601689129744,0.5926352859498523,0.27243799185207396,0.18606039243012318,0.1403383563284175,0.0030068812284743673,0.4089082177778042,0.8941896910285868,0.040047007257795086,0.6359653181880337,0.8283221634953528,0.8554593016290395,1,0,inf,inf,0,0,0,0,0,1,0,1,9784,615,126,0,3,1,1,1,1583,4.7,25,1
2.9,8.41,0,0,1537,7.338238150065589,0,1,2,1,1,0,0,0,0,0,0,26.27,76.31,0.7390638152260406,0.7405256302824298,0.49980474589723034,0.283913466393129,0.07560812574854325,0.7498361849045159,0.7183665446086127,0.6064221344112786,0.4412041899811371,0.7351543255827397,0.02069967594132971,0.39884987275806094,0.9990779475748045,0.232378421271481,0.3098806623091369,0.03441293607261142,0.911534036321601,1,1,inf,inf,0,0,0,0,1,1,0,0,2479,2721,196,0,1,0,0,1,1537,2.9,48,1
3.8,14.44,0,0,3171,8.06211758275474,0,1,1,1,1,0,1,0,0,0,0,26.71,75.94,0.10693673118960845,0.1694515634506747,0.04134240518121868,0.2905927032723108,0.3790108205470599,0.8683469510391736,0.5575930501456496,0.7074544686696097,0.40380974429567895,0.6507053046558949,0.33055439247260254,0.3368738949041372,0.9550572767730561,0.8512413434241437,0.18013454466704026,0.690012003899023,0.40827951851643773,1,1,inf,inf,0,0,1,1,0,0,1,0,4182,4810,173,1,2,1,0,1,3171,3.8,26,0
2.5,6.25,0,0,2897,7.971776122880628,0,1,4,0,1,0,0,0,0,0,0,26.07,75.05,0.6789620908029064,0.23654068979200593,0.3264567994133928,0.13681883376587478,0.9341653263912423,0.9186748098949244,0.24311892500224053,0.7078773636310347,0.5932330880098864,0.7396693679490662,0.9859159403891592,0.8035098096265841,0.7457795282064762,0.49782880794029605,0.6880798160369613,0.5948539301431391,0.5569229407998428,1,1,inf,inf,0,0,1,1,1,0,1,0,5200,1453,234,1,0,0,0,0,2897,2.5,33,1
3.2,10.240000000000002,0,0,536,6.285998094508865,0,0,1,1,1,0,0,0,0,0,0,27.28,75.5,0.012614719052223444,0.11733547741194328,0.7571578744899936,0.03708655600366306,0.2914242686549613,0.7674149724877534,0.7701704740611593,0.31158516683447757,0.07910734477769621,0.13709648836969557,0.470720483194194,0.6546765523073383,0.7987576918251682,0.1733014752330463,0.07106761591783717,0.1281767912174152,0.98130925404624,1,1,inf,inf,0,0,0,0,1,1,1,0,6619,4007,342,1,1,0,0,1,536,3.2,46,0
2.7,7.290000000000001,0,0,4469,8.405143687607614,0,1,1,1,1,1,0,0,0,0,0,27.3,77.29,0.6859686471357873,0.22295586782007115,0.39019341659540174,0.23882358754211064,0.040457643089469086,0.4622093120447244,0.9642251498531318,0.9553517216997036,0.48773701517312873,0.26402928790422986,0.08820645689500994,0.1928513098147242,0.4625700455379941,0.8401944513089791,0.13130516680024074,0.7577595111186924,0.7755142052095475,1,1,inf,inf,0,0,0,1,0,1,1,0,5782,2241,122,0,0,0,0,0,4469,2.7,46,0
2.9,8.41,0,0,4808,8.478244441277663,0,1,4,0,1,0,0,1,0,0,0,27.17,77.44,0.4464655435938323,0.37462156167944405,0.2906106274923228,0.9503351316666367,0.013531385560475395,0.679393051506945,0.029990271892361142,0.4946649174795733,0.3331883416420889,0.5091198687908395,0.705226281995829,0.28016956035537266,0.5698830082029774,0.36357348420307833,0.6447668268908588,0.6126958335401006,0.31392543157831276,1,1,inf,inf,0,0,0,1,1,0,1,1,513,4130,320,1,3,0,1,0,4808,2.9,12,1
4.7,22.090000000000003,0,0,3832,8.251403065380556,0,1,2,1,1,0,0,0,1,0,0,27.740000000000002,75.10000000000001,0.18244787578585164,0.05988793235806078,0.096356819736378,0.7755231424638263,0.965894700181758,0.872915792262486,0.8411151275331586,0.5380767634540929,0.08803483860184991,0.8371805203218496,0.4169590200047779,0.3072622275933625,0.5763804766379548,0.5363708828605813,0.04326883990865715,0.4538477669668589,0.9751213004477501,1,1,inf,inf,0,0,0,1,1,1,1,1,3823,4448,354,0,0,1,1,0,3832,4.7,11,1
3.2,10.240000000000002,0,0,617,6.42648845745769,0,0,2,1,1,0,0,0,0,0,0,26.01,75.55,0.7481273890560914,0.6583605172265611,0.7438140796725085,0.5866686902847871,0.4404328265041698,0.9123320365644296,0.9253586432581203,0.4807403859257614,0.24607132373881402,0.22288668435755055,0.07008528620416377,0.17208521178421776,0.42155590891227146,0.9715952304378155,0.3804642211063153,0.5491841628482041,0.306931204126918,1,1,inf,inf,0,0,1,1,1,1,0,1,735,3290,198,1,2,1,1,0,617,3.2,21,0
3.4,11.559999999999999,0,0,4197,8.342363500380579,0,1,4,0,1,1,0,0,0,0,0,26.18,76.44,0.7110081954207512,0.6991875845659926,0.06726137537412746,0.5408654103104034,0.33758044174579893,0.7251689373034587,0.3715192115581135,0.5444552187763888,0.9128958998028651,0.44760617839750916,0.714864828897405,0.5403510260670608,0.11788836348397702,0.6865898636036107,0.5493362847923366,0.09776571619606489,0.7072910854645895,1,1,inf,inf,0,0,1,1,1,1,0,0,9422,2100,184,1,2,0,0,0,4197,3.4,24,0
2.7,7.290000000000001,0,0,278,5.631211781821365,0,0,4,0,1,0,0,0,0,0,0,26.87,77.64,0.8602203913260016,0.37395671384181794,0.47190927939486527,0.24799662470362072,0.9539056028239783,0.19528170342519557,0.6219956096928062,0.005652923433188128,0.1927414904059973,0.7499229936937019,0.5370096994891982,0.25988996722664937,0.3961895467248171,0.040746612922723746,0.43019399956566295,0.7569604712347892,0.3451352824256203,1,1,inf,inf,0,0,0,1,1,1,1,0,9171,4537,79,0,2,0,1,0,278,2.7,19,0
2.9,8.41,0,0,1647,7.4073177104694174,0,1,2,1,1,0,0,0,0,0,0,26.85,77.75,0.7669402630301838,0.45279028588123416,0.8184176209812591,0.5132443450637072,0.22781742182421583,0.15245108298808474,0.21389615545548268,0.7432932469336859,0.2911419442774077,0.6832711071746252,0.9143345534654517,0.2778492557250347,0.03832787184862729,0.3440788937922046,0.6866658442884573,0.22763610259392542,0.9723392789125408,1,1,inf,inf,0,0,1,0,0,1,0,1,610,2752,126,1,2,1,0,1,1647,2.9,5,1
4.1,16.81,1,0,2006,7.604396348796338,0,1,4,0,1,1,0,0,0,0,0,27.95,75.21000000000001,0.6384798069950444,0.5499843765691974,0.06695215707998792,0.8731793466228078,0.7100083050331211,0.4271993435655804,0.15849318560218373,0.6286524429043161,0.8792961352604874,0.510918103374701,0.14945935485717265,0.28554653587981194,0.0019298564421361686,0.39443153367986106,0.9992000423717085,0.5160248837174396,0.31037421477914884,1,1,inf,inf,0,0,1,0,0,0,1,1,6389,3475,59,0,2,0,1,0,2006,4.1,45,0
2.8,7.839999999999999,0,0,1035,6.943122422819428,0,1,2,1,1,0,0,0,0,0,0,27.3,75.15,0.5258438651800178,0.09182738443868343,0.9817101313977084,0.7417129767291922,0.4932983905620705,0.6085570080299344,0.04493661297237239,0.5360883309093681,0.04815012908572991,0.10827870745354007,0.7756146330133978,0.321951380973319,0.3800175418618792,0.336998172157131,0.28014950801929084,0.38351372364880354,0.19700749532963435,1,1,inf,inf,0,0,1,0,1,0,1,1,8774,3087,328,0,1,0,0,0,1035,2.8,19,0
4.5,20.25,1,0,1154,7.051855622955894,0,1,2,1,1,0,0,0,0,0,0,27.76,75.62,0.8474985546612156,0.04208620939802421,0.43817091803448194,0.6146335410910715,0.002418296780880125,0.25412279550306216,0.8421832114248025,0.0007127823669041966,0.5343998468123513,0.795321897300752,0.1833066162847039,0.8184253519758486,0.32346185507845027,0.13092563719341554,0.6070771169879274,0.6635576327667758,0.2798999031854732,1,1,inf,inf,0,0,0,1,0,0,1,0,1224,4766,288,1,2,0,0,1,1154,4.5,17,0
4.7,22.090000000000003,0,0,4977,8.512783482927537,0,1,4,0,1,1,0,0,0,0,0,26.29,75.73,0.9547283092262536,0.21078392060528905,0.1372353533087568,0.7519426717763164,0.2209529430117373,0.073478342877348,0.866282281401439,0.8519885142706055,0.6196811338038684,0.38487360335432286,0.550298298673581,0.0008064445016852106,0.9737271263673886,0.8181628465561519,0.4161823451750095,0.8648058209322559,0.9249802211824887,1,0,inf,inf,0,0,1,0,0,1,1,1,6422,349,308,0,0,0,1,0,4977,4.7,29,0
4.1,16.81,1,0,52,3.970291913552122,1,0,1,1,1,0,0,0,0,0,0,26.69,75.12,0.569383384262519,0.7811756122180444,0.6129894083822468,0.9601849695635101,0.450048480490832,0.3261342952395345,0.5445016131541507,0.003610566967141682,0.3555617644092641,0.988231496047555,0.08304047972257078,0.3405657711839184,0.9125307063575515,0.6846107333020836,0.32291837189671013,0.3366911884463044,0.019709265141634624,1,1,inf,inf,0,0,0,1,1,0,0,1,9082,3276,311,0,0,1,1,0,52,4.1,9,1
4.2,17.64,1,0,3736,8.226038429485484,0,1,4,0,1,1,0,0,0,0,0,26.93,76.22,0.563765957649209,0.7231915367272677,0.9836453888499754,0.8519170295746199,0.41866665132780356,0.44347786193652416,0.8090127209951736,0.45972389633126565,0.169443133895802,0.8527844699329988,0.5865903593076907,0.47117237184167793,0.21472094409931386,0.3899846164508326,0.02206606801912081,0.23464512168636253,0.8514337316787736,1,1,inf,inf,0,0,0,0,1,1,1,1,5113,2881,219,0,0,1,1,0,3736,4.2,36,0
3.6,12.96,0,0,510,6.236369590203704,0,0,2,1,1,0,0,0,0,0,0,27.0,76.69,0.616174173497261,0.9563860419200704,0.5256791548117392,0.4498723959299753,0.6190310986641178,0.4786063439191989,0.2724320812377601,0.569673671547445,0.7034282966986409,0.03991607546168463,0.24463507643387605,0.7908707266877932,0.6654058962285138,0.41236636451515796,0.414114970734356,0.9626697097818935,0.9305238463882058,1,0,inf,inf,0,0,0,0,0,0,0,1,4383,3442,130,1,3,0,1,1,510,3.6,33,1
3.4,11.559999999999999,0,0,2115,7.65728279297819,0,1,3,0,1,0,0,0,0,0,0,27.740000000000002,75.22,0.22822493262986387,0.7230782096399853,0.607483694903958,0.6805432981793267,0.33598286011211875,0.6092605808595626,0.5112481227277007,0.7497460199981105,0.8088292142867871,0.37054998945519946,0.3078626866132246,0.361151211645254,0.6558886530269179,0.6752642818705761,0.5170813542291346,0.8482087537666821,0.7272732927317037,1,1,inf,inf,0,0,1,1,1,1,0,0,5613,1540,205,1,3,1,1,1,2115,3.4,32,0
4.4,19.360000000000003,1,0,3066,8.028455164114252,0,1,2,1,1,0,0,0,0,0,0,27.67,77.04,0.3213788641835147,0.612865251317626,0.7941656232092689,0.08510608474231063,0.22121852738517833,0.78100577849566,0.7274448046784106,0.22670948552968884,0.5185692889948632,0.9433767467485717,0.0833979639603506,0.3305865753078694,0.32518672142537663,0.7479532736828646,0.5869264985448801,0.5602911042111478,0.3621537091593262,1,0,inf,inf,0,0,1,1,1,0,0,0,2322,1858,325,0,3,1,0,0,3066,4.4,44,1
4.8,23.04,0,1,352,5.8664680569332965,0,0,1,1,1,0,1,0,0,0,0,26.01,77.29,0.029539217014947328,0.09143097053498916,0.8182606808338254,0.42609567952940486,0.5647716813281694,0.2710843828067636,0.5031416117237896,0.703383022568969,0.6455225776090043,0.04197120809266497,0.4925005597474197,0.09623630494542701,0.590283853412419,0.7106699806045202,0.5692436825082242,0.33832089962176803,0.2795622320543849,1,1,inf,inf,0,0,0,1,1,0,1,1,8895,3917,152,1,3,0,0,0,352,4.8,6,0
3.7,13.690000000000001,0,0,60,4.110873864173311,1,0,2,1,1,0,0,0,0,0,0,27.330000000000002,75.03,0.327272057375777,0.16125165422247645,0.7618892357289359,0.8590737855294983,0.6273454552589891,0.9186088528252869,0.971754755661246,0.010313732193006464,0.5106395327307426,0.6974234548215476,0.4852020898143916,0.10325281244783824,0.7074797864936454,0.8225332197703814,0.642136511649922,0.8988979791008603,0.2689050552383685,1,1,inf,inf,0,0,1,0,1,0,1,0,1062,4213,326,0,2,0,0,0,60,3.7,15,1
4.3,18.49,1,0,432,6.07073772800249,0,0,2,1,1,0,0,0,0,0,0,27.0,75.33,0.6385836951041624,0.49685958089295035,0.253563697052016,0.511051796669222,0.9053901809146825,0.928913620537162,0.31982774412642967,0.08361586060289627,0.2920661689528662,0.38234884301258654,0.7994318100632639,0.7721273126413546,0.24927360531139986,0.3400167624489553,0.9895760081519576,0.947574213936995,0.38774797175391806,1,1,inf,inf,0,0,0,0,0,0,1,1,110,113,260,1,1,0,0,1,432,4.3,49,1
3.0,9.0,0,0,3424,8.138856750696325,0,1,2,1,1,0,0,0,0,0,0,26.68,77.41,0.9860323933618961,0.12066699872440856,0.7959397208305763,0.3721114112314968,0.6544986197191304,0.6544481988759107,0.30812413117939996,0.9193486779667447,0.097970014699293,0.820010483474864,0.8720962158242002,0.39796348979945473,0.36395108941566245,0.8557487684408006,0.9587842749488723,0.8926324337018334,0.16329029336989354,1,0,inf,inf,0,0,1,1,1,0,0,0,5708,3134,319,1,3,1,1,0,3424,3.0,6,0
4.0,16.0,1,0,1323,7.188412736496954,0,1,1,1,1,0,0,0,0,0,0,27.71,77.24,0.8843849013571833,0.23269213446604609,0.8477570243652892,0.0275395034424627,0.22192260665485564,0.5607481038983053,0.9382370395284835,0.2205640426772939,0.24106696029640295,0.5828675081271264,0.5860994790585672,0.7440458501784504,0.693405399623504,0.8361250423591379,0.7745075398357681,0.1791377464950762,0.34596012208644267,1,0,inf,inf,0,0,0,1,1,1,0,0,8608,2486,59,1,1,0,1,0,1323,4.0,1,0
4.6,21.159999999999997,0,0,1959,7.580699752224563,0,1,4,0,1,0,0,0,0,0,0,27.26,77.19,0.6107799683078302,0.0923407324878116,0.6288366958761283,0.5256400779486242,0.3772714072779758,0.8784493604459704,0.7308345590393034,0.30160722416892527,0.320436063907127,0.8493201323356555,0.7198161708676576,0.6212964946566676,0.9702555687912883,0.8644863963827248,0.4083276204201882,0.6541384099955143,0.6945825314202309,1,0,inf,inf,0,0,0,0,0,1,1,0,2191,2116,10,0,2,0,1,1,1959,4.6,26,1
4.0,16.0,1,0,226,5.424950017481403,0,0,3,0,1,0,0,0,0,0,0,26.41,76.36,0.2699999110899711,0.8373996557252809,0.9639339882068928,0.8150989830272869,0.987298965521064,0.2855776052781053,0.3521437977535966,0.3229019815163565,0.18374725806515513,0.3846200934951175,0.7175870942452265,0.8201111309296439,0.5996717088034335,0.9900481417664155,0.5150497482512959,0.20207574166067988,0.2577741439323692,1,1,inf,inf,0,0,1,1,1,1,0,0,4237,641,49,1,0,0,0,0,226,4.0,21,0
4.8,23.04,0,1,631,6.448889394146858,0,0,4,0,1,0,0,0,0,0,0,27.75,76.65,0.27184815947139185,0.9970568384019413,0.40616128213565716,0.17611974082707416,0.258077949549949,0.8958358039149495,0.22973155611848806,0.2265449821493758,0.41348562996747174,0.6351437793449637,0.6026748705073675,0.8903277397703903,0.5550918598595838,0.6796868693783321,0.2441107735907211,0.3361173213983427,0.9496707492859437,1,1,inf,inf,0,0,0,0,0,0,1,0,6865,1312,12,1,0,1,1,1,631,4.8,31,1
3.4,11.559999999999999,0,0,1250,7.1316985104669115,0,1,2,1,1,0,0,0,0,0,0,26.3,75.11,0.17322156192994775,0.047234145868127575,0.3372771283917526,0.774244915669101,0.23055202071310354,0.36235597278342346,0.9017710604265665,0.40083140096273673,0.26727649291227973,0.9082227161900763,0.7211443010025698,0.8552685772793899,0.22744927389803982,0.2451119979059022,0.03814116612543361,0.3148716589912557,0.6339366357619265,1,1,inf,inf,0,0,0,0,0,1,1,1,7922,2691,68,1,2,1,0,1,1250,3.4,6,1
4.6,21.159999999999997,0,0,4225,8.349011198176003,0,1,1,1,1,0,0,0,0,0,0,27.62,77.37,0.23148946390790304,0.6843902954167054,0.6047490176625526,0.35802235193168175,0.4238235678372635,0.35820115162031796,0.2817433166524541,0.42148501662872684,0.8375317064853067,0.5172331249520319,0.8647749280483383,0.43547121112499687,0.2568103635437313,0.7998407766917726,0.271911820600528,0.6248724454807921,0.5441843658759505,1,1,inf,inf,0,0,0,0,1,1,0,1,4036,3168,132,1,3,1,0,0,4225,4.6,28,1
3.6,12.96,0,0,2542,7.841099765422119,0,1,4,0,1,0,0,0,0,0,0,27.62,75.88,0.2665747765303127,0.07844569022659409,0.4512615226973048,0.9818209563088826,0.43211708141742355,0.12503867894107612,0.6389892258366848,0.1882613132604224,0.28518841420943386,0.9648569028709302,0.22473630434528025,0.2697976217897228,0.7178989401075426,0.24670745834251062,0.8308592783546012,0.6374720990814271,0.23456301698247894,1,1,inf,inf,0,0,1,0,1,0,1,0,4879,1864,30,0,3,1,1,0,2542,3.6,41,0
4.8,23.04,0,1,4314,8.36985260351753,0,1,1,1,1,0,0,0,0,0,0,27.71,77.56,0.09134981183006163,0.39833972492418035,0.33126692970021765,0.31484732252888803,0.14839068421145252,0.8370399191373572,0.8936907390192209,0.5887231566521459,0.9234522664610505,0.2814634382418948,0.4407444607664466,0.7006911106106359,0.7764762803039242,0.8637627382945346,0.8508712972118755,0.34470408915654516,0.33811064238486166,1,1,inf,inf,0,0,0,0,0,0,0,1,7964,2133,291,0,3,1,0,1,4314,4.8,35,1
2.7,7.290000000000001,0,0,4129,8.326032685955079,0,1,2,1,1,0,0,0,0,0,0,26.84,75.21000000000001,0.7529149673283395,0.9047925552147289,0.3889812594112031,0.5084192142425699,0.7686976707177092,0.3321994562367965,0.7267524130252925,0.7814843844771884,0.7857479971157002,0.508338327178081,0.38787921876062204,0.06879726717203649,0.9581214342105685,0.7252187073208479,0.6401642225823274,0.8259751032982738,0.7726764282493551,1,0,inf,inf,0,0,0,0,0,1,0,1,9465,1842,245,0,3,1,1,1,4129,2.7,37,1
2.9,8.41,0,0,5,1.791759469228055,1,0,4,0,1,1,0,0,0,0,0,27.490000000000002,77.37,0.2896160912806842,0.5723343695403931,0.25362017705836337,0.7769589953131261,0.5156635555032647,0.5604929343542345,0.24088136562713125,0.3700489786468688,0.8285941406538895,0.17626142224264263,0.46005963945114214,0.5758696902986635,0.38470285585836794,0.20507791063091463,0.2798071377944673,0.6712163900013202,0.7435650720718792,1,1,inf,inf,0,0,1,0,0,1,1,1,1019,797,159,0,3,0,0,1,5,2.9,39,1
3.9,15.209999999999999,0,0,4622,8.438799123988225,0,1,1,1,1,0,1,0,0,0,0,26.330000000000002,77.2,0.3633269282297319,0.083367396768525,0.06987850672503448,0.25598641298745706,0.803229862364321,0.46473656270271213,0.4368064012929662,0.7382077666334492,0.39669025024240323,0.32233274487997055,0.9357321952879798,0.09224225937981045,0.9727744422729887,0.9210217484602388,0.494960504925538,0.010945954475341413,0.45468212497655425,1,1,inf,inf,0,0,0,1,0,0,1,0,1685,1793,93,0,2,1,1,0,4622,3.9,7,0
4.8,23.04,0,1,2234,7.711996507047669,0,1,4,0,1,0,0,0,1,0,0,27.3,75.23,0.951005423004254,0.47404530880253526,0.4564460077032465,0.3348888157143559,0.07443597814826675,0.4202985908600726,0.5389045272499712,0.21521109296991114,0.9488609475478338,0.7743925254721203,0.7341134741347984,0.4969640428024239,0.4830746022779302,0.5892882243039396,0.7364363309917655,0.3240566326092371,0.5294800190696269,1,0,inf,inf,0,0,1,0,0,1,0,1,5089,1083,184,1,3,0,0,0,2234,4.8,18,0
4.0,16.0,1,0,2647,7.881559917056899,0,1,1,1,1,0,0,1,0,0,0,27.12,75.45,0.7617250634218762,0.09668768751881207,0.6312879349356701,0.6749676470625426,0.7226115664635406,0.4548575906712359,0.6713584815739136,0.7138205729701874,0.5347470252132698,0.8288781298573568,0.08603468770867129,0.1829808620449076,0.7171133441412988,0.6704696727792008,0.2649131789999497,0.8323304472653477,0.4644275605697924,1,1,inf,inf,0,0,0,1,1,1,1,0,1101,2809,56,1,1,1,1,1,2647,4.0,2,0
3.9,15.209999999999999,0,0,696,6.546785410760524,0,0,3,0,1,1,0,0,0,0,0,27.92,75.89,0.7710146939976228,0.27319418309083376,0.5064307895284587,0.46106082592579867,0.8802833149133201,0.47627139897875725,0.8081022185830435,0.0519707444806673,0.40774265653878805,0.3269651773095891,0.47837130116756277,0.09325592898024959,0.8050999981014699,0.9017317847234145,0.5098763806129751,0.047358594665130704,0.7377818899663335,1,1,inf,inf,0,0,0,0,0,0,0,0,190,2493,7,0,2,0,0,1,696,3.9,35,0
3.2,10.240000000000002,0,0,2685,7.895808377083183,0,1,1,1,1,0,1,0,0,0,0,27.89,75.88,0.7113679779696563,0.8196322322195302,0.28766955361543045,0.06559845945558074,0.36948195824272323,0.49371095180357627,0.6899517706619753,0.8803746228529586,0.7712228842310165,0.5092628219298794,0.8908914051021231,0.39963672057128363,0.3684791275767375,0.6552725398676205,0.8513229969252567,0.911529780970857,0.4951777007472492,1,1,inf,inf,0,0,0,0,1,0,1,1,7786,2849,101,1,3,0,0,0,2685,3.2,26,0
4.1,16.81,1,0,3622,8.195057690895077,0,1,4,0,1,0,0,0,1,0,0,26.13,75.48,0.3579137683928706,0.3742143131379765,0.5738767776293945,0.04925145092307237,0.2573595724210558,0.4282738643241254,0.5438489536396462,0.8295244846100459,0.6273375609044908,0.06746143538424831,0.36545947164263304,0.9663057113638716,0.2703343037079692,0.3966246452936666,0.5018582267374582,0.19542985528093282,0.6782340351013566,1,1,inf,inf,0,0,0,0,0,1,1,0,8833,2492,35,1,2,1,0,0,3622,4.1,0,1
3.0,9.0,0,0,2193,7.693481640835175,0,1,3,0,1,0,0,0,0,0,0,27.25,77.54,0.34637819446993545,0.7028540614043579,0.49566864955534706,0.3729321359587333,0.25749058930615953,0.6849021779209642,0.60794048701289,0.16320552414335932,0.4376434380075218,0.8956471389709278,0.675752789722126,0.5450223032124534,0.8447256871215685,0.3197295687593541,0.25533113001581076,0.852502450755079,0.5155170208439093,1,1,inf,inf,0,0,0,0,1,0,1,1,9028,66,243,0,2,1,1,1,2193,3.0,46,1
4.2,17.64,1,0,4931,8.503499864284235,0,1,3,0,1,0,0,0,0,0,0,26.09,77.85000000000001,0.5546201297728056,0.4455567968420098,0.8032660427508177,0.47154190386118555,0.6175186734693827,0.002651186727829824,0.7919449532645486,0.22953934744186144,0.28512873394125715,0.4858909660019872,0.9581665690278278,0.8319728408454574,0.970864265501289,0.8869416432218746,0.3613368048488401,0.7883036285756538,0.4646612219694729,1,1,inf,inf,0,0,0,0,1,1,0,1,5006,2732,272,1,0,1,1,1,4931,4.2,37,1
2.9,8.41,0,0,1615,7.38770923908104,0,1,3,0,1,0,0,0,0,0,0,27.01,77.85000000000001,0.13254108015961397,0.9500599457015566,0.2664432893194043,0.30723475949694157,0.5747004699059771,0.46864121090492883,0.8506272094885666,0.5301857696563063,0.6190500377917781,0.7000195020749634,0.9693939181749706,0.6376702752708641,0.4828180388034946,0.04254783491062042,0.9141670742678704,0.2618743168670312,0.3285127355445927,1,0,inf,inf,0,0,1,1,0,0,1,1,5931,2738,209,1,2,1,0,0,1615,2.9,5,0
3.0,9.0,0,0,4298,8.366137716496281,0,1,3,0,1,0,0,0,0,0,0,27.12,76.57000000000001,0.5610022944195957,0.8122925837624129,0.8145557151161814,0.3365327537949273,0.6823817487154303,0.005123842454452965,0.8701961072300456,0.9003285495133032,0.7412860957614484,0.7221066123262513,0.907458693887195,0.7520264551984488,0.30825587260893006,0.6101590019878868,0.6427904831185026,0.7448845680115344,0.9910191092292508,1,1,inf,inf,0,0,1,1,1,0,0,0,8518,83,11,0,0,1,1,1,4298,3.0,0,1
3.1,9.610000000000001,0,0,4498,8.411610428841172,0,1,4,0,1,0,0,0,0,0,0,27.44,77.59,0.1982618946307152,0.47388936641022394,0.4635899332503066,0.8246477733104041,0.9523121931826067,0.744966882799065,0.158466170035092,0.7681560591716726,0.7994125343831652,0.3989177154191549,0.0031499525303987364,0.8403078807556181,0.6137171755266787,0.02366045636983538,0.42623871740410124,0.9393395105204743,0.4375865698308786,1,0,inf,inf,0,0,1,0,0,0,0,0,4088,4613,231,1,1,1,1,1,4498,3.1,28,1
2.5,6.25,0,0,2119,7.659171367666058,0,1,2,1,1,0,0,0,0,0,0,27.69,76.61,0.5103551015068445,0.19337798793847305,0.5055218998665645,0.449238199059224,0.044695496609319485,0.013830664586582109,0.5214765050327513,0.07107071168222956,0.23519160434416142,0.5698511317280908,0.5219473846492431,0.8606002158728645,0.24071341799022528,0.8407377295997828,0.9927339736075728,0.30068389773842275,0.0958099140864711,1,1,inf,inf,0,0,0,1,1,1,1,0,6113,4308,18,0,1,0,0,1,2119,2.5,32,1
4.2,17.64,1,0,46,3.8501476017100584,1,0,1,1,1,0,0,1,0,0,0,26.240000000000002,75.24,0.4221787503767822,0.41718319198131437,0.6950792240165174,0.1914327519752026,0.12492804758012177,0.7027305693363127,0.5683796542927179,0.4393166853271179,0.03286633745122991,0.11144313186874277,0.9267163890881002,0.6443981933090085,0.5977670990751905,0.36940331350369715,0.27567071342605665,0.6637877744060117,0.1719548847322453,1,1,inf,inf,0,0,1,0,1,0,1,0,7328,4139,181,0,3,0,1,0,46,4.2,12,0
4.1,16.81,1,0,3520,8.166500319155052,0,1,4,0,1,0,0,0,0,0,0,27.87,76.14,0.772634220915664,0.5179914792131611,0.4403426577262185,0.03583893684376949,0.06121161021543642,0.8449779849711326,0.14994037986685582,0.0009172349855939288,0.9542070354942294,0.4530767695323388,0.9796062573508298,0.4068867228438252,0.47456640174921916,0.21048113982916572,0.13314746890775042,0.48279082029987197,0.04556205360748533,1,1,inf,inf,0,0,1,1,1,0,1,0,5000,504,67,1,3,1,1,0,3520,4.1,14,1
2.7,7.290000000000001,0,0,2269,7.727535110475448,0,1,4,0,1,0,0,0,0,0,0,26.75,77.7,0.047814199238450095,0.14181347214376328,0.733646712683094,0.8463283898434137,0.8746104021813291,0.6147592932458469,0.7581014448796984,0.10205174332136002,0.5490331457721177,0.41376588261463865,0.780744512215689,0.8333662973563201,0.7229795089307298,0.6381483693110913,0.23470401278070863,0.9678883895160436,0.3409285770511695,1,0,inf,inf,0,0,0,0,1,1,0,0,1475,1380,143,1,1,0,0,1,2269,2.7,20,1
3.6,12.96,0,0,1262,7.141245122350491,0,1,3,0,1,0,0,0,0,0,0,26.51,75.54,0.04257633495252433,0.7653988334774204,0.3058784483037589,0.7136851325313668,0.3442521466648283,0.3896885401055279,0.06826696903976781,0.2135010838096325,0.8336134407675077,0.14303398138849077,0.7925133926506164,0.10488541033370247,0.8034607098145079,0.4154241433945751,0.03783584159090858,0.44752372219679193,0.3423923741225745,1,0,inf,inf,0,0,1,0,1,1,0,1,5925,4515,8,0,1,0,1,0,1262,3.6,41,1
4.0,16.0,1,0,2249,7.718685495198466,0,1,4,0,1,0,0,0,0,0,0,26.34,77.16,0.9558537768864981,0.15284223740466574,0.48830249600873754,0.38509852297359204,0.5212293109043804,0.726770849506344,0.04385694123871031,0.09561046879264357,0.0066268287606203735,0.8796385929202468,0.40403247247391927,0.1238698213792242,0.8109295931441677,0.4578082204336178,0.9022450868452289,0.4151173138137486,0.11716486664426984,1,1,inf,inf,0,0,0,0,1,0,1,0,1319,2373,263,1,1,1,0,0,2249,4.0,0,0
4.1,16.81,1,0,3502,8.161375023197486,0,1,3,0,1,0,0,0,0,0,0,27.89,77.79,0.12888069223811838,0.8771543515905695,0.5039449279390223,0.8502015969870855,0.0503500513666153,0.5326533143477793,0.06624305167335276,0.7120804710336788,0.5358223168986143,0.3404406117871127,0.13628873416086795,0.37185196382331775,0.3771425683326409,0.308473582386398,0.17604984526847978,0.7786364508173939,0.22238721939741624,1,1,inf,inf,0,0,1,0,0,1,0,0,7717,4255,259,1,3,0,1,1,3502,4.1,19,1
3.5,12.25,0,0,6,1.9459101490553132,1,0,2,1,1,0,0,0,0,0,0,27.650000000000002,75.3,0.8262348909046265,0.5476862849052443,0.44645219250692025,0.4299184869703241,0.457895983342542,0.6454201179965532,0.6431478728639192,0.7733185645527365,0.702553827187612,0.9872769514275933,0.3193821323237166,0.6105429583363703,0.31084967151907805,0.7650494062105407,0.7989773535152275,0.2098198812535791,0.18716484751718399,1,1,inf,inf,0,0,1,0,0,0,1,1,2205,1758,294,1,1,1,1,1,6,3.5,11,1
3.2,10.240000000000002,0,0,1258,7.138073034044347,0,1,2,1,1,0,0,0,0,0,0,26.67,77.95,0.701967432123177,0.6554415257015607,0.3822045545003604,0.24173751456938142,0.8191024099392237,0.42976035580735306,0.3805799001401786,0.6188433675409372,0.049163805171027586,0.46609493834517324,0.4132343533178381,0.9063128379961622,0.7984961428757567,0.026536579987039843,0.31883054516301723,0.6053706563590577,0.10167589045213266,1,1,inf,inf,0,0,1,0,1,1,0,0,679,2771,148,0,0,0,0,1,1258,3.2,10,1
3.1,9.610000000000001,0,0,4943,8.505929999137527,0,1,1,1,1,1,0,0,0,0,0,27.18,75.93,0.6769842606886121,0.9860073159704928,0.9569902415291749,0.5360666104692486,0.6391147908873739,0.4465713924293222,0.9566106931342462,0.5648027894356646,0.7525416207306042,0.9882150864904505,0.814408647101767,0.9199015136199801,0.8829554639801093,0.5524854760749212,0.031166960659192777,0.005867781631843538,0.9700432843985859,1,1,inf,inf,0,0,0,1,1,1,0,0,3347,2550,132,1,0,1,0,0,4943,3.1,49,0
4.7,22.090000000000003,0,0,910,6.814542897259958,0,0,4,0,1,0,0,0,0,0,0,26.41,75.02,0.9058885965572722,0.9584282627905674,0.4838007620555783,0.5757344701229302,0.9321816365843734,0.19612762056453115,0.8855683100098529,0.17044296008364224,0.8970404627434289,0.7592515730621363,0.6352381826686437,0.04367462932544497,0.4781725511188788,0.7869707835351333,0.18063065309921822,0.9878976511095984,0.11277637070248447,1,0,inf,inf,0,0,0,1,0,1,0,1,515,4122,72,1,3,1,1,0,910,4.7,42,0
2.6,6.760000000000001,0,0,3981,8.289539484624141,0,1,4,0,1,0,0,0,0,0,0,26.48,77.3,0.4459098303041539,0.7755473791449713,0.9019544282443702,0.6669786755962225,0.42674323614650167,0.2226885586933992,0.4603563042167621,0.8664076608963229,0.849190405534079,0.4395488953972795,0.8446814943970655,0.5185421581047277,0.904988135932462,0.022885074172273034,0.19097723194257532,0.6790262338791222,0.9794338815849883,1,1,inf,inf,0,0,0,0,1,1,0,0,7002,2966,254,0,1,1,1,0,3981,2.6,9,1
4.7,22.090000000000003,0,0,1021,6.92951677076365,0,1,3,0,1,0,0,0,0,0,0,26.38,77.03,0.7604971377924298,0.5360023790731387,0.10532322935438443,0.5015399961952195,0.1869023203143193,0.7196734965528097,0.3714541409302101,0.08716215335787492,0.9280754050094359,0.6858966367874586,0.930874632702283,0.3042121480305823,0.4346784060709641,0.6342937168093369,0.5489300607328035,0.3652121184298692,0.334534889881675,1,1,inf,inf,0,0,1,0,1,1,1,1,6477,987,101,0,1,0,1,0,1021,4.7,10,1
3.0,9.0,0,0,1835,7.515344571180436,0,1,2,1,1,0,0,0,0,0,0,26.32,77.09,0.7423507606063107,0.5338023292678356,0.4848594539575408,0.6878701556205725,0.20605125657809786,0.2004256782396443,0.5969221251297303,0.28653329508172576,0.9304428533475927,0.504173999595619,0.35467875546505945,0.8457864183981031,0.8755165085802379,0.5921617406936351,0.9811054199733985,0.11461403740381904,0.4651635487248914,1,0,inf,inf,0,0,0,0,0,0,0,0,7385,2811,320,0,1,0,1,1,1835,3.0,41,0
3.7,13.690000000000001,0,0,1703,7.440733707389261,0,1,3,0,1,0,0,0,0,0,0,27.39,75.78,0.3509315666691639,0.5280882411230131,0.18655213787005565,0.4620003030586549,0.263500061029587,0.014668753189364336,0.7457018270499762,0.9059620263678799,0.9246381718572251,0.6060697269497739,0.14252236423434084,0.29270599074606674,0.20045284525793183,0.45145495455042794,0.6158535316944914,0.9712672181245423,0.06681425132728347,1,1,inf,inf,0,0,0,1,0,1,1,1,9062,2532,225,1,0,0,1,0,1703,3.7,40,1
3.4,11.559999999999999,0,0,3575,8.182000136293405,0,1,1,1,1,0,0,1,0,0,0,26.02,77.56,0.4893558320524891,0.8320987008751025,0.006974254743755792,0.899068762709136,0.02601701908640508,0.9237546893393478,0.7370205273723698,0.28948858790002685,0.7785413923760415,0.21265625268156974,0.24226425054586342,0.15387890175362362,0.9770511626151454,0.5158608139855424,0.16750323526845257,0.43049788840452874,0.2969220801669774,1,1,inf,inf,0,0,1,0,1,0,0,1,5539,4254,96,0,1,1,1,0,3575,3.4,22,0
3.0,9.0,0,0,3490,8.157943507105037,0,1,3,0,1,0,0,0,0,0,0,26.87,76.97,0.6041776551472678,0.8324152532529991,0.0796724966886958,0.6628893730368578,0.8777826066957243,0.3420650300968938,0.9410239788261322,0.5728744927226819,0.3670324105486352,0.42809028441031527,0.7856048718475125,0.19583066285352468,0.16742668851497466,0.07379429668875992,0.18245383787682967,0.8568881739732699,0.2590262463695113,1,1,inf,inf,0,0,0,1,0,0,0,1,3012,1383,233,1,0,0,1,0,3490,3.0,8,0
3.8,14.44,0,0,3652,8.203304026795282,0,1,3,0,1,0,0,0,0,0,0,27.62,77.75,0.10203819728412444,0.12837051426069612,0.7649937840688255,0.7132416485081111,0.6045420705199902,0.05690601933294448,0.7718876804260827,0.908215517920398,0.11724731028704016,0.09060462745773445,0.6093281827275254,0.5639013426599098,0.43506124984318184,0.36200707578516833,0.8286961100407135,0.4236478296542381,0.09448513766794431,1,1,inf,inf,0,0,0,1,1,0,1,1,1683,3413,245,0,0,0,1,1,3652,3.8,15,1
3.0,9.0,0,0,2827,7.947325027016463,0,1,3,0,1,0,0,0,0,0,0,27.6,75.27,0.9208802263285903,0.5725164137177453,0.2036873223808503,0.372300843036391,0.7873693501578506,0.12587717660446474,0.3448329440595409,0.772694342401507,0.1322057238464398,0.2520054754514178,0.7448680833391531,0.7639736865000685,0.6366515644146216,0.038447007478284,0.4598694136274988,0.30017802571889607,0.1401743449185482,1,1,inf,inf,0,0,1,0,0,0,1,1,7811,1915,31,0,0,0,1,1,2827,3.0,25,0
3.2,10.240000000000002,0,0,446,6.102558594613569,0,0,2,1,1,0,0,0,1,0,0,26.45,75.69,0.026068054661466666,0.8515752620551511,0.4889419386194256,0.46747048037967565,0.18735510192622296,0.0872044758537397,0.9116491585599993,0.8617027938989642,0.5691889961106652,0.7883524257206932,0.5248529655339536,0.10578303128058864,0.7447139409381296,0.42276334969968066,0.16105710385463512,0.15956816949839137,0.6720200763385376,1,1,inf,inf,0,0,1,1,1,0,1,0,7591,2286,288,0,0,1,0,1,446,3.2,16,0
4.4,19.360000000000003,1,0,4173,8.336630087637147,0,1,3,0,1,0,0,0,0,0,0,26.94,75.77,0.8902064547485826,0.08310605635896784,0.36620054419066816,0.27292130286280925,0.6084278082994568,0.4664183995432203,0.589822089629234,0.07864143110562594,0.12449291629167969,0.02176923022644972,0.02741559135463023,0.08758749759543916,0.6324605331672943,0.7760122774944487,0.1795905822707603,0.19436541057811896,0.46135122632583314,1,1,inf,inf,0,0,0,1,0,0,1,0,6813,4411,49,0,3,1,1,1,4173,4.4,47,1
4.3,18.49,1,0,1093,6.9975959829819265,0,1,4,0,1,0,0,0,0,0,0,26.73,76.43,0.5099469540610222,0.3812939659878589,0.037183204005016846,0.5295124696776087,0.023267663965965135,0.5670694431731433,0.5362213002636448,0.9952313227359166,0.9631585749213744,0.4463872570249485,0.07354474620114948,0.6905504463838679,0.6198563682386653,0.23599105892067118,0.11095918080304745,0.7081131885284202,0.7732392182884917,1,1,inf,inf,0,0,1,1,0,0,1,0,649,1470,286,1,2,1,1,0,1093,4.3,24,0
4.0,16.0,1,0,3873,8.262042843966942,0,1,1,1,1,0,0,0,0,0,0,27.35,77.15,0.5621548191551422,0.6413133051290336,0.23416898132611663,0.10138053811205106,0.8604949232545207,0.2745129614219074,0.100440857773618,0.09025795155475969,0.016789867682539206,0.45482659997114083,0.17135802357467877,0.3614152614962709,0.30538067899653554,0.5346624053532291,0.325641159863823,0.3688276169895517,0.8360323244346979,1,1,inf,inf,0,0,0,0,0,0,1,1,5224,374,237,1,0,0,0,1,3873,4.0,17,1
4.7,22.090000000000003,0,0,3712,8.21959545417708,0,1,1,1,1,1,0,0,0,0,0,27.02,75.60000000000001,0.9097893274771889,0.8548118332095873,0.9219658121761334,0.5171449194126788,0.9763663190948537,0.4944255531899927,0.20657577448990094,0.5355002028286234,0.7608255987173429,0.3268274181315107,0.23931589498713945,0.5170300739663453,0.02690717539176446,0.31651714926011776,0.2429102299280309,0.4475293819930194,0.6957823388682922,1,0,inf,inf,0,0,0,0,0,0,1,1,673,3326,188,1,1,0,0,1,3712,4.7,13,1
3.0,9.0,0,0,3066,8.028455164114252,0,1,4,0,1,1,0,0,0,0,0,27.34,75.78,0.13368432890443027,0.14151644897270088,0.40697968263714557,0.23742360608122381,0.17699634761898775,0.8483252119982674,0.6430082028653138,0.4632104667351975,0.3886006463873253,0.5645270919076347,0.5703798307774487,0.9929567581435248,0.8860700782083213,0.435707422633384,0.6449162317860379,0.40223205915199556,0.8446210395962196,1,0,inf,inf,0,0,1,0,1,1,1,1,165,596,246,1,3,0,1,1,3066,3.0,25,0
4.8,23.04,0,1,1446,7.277247726631484,0,1,3,0,1,1,0,0,0,0,0,27.79,76.0,0.1357199571864457,0.8295419252532277,0.9626658994629317,0.8508128193893694,0.6316288440889869,0.6440803162538209,0.9674490577723781,0.4105413550500988,0.8911471025326361,0.7108182439774724,0.9395732469577811,0.10551676154609313,0.9295326282554668,0.8105586037974768,0.6820321821582415,0.8771751125686698,0.2875395029626654,1,1,inf,inf,0,0,0,0,1,1,0,0,8740,4209,189,1,1,0,0,0,1446,4.8,20,0
4.4,19.360000000000003,1,0,4515,8.415381925269553,0,1,2,1,1,0,0,0,0,0,0,26.04,77.83,0.37409128757146737,0.2037635346923612,0.7335436369621752,0.5239743643163187,0.3727192978025977,0.13220000173781732,0.8652778111019234,0.9943261081939611,0.93471848783861,0.6316887556712246,0.9434276709146071,0.3583610607210499,0.7222886410664384,0.22321816967393515,0.5612114379153365,0.2255302257625147,0.8461999563579903,1,1,inf,inf,0,0,1,1,0,0,0,1,6725,268,248,0,2,0,1,0,4515,4.4,46,1
4.3,18.49,1,0,2123,7.66105638236183,0,1,1,1,1,1,0,0,0,0,0,26.1,76.71000000000001,0.6378739294925356,0.27985750591932324,0.14038738874127055,0.793604510118206,0.3828791745618757,0.45382646401002014,0.5200842925536623,0.6126614143210749,0.6718841510381807,0.15905368899363437,0.36893587636687486,0.12451657009267403,0.12514029928038428,0.530620031281626,0.9921999241245412,0.9753428201024056,0.7012078139318217,1,1,inf,inf,0,0,1,0,1,0,1,0,7585,4744,129,1,1,1,1,0,2123,4.3,22,0
2.6,6.760000000000001,0,0,991,6.899723107284872,0,0,1,1,1,0,0,0,0,0,0,26.85,75.08,0.7441092101974018,0.3794323999639786,0.6939602532458097,0.44536050379077674,0.29662059023948506,0.25408277910700827,0.6832151241359724,0.6786667916303433,0.8411695677801285,0.9770296994587984,0.5704659980471659,0.4397678573587086,0.9190792112649462,0.008799499763398222,0.9773851775297566,0.966957672623923,0.9731719413417175,1,0,inf,inf,0,0,1,1,0,0,0,1,9451,910,38,0,3,1,1,0,991,2.6,28,1
4.5,20.25,1,0,3900,8.268988209506656,0,1,1,1,1,1,0,0,0,0,0,27.67,75.5,0.4778023443225884,0.6890505383959399,0.6310302671521889,0.911138830031713,0.3270256672785079,0.06952246012307894,0.1648647371452997,0.061990503608893355,0.05893905942261801,0.4266741776946913,0.5811696266219815,0.674612436353074,0.26712745749387656,0.5973575989631352,0.3476975261179165,0.37534600080243086,0.18074652988733542,1,1,inf,inf,0,0,0,0,1,0,1,0,7808,3051,172,0,1,1,0,1,3900,4.5,35,1
3.3,10.889999999999999,0,0,3780,8.237743803890933,0,1,4,0,1,0,0,0,0,0,0,27.02,77.04,0.9233092464400983,0.8709691334899372,0.8517456351264991,0.8788870743682393,0.7036967426940895,0.8638508530975602,0.6643535710991195,0.9837633893737449,0.06744494115257316,0.3855109034149983,0.1368092210057642,0.43250724939842944,0.2457933953390321,0.24568375873822623,0.6791837964602876,0.6839379132748405,0.5290541415027933,1,1,inf,inf,0,0,1,0,1,0,0,1,1885,2020,189,0,0,1,0,1,3780,3.3,1,0
4.4,19.360000000000003,1,0,1459,7.286191714702382,0,1,2,1,1,1,0,0,0,0,0,27.32,77.7,0.6977633658314815,0.16714046502149005,0.987694830217471,0.23144095685414057,0.27709178730220163,0.2867895065075651,0.7321756197786535,0.9666494600317665,0.22127871347528927,0.7235641425744928,0.24999615493119798,0.2725808518620104,0.12015415410995678,0.615842940775673,0.012649037309694577,0.9518445032867476,0.2708873224987409,1,1,inf,inf,0,0,1,0,0,1,1,1,5770,1072,153,1,3,1,0,1,1459,4.4,2,1
4.9,24.010000000000005,0,1,3817,8.247482004285693,0,1,4,0,1,0,0,0,0,0,0,26.85,77.07000000000001,0.8184847771679161,0.8275571748317733,0.03256015103217291,0.33376816728630776,0.5906518496725034,0.3578375721364946,0.6572195067023124,0.33539258480148326,0.5929481072958448,0.11036183398631327,0.5146213794476976,0.7318717709028584,0.356987251997676,0.48702001133776496,0.5918451635377947,0.38885599278472693,0.3122331018661203,1,1,inf,inf,0,0,0,1,0,0,0,0,4315,1823,47,1,2,0,1,0,3817,4.9,20,0
2.7,7.290000000000001,0,0,2358,7.765993079407675,0,1,2,1,1,0,0,0,0,0,0,27.14,75.31,0.7351396024819619,0.2425482506138109,0.8302853855881992,0.18337774912736027,0.5516617028428191,0.07722180957119873,0.9775254571222896,0.41787488746165635,0.9723010858146695,0.8502141527548353,0.7583892895763537,0.8162182647858119,0.4000509431782656,0.6195516898056725,0.05136656899806691,0.7703759189500391,0.5214792771855578,1,1,inf,inf,0,0,0,1,1,1,0,0,1047,1327,70,0,0,0,1,1,2358,2.7,24,0
4.7,22.090000000000003,0,0,4545,8.422003004412488,0,1,4,0,1,0,0,1,0,0,0,26.14,75.38,0.47350490516586174,0.3884642027083909,0.1573031438092234,0.8941863296215333,0.9657522672167,0.6693035296553078,0.3448191068462374,0.7974729902983596,0.6982641605362303,0.13807179947363912,0.1976666468206031,0.5943817878438409,0.21098058583399704,0.3057344141987739,0.6588727036678118,0.22737312556089717,0.02557516124266701,1,1,inf,inf,0,0,1,1,1,1,0,1,4777,2886,213,1,3,1,1,1,4545,4.7,25,0
3.0,9.0,0,0,1132,7.0326242610280065,0,1,2,1,1,0,0,0,0,0,0,26.19,76.0,0.3326948211783155,0.14113873618716832,0.6466480844597269,0.05804087205271191,0.6069729327427646,0.9639070402834194,0.803885744159635,0.9138824895403082,0.8705237288156471,0.8622442437992863,0.8231523676935741,0.1158624187695626,0.18412075321724364,0.5663830226940172,0.9622787387843823,0.985702517383154,0.6988812727391837,1,1,inf,inf,0,0,1,0,1,0,0,1,8120,759,314,1,0,0,0,0,1132,3.0,33,1
5.0,25.0,0,1,4668,8.448700194970938,0,1,1,1,1,0,0,0,0,0,0,27.990000000000002,77.39,0.7730701738910698,0.03923703763025199,0.9765412096346396,0.9086691618894235,0.2002775492968507,0.32694254493989305,0.25051213993342647,0.13527774519645397,0.4959024719271603,0.19879012033146715,0.5885351692760679,0.5797495811433561,0.9763627825183191,0.3599417666725263,0.7473227575534888,0.04099275134836944,0.19435926887098987,1,0,inf,inf,0,0,1,0,0,0,0,1,2659,3458,308,0,3,0,1,1,4668,5.0,6,1
2.9,8.41,0,0,2307,7.744136627627991,0,1,2,1,1,1,0,0,0,0,0,26.29,75.36,0.9393294534363976,0.5667352323415251,0.4387456741776098,0.12719287345632635,0.3881440105106788,0.692896897445796,0.06265841222786839,0.958875767408252,0.17332546491471668,0.778048947182747,0.599590678170168,0.9523786457981626,0.2066693359257883,0.1412820308594005,0.35023312636541415,0.610531779440121,0.1739726649337876,1,1,inf,inf,0,0,0,1,1,0,1,1,851,561,249,0,1,0,0,1,2307,2.9,4,0
4.5,20.25,1,0,2544,7.841885928984623,0,1,4,0,1,0,0,0,0,0,0,26.02,75.96000000000001,0.9835030537501508,0.5046679841822955,0.835435397329149,0.619746581261289,0.09678124696079338,0.6958930131027438,0.17090002875116728,0.879983344787665,0.43287719023794247,0.36673982822752826,0.9142226623384054,0.1403902309203422,0.9477587639693903,0.6874361046253633,0.3201880408168045,0.6676989842083104,0.1483214185181727,1,0,inf,inf,0,0,1,1,1,0,1,0,7596,3723,183,0,0,0,0,0,2544,4.5,46,0
2.5,6.25,0,0,2727,7.911324018963353,0,1,4,0,1,0,1,0,0,0,0,26.97,77.76,0.5310780581654734,0.8305625683721226,0.6809464413377926,0.9624995427101091,0.21140469130524908,0.3675445328012942,0.9278866112363608,0.9551195110504749,0.7447702921181693,0.32759426729169117,0.43578517919745674,0.7048165416137867,0.6943402610076949,0.45530805180746947,0.835734876186002,0.5420558622961894,0.861271076514253,1,0,inf,inf,0,0,1,1,1,1,1,1,7558,3372,262,0,3,1,1,0,2727,2.5,46,0
3.8,14.44,0,0,1595,7.3752557780097545,0,1,4,0,1,0,0,0,0,0,0,26.560000000000002,76.35000000000001,0.5682854950565915,0.7897962687429004,0.09223967996432003,0.43951597129132935,0.04861495322335896,0.16079095300102075,0.36638572392022906,0.08279829446294118,0.6632680498566514,0.18238443507208846,0.8768481399197449,0.3187189328895771,0.3953205371668732,0.2805544834705811,0.7921203196222742,0.8416735851466038,0.992082671093736,1,0,inf,inf,0,0,0,1,1,0,1,0,996,71,194,0,0,1,1,1,1595,3.8,37,1
2.9,8.41,0,0,590,6.3818160174060985,0,0,4,0,1,0,0,0,0,0,0,26.22,75.96000000000001,0.08373079796320027,0.8322347491591038,0.19346167317087837,0.8179706995024255,0.9336760306924214,0.1201168341650144,0.9400718811676511,0.6506088643038017,0.045221685065075956,0.09573887303568429,0.41270440867269487,0.3183579124375452,0.1484730280600881,0.40750605496315984,0.6526314020494647,0.01683499382566067,0.05126899243810312,1,1,inf,inf,0,0,1,1,0,0,0,0,1411,921,74,0,1,1,1,1,590,2.9,10,1
3.8,14.44,0,0,3496,8.159660737063376,0,1,4,0,1,1,0,0,0,0,0,26.11,76.28,0.4491862255918886,0.24158607150834321,0.4426176925534371,0.37063339733315115,0.9452650590492763,0.11613261226627625,0.266292580826082,0.7725817656990772,0.5723378227188307,0.5712342933343083,0.8636678619487286,0.37166565073859004,0.3220741897511207,0.8692749370979521,0.6665855849886582,0.01837607865457158,0.4613226438615369,1,1,inf,inf,0,0,0,1,0,0,0,0,9482,1105,43,1,1,1,0,0,3496,3.8,27,1
4.7,22.090000000000003,0,0,3858,8.258163361537619,0,1,2,1,1,0,0,0,0,0,0,27.26,75.45,0.3596940391263713,0.9312569548595041,0.41131457365386614,0.8203714887784351,0.6101490228711987,0.9158534778227653,0.8000803262960869,0.9692461816762524,0.7250315163774552,0.5656219088597356,0.3256079292059324,0.3190292875378308,0.17642859391871313,0.817822240030707,0.29575510629753365,0.07108895599254728,0.15182482745363546,1,1,inf,inf,0,0,1,1,1,1,1,1,9284,2994,20,0,1,0,1,1,3858,4.7,47,1
2.6,6.760000000000001,0,0,1909,7.554858521040676,0,1,4,0,1,0,0,1,0,0,0,27.5,75.92,0.7766325254399439,0.7832991452688896,0.6431764677918139,0.967868945193856,0.5285533376510285,0.5103815854768977,0.14351722967535185,0.7206103496066384,0.6804524595166989,0.5484200422228415,0.025477051495560454,0.4581876259520987,0.6314794767792886,0.7259577647733298,0.9414855924744392,0.4744121480496958,0.7198283912723085,1,0,inf,inf,0,0,1,1,0,0,1,1,5353,3256,289,0,1,0,1,0,1909,2.6,17,0
4.4,19.360000000000003,1,0,2263,7.724888439323074,0,1,1,1,1,1,0,0,0,0,0,26.12,75.2,0.2532604083363057,0.9613676864584885,0.533977118619861,0.34542829379604145,0.12232700029364851,0.03348626398372123,0.5173027513784061,0.43773622552889424,0.3004223837060439,0.07226161421574473,0.09352191980303581,0.4299762565846923,0.6160994632597562,0.1994908794810304,0.19474863967875178,0.6384714617630758,0.9853662898665334,1,1,inf,inf,0,0,1,1,1,0,1,1,5605,1714,347,0,1,0,0,0,2263,4.4,28,0
4.4,19.360000000000003,1,0,4658,8.446556111816797,0,1,1,1,1,0,0,0,0,0,0,26.16,77.7,0.42726878395880585,0.730427632129854,0.4828501875280006,0.8642586903496364,0.7183999009356548,0.3492915146197171,0.4062351460517436,0.8296781063016806,0.722956785046473,0.5579707154892064,0.205224356918847,0.4241666532367082,0.9779632469622128,0.3344624101160286,0.45931707065547966,0.06448047915397215,0.023367105116602005,1,0,inf,inf,0,0,1,1,0,0,1,1,8026,1882,235,0,2,1,1,1,4658,4.4,39,0
3.9,15.209999999999999,0,0,4717,8.45914025996762,0,1,1,1,1,0,1,0,0,0,0,26.35,77.43,0.9927933968114546,0.18667629771995875,0.8642666670658604,0.728524367116549,0.8592157798874607,0.7971245931348472,0.9114017544053993,0.09321034637921188,0.8041605167270501,0.9448613904015659,0.7092745901914085,0.1658192486167498,0.0901278378160858,0.402273806005745,0.7057428926324042,0.9993990447424155,0.14983735571102652,1,1,inf,inf,0,0,1,1,0,1,0,1,6296,3557,355,0,0,1,1,0,4717,3.9,30,0
4.2,17.64,1,0,4581,8.42989086301344,0,1,2,1,1,0,0,0,0,0,0,26.26,77.92,0.4897011113520162,0.9906276664921148,0.8568816673674016,0.34403227863798336,0.011886286470940477,0.8447557449999887,0.4244176416331722,0.025429812363851334,0.600394351578883,0.5125393404626978,0.6434128532699094,0.5908764323027791,0.3956172072172137,0.022406761590280877,0.7802805943202624,0.3881078759055506,0.003402671140958935,1,1,inf,inf,0,0,0,1,0,1,0,0,2049,4154,275,1,0,0,0,0,4581,4.2,12,0
4.1,16.81,1,0,2789,7.933796874815411,0,1,2,1,1,0,0,0,0,0,0,26.72,76.78,0.5710640803042274,0.6557457423136516,0.1334968583830477,0.2836639474056599,0.06580682673866778,0.5069047123436852,0.9908838927104632,0.6359578219625727,0.7076321147162009,0.471278942936167,0.5328367819526273,0.08762815244008015,0.19977817405202802,0.6917769733292913,0.06226633563597528,0.5110208483700157,0.5815292498803234,1,0,inf,inf,0,0,1,1,1,0,1,0,4868,2751,99,0,1,1,1,1,2789,4.1,36,1
2.6,6.760000000000001,0,0,3395,8.130353547431238,0,1,4,0,1,0,0,0,0,0,0,26.45,76.37,0.8530584265702333,0.5631368134760291,0.774760551747759,0.018758968443503,0.9628312213727369,0.1473723704947587,0.6973501731247583,0.4122335649919069,0.5901683048088042,0.36061195882479724,0.359719267526006,0.43000802328343923,0.8906787762585483,0.18814617712697124,0.2355754548011486,0.9399500705139808,0.5843251330205339,1,1,inf,inf,0,0,1,0,1,1,1,0,549,678,82,1,0,1,0,0,3395,2.6,19,0
4.5,20.25,1,0,4976,8.512582578858554,0,1,3,0,1,0,0,0,1,0,0,26.44,76.42,0.19771683998921596,0.18739338121077698,0.3274814547040592,0.4607852108355417,0.1263265510732089,0.8459963925781456,0.7626007178063154,0.25931483048085724,0.8684367614741991,0.7913909178987667,0.9821113079175141,0.02491431216408646,0.17635428091289673,0.8235974039961206,0.12495710001714821,0.0034143416209477806,0.8768057162820131,1,1,inf,inf,0,0,0,0,0,0,0,0,4812,2619,121,0,2,0,0,0,4976,4.5,35,1
3.1,9.610000000000001,0,0,5000,8.517393171418904,0,1,4,0,1,0,0,0,1,0,0,27.34,76.05,0.5584230750133086,0.5998671013492339,0.4244239187961656,0.2774691415888223,0.49147113745934745,0.3041397166500003,0.7967355228413131,0.5468947889418462,0.38939928436623883,0.9932142267374247,0.8827335423222961,0.0002594882188511338,0.9139979607186701,0.49988440430050773,0.32682153610305864,0.21020447693116961,0.10331024537338174,1,0,inf,inf,0,0,0,1,1,1,1,1,63,3000,312,0,0,1,0,1,5000,3.1,49,0
4.4,19.360000000000003,1,0,3886,8.265392930852224,0,1,4,0,1,0,0,0,0,0,0,26.01,77.06,0.8112942182998046,0.5195833016061342,0.24260963363357768,0.433798835645807,0.3021921611406515,0.4671375446005347,0.4625137922225714,0.5442715200765731,0.022108531478538196,0.4620126368360322,0.5815057793555073,0.8139621718744473,0.13233707636405068,0.2816148796474164,0.8648103729907777,0.7372718964095915,0.20900753382375625,1,1,inf,inf,0,0,0,0,0,0,1,0,6975,4824,205,1,3,1,0,1,3886,4.4,44,1
4.2,17.64,1,0,2231,7.710653323501202,0,1,1,1,1,0,0,0,0,0,0,27.63,77.15,0.616935189407519,0.16259549688902186,0.2234162737778702,0.4788935994284167,0.6523083894427124,0.0652323204567754,0.3018005401090703,0.734112698795322,0.6184743806954185,0.5705295299589346,0.8130142331622316,0.1449811538188277,0.7322617892693422,0.08193477273587713,0.07425476557458788,0.23293027108261288,0.9397877563990685,1,1,inf,inf,0,0,1,1,0,1,0,1,8615,3965,237,0,3,1,0,0,2231,4.2,28,1
3.6,12.96,0,0,737,6.6039438246004725,0,0,1,1,1,0,0,0,0,0,0,26.03,75.31,0.39042313105868365,0.07571144074398695,0.09438039514271035,0.8673274547641786,0.6377019366674276,0.49653799208798977,0.3381172133377105,0.013142737246114922,0.053934239726565414,0.1501847284639375,0.37490470328827663,0.015766755628185747,0.6209245916902938,0.557222791029205,0.004704517129598962,0.1718529963478933,0.08657987256646649,1,1,inf,inf,0,0,0,1,0,0,1,1,2586,4863,203,1,3,0,1,0,737,3.6,28,0
4.0,16.0,1,0,4044,8.305236829492593,0,1,3,0,1,0,0,0,0,0,0,26.01,75.08,0.619530193950645,0.28243468006366923,0.6010171810250313,0.22335099730601504,0.4163537071257032,0.7999094112715306,0.37240081176801054,0.6022973221699247,0.2571740350315376,0.3494278778220795,0.19053554340430345,0.561935214365537,0.5436276215775888,0.41443836645649434,0.582228486815887,0.5643074798758186,0.8546010261273251,1,1,inf,inf,0,0,0,0,0,0,1,0,24,1213,213,0,1,1,0,1,4044,4.0,16,1
4.5,20.25,1,0,170,5.14166355650266,1,0,4,0,1,0,0,0,0,0,0,26.04,76.36,0.7696750719118313,0.3181018834988789,0.1361163083303708,0.6556069539764081,0.13790820633391032,0.4896238508802414,0.04272046153524689,0.0884486753970225,0.7723450812186895,0.5081442841104873,0.6778746827181198,0.714039547375251,0.5183353911958098,0.14000574635241014,0.8223185875327144,0.7079365817954285,0.6907503397493114,1,1,inf,inf,0,0,1,1,0,0,0,1,7748,219,130,1,1,1,0,0,170,4.5,10,0
3.9,15.209999999999999,0,0,3744,8.22817689595132,0,1,2,1,1,0,0,0,0,0,0,26.88,77.34,0.4608236984056596,0.2923837764650554,0.2956532493550651,0.488479679369765,0.8894007470277695,0.02057511869354134,0.0959024337835227,0.8912605812041097,0.6708924408901938,0.4006035288726555,0.3681113758695457,0.6823351317675862,0.3873626644687379,0.07823438317697595,0.8225801510988163,0.6981399926638169,0.3971672781874086,1,1,inf,inf,0,0,0,1,0,0,1,0,7754,1499,362,0,3,1,1,0,3744,3.9,8,0
4.5,20.25,1,0,170,5.14166355650266,1,0,2,1,1,0,0,0,0,0,0,27.44,76.91,0.14631707626664003,0.9524642144660455,0.7784302596392477,0.7273164386339347,0.2676178523675803,0.046059013506369095,0.26102719620752857,0.172025330544457,0.6712864220693296,0.9184454307047727,0.9356858304949744,0.33145461571246604,0.924958255282927,0.9802335046775069,0.8798262343788663,0.5514715842286031,0.6805666000329603,1,1,inf,inf,0,0,0,0,0,0,1,1,2199,2426,107,0,1,0,1,1,170,4.5,2,0
4.1,16.81,1,0,1279,7.154615356913663,0,1,4,0,1,0,0,0,1,0,0,26.12,76.43,0.530115873853512,0.31155042066059024,0.5666101404176929,0.7366099638943868,0.8161979934577326,0.9972635015040727,0.04529400542364237,0.2535069202141734,0.2724111426278071,0.2670271732162409,0.3680450733697316,0.8599993383810813,0.5502148968435174,0.09565393479642936,0.4454013192921008,0.5469906711273348,0.14883577124470193,1,1,inf,inf,0,0,1,1,1,0,1,0,8337,404,255,0,1,0,0,0,1279,4.1,38,1
3.7,13.690000000000001,0,0,2835,7.950149887652018,0,1,4,0,1,0,0,0,0,0,0,27.3,77.62,0.9384535822086217,0.19591771789905632,0.738065463135215,0.5693834873103515,0.9871703453188037,0.7098283559152905,0.19150541315229164,0.8454202167593131,0.7008199911571292,0.8359480171968935,0.33021339811521444,0.7658488388396227,0.6531376232468021,0.4819041958704905,0.3674943246643062,0.26180854807922427,0.15544052704345734,1,1,inf,inf,0,0,1,1,1,1,1,1,8277,3418,238,1,3,1,1,0,2835,3.7,31,0
3.2,10.240000000000002,0,0,1950,7.576097340623111,0,1,3,0,1,0,0,1,0,0,0,27.86,76.62,0.42987041746711463,0.7287533943413117,0.06132537638594804,0.6571989881154506,0.26750697834351156,0.5402795096368257,0.9760333910966847,0.40420833117070676,0.9936106401949487,0.09067835745564534,0.27021208080060366,0.6667424202019604,0.23525524398996134,0.6543639744433005,0.11905060089137176,0.23551704807938545,0.09964713133601855,1,1,inf,inf,0,0,0,1,0,0,0,0,1679,1744,73,1,0,1,1,0,1950,3.2,16,0
4.3,18.49,1,0,2247,7.717796211013582,0,1,3,0,1,0,0,1,0,0,0,26.830000000000002,75.59,0.6348877446349492,0.708505336470569,0.7299367631994828,0.19442981181098873,0.70763930921587,0.31092346558577,0.9680288543630583,0.533420214968943,0.07436184810442625,0.46389646670124285,0.937274286071758,0.2172034115907887,0.00029010477005331214,0.5539035822320673,0.13719836500579008,0.14525766295253728,0.4319844059881274,1,1,inf,inf,0,0,1,1,1,0,0,0,2849,4843,56,0,2,1,1,0,2247,4.3,6,1
3.7,13.690000000000001,0,0,2531,7.836764783264067,0,1,4,0,1,0,0,0,0,0,0,26.59,76.9,0.1827898710405491,0.039726365293350274,0.939241844538664,0.33924511075991737,0.8057151968293168,0.9871985300422248,0.6988578520204606,0.31472397514008355,0.7371548362005094,0.97922482654972,0.758333309707729,0.5284002230863438,0.49589515831360687,0.5652712277388142,0.05746256496358626,0.22801985976104333,0.9911134741521092,1,1,inf,inf,0,0,0,0,0,1,0,1,7046,4493,259,0,0,1,0,0,2531,3.7,44,1
4.5,20.25,1,0,2582,7.8567067930958405,0,1,2,1,1,0,0,0,0,0,0,27.82,77.38,0.61149271139059,0.8589448823468381,0.9720460305988256,0.6282236041066913,0.8038606723321817,0.7723866275019425,0.2960226180730612,0.5212725638538572,0.9756080954359977,0.548918234782618,0.5905028763917172,0.13961509849093312,0.2267867440543163,0.9644049249702779,0.33106995626772606,0.0643343383661088,0.43797002247541195,1,1,inf,inf,0,0,1,0,0,1,1,0,681,1954,106,1,3,1,0,1,2582,4.5,8,1
4.4,19.360000000000003,1,0,1490,7.307202314764738,0,1,1,1,1,0,0,0,0,0,0,28.0,77.58,0.32807822856220803,0.3272154475930832,0.07194685504446674,0.994877854065354,0.7360522405503073,0.5034142637850152,0.7918074226962185,0.015551620133486765,0.7999641086796608,0.8814711002724215,0.339136891097363,0.8421764481501091,0.6752589659153568,0.7131379864636845,0.9975227668541055,0.06858805466726614,0.37058882232392676,1,0,inf,inf,0,0,1,1,1,1,0,0,9048,4971,191,0,1,0,1,1,1490,4.4,6,0
4.6,21.159999999999997,0,0,760,6.634633357861686,0,0,1,1,1,0,1,0,0,0,0,26.04,77.19,0.2180689091628445,0.625298645611065,0.6278107298617004,0.40347892514375183,0.7000779974234639,0.04922351550020376,0.8777275205099747,0.8320073906927739,0.293839539762509,0.32197338224787264,0.8221110070504334,0.9039366173473672,0.09293353742669075,0.8261495369469164,0.6761390984791849,0.47817699901288113,0.03283304196698411,1,1,inf,inf,0,0,1,1,0,1,0,0,2542,4401,112,0,2,0,0,1,760,4.6,20,0
4.2,17.64,1,0,3543,8.173011311724972,0,1,3,0,1,0,0,0,0,0,0,27.91,76.29,0.8596195116414969,0.6998404610106499,0.02614947504166376,0.2630997349532692,0.6199504748852257,0.6845961854055704,0.3492916917535618,0.9919576389070199,0.4443648446313353,0.6390875164869503,0.0018174279867477772,0.5781312756574529,0.0138172048523868,0.9455394557543125,0.004118451958382785,0.09303852100697962,0.7362659764063362,1,1,inf,inf,0,0,0,1,1,0,1,1,9699,1247,349,1,0,1,0,1,3543,4.2,13,1
3.5,12.25,0,0,4945,8.506334448081361,0,1,3,0,1,0,0,0,0,0,0,27.0,75.43,0.8611674856199942,0.845261569073193,0.6424924365512091,0.12734103203489056,0.7395632182431925,0.7205180793197591,0.2315281326872458,0.7789055403721454,0.4155844645350165,0.8814252645149,0.4190011188179855,0.7775403375210553,0.6050160899964477,0.6314262641763846,0.4403407973141773,0.3057899221320062,0.29844282024722835,1,1,inf,inf,0,0,1,0,1,1,0,1,7810,4596,225,0,0,1,0,1,4945,3.5,27,1
4.1,16.81,1,0,1817,7.505492274737424,0,1,2,1,1,0,0,0,0,0,0,26.59,76.39,0.8163016118892092,0.9254029172043693,0.14050042926158268,0.832071068442802,0.6834570487399392,0.02415762974554292,0.49771530790461926,0.47572777973646707,0.330538726262399,0.5081379335783627,0.048236932540328126,0.14427724828499722,0.017919983989935995,0.8153474454768621,0.7625282253697119,0.8187548674480322,0.38890015058650096,1,0,inf,inf,0,0,1,0,1,0,0,1,4375,4655,116,0,2,0,0,1,1817,4.1,45,1
2.6,6.760000000000001,0,0,2650,7.8826922062890254,0,1,2,1,1,0,0,0,0,0,0,26.28,77.39,0.3778714755700905,0.19988101476201792,0.09474798514190097,0.16449285082136433,0.13239562555190254,0.8641973217809715,0.11186831661810648,0.6163476782541055,0.19494866656830456,0.3840918146826583,0.6329605414172856,0.2798395578095594,0.18039780903696923,0.038424412707791955,0.07968917333097825,0.7948711588397482,0.06299842738829764,1,1,inf,inf,0,0,0,1,0,1,0,0,2962,2381,114,0,0,0,0,1,2650,2.6,9,0
2.9,8.41,0,0,3591,8.18646442942209,0,1,4,0,1,1,0,0,0,0,0,26.2,76.62,0.4856486795959778,0.213998679207547,0.27857897326712777,0.7956793832696811,0.6781292806487551,0.42955755500113546,0.9418519275735963,0.6655511641197175,0.39663829305365106,0.1295874494717475,0.42132850370014774,0.7055656301650564,0.8650714174967093,0.6779805816146888,0.48034053314188907,0.08085624143009029,0.6881806870584295,1,1,inf,inf,0,0,0,1,1,0,1,0,8437,825,265,1,2,1,0,1,3591,2.9,45,1
3.6,12.96,0,0,2717,7.907651594711089,0,1,4,0,1,0,0,0,0,0,0,27.150000000000002,75.75,0.8074322887139794,0.9485058665906287,0.5424115168846113,0.4993936534889759,0.015709115983879474,0.5058109595573247,0.9833488528370703,0.767699538245185,0.24001552462811127,0.05147304549464882,0.686243796054607,0.861380041065029,0.11050394769401328,0.7668135237616978,0.7329893243817363,0.051109279212517844,0.2399117435243463,1,0,inf,inf,0,0,1,0,0,0,0,0,8202,3403,303,0,0,1,1,0,2717,3.6,33,1
2.9,8.41,0,0,3434,8.14177220465645,0,1,3,0,1,0,0,0,0,0,0,27.060000000000002,75.66,0.51414282565364,0.7409597206098595,0.940866554856721,0.3775988335765922,0.3991133356957365,0.2925123290373449,0.24524458429980311,0.11614021161394894,0.8203967446112557,0.6232054118554535,0.5704026736402581,0.6291896435326632,0.44981095387554737,0.9863202203138581,0.6375177353695388,0.05306608598309104,0.5592675576361478,1,1,inf,inf,0,0,0,1,1,1,0,1,8992,830,347,1,0,1,1,1,3434,2.9,10,0
3.7,13.690000000000001,0,0,4201,8.343315881404946,0,1,1,1,1,0,0,0,0,0,0,26.48,77.98,0.5209407160664259,0.10446070477764191,0.11519624657208638,0.6404011458509818,0.8147307949377232,0.5178858009786521,0.17504154158838503,0.6305047332543673,0.07656181607277679,0.7804820254619167,0.11049986650980392,0.9090771805288089,0.23854751329313162,0.4905647635343331,0.12712954334043036,0.30003593469446166,0.9641622133283739,1,0,inf,inf,0,0,1,0,0,0,1,1,5108,4813,189,0,0,0,0,1,4201,3.7,10,1
4.2,17.64,1,0,3417,8.136810863675537,0,1,3,0,1,0,0,0,0,0,0,26.16,77.75,0.8593263306736139,0.46365895690249315,0.4020645175943959,0.9724451138057031,0.7517368578623209,0.08952320226210653,0.015394667087989977,0.9253812200751326,0.49744727419954127,0.714832390859313,0.5684461565747391,0.1456398154796219,0.8158915284792532,0.05305197563917907,0.7480131686210135,0.8922256814743192,0.22987556834692158,1,1,inf,inf,0,0,1,1,1,0,1,0,8682,173,352,0,2,1,1,0,3417,4.2,11,1
4.2,17.64,1,0,3605,8.190354403763262,0,1,2,1,1,0,1,0,0,0,0,26.28,75.85000000000001,0.7964885343428922,0.46300349339775426,0.8313676111299363,0.5901174275383517,0.9358279802415846,0.26008798169450487,0.5021650565018991,0.2490235505614019,0.11124654479750695,0.9921169006419762,0.21816842316925966,0.5166247381360709,0.2471582470435244,0.8853612675308223,0.41053965714011476,0.7658155974451759,0.6202139151291236,1,1,inf,inf,0,0,1,0,0,0,0,1,8545,4095,363,0,2,0,0,0,3605,4.2,28,0
4.2,17.64,1,0,4116,8.322880021769905,0,1,3,0,1,0,0,0,0,0,0,26.01,75.11,0.3131416860319862,0.29820822835446437,0.6820867220485018,0.5817742445968234,0.5340552307619096,0.806521142050701,0.5338640787100338,0.3509246658782107,0.869667060684324,0.810907054709992,0.9379087357857413,0.6504946205080203,0.7449527910144875,0.5758526592530876,0.6775964886804229,0.3433014415175525,0.17930530203841066,1,1,inf,inf,0,0,1,1,0,1,0,1,6191,4749,198,0,3,0,0,0,4116,4.2,42,0
4.8,23.04,0,1,1821,7.507690077819904,0,1,3,0,1,0,0,0,0,0,0,26.48,75.37,0.7168268977972624,0.6248146903129103,0.8852040413083558,0.5915019523164047,0.6928418530550694,0.3470121528005168,0.4339941787852827,0.028585410477556916,0.40604331978613817,0.7490196814883622,0.38935017942454997,0.6031355826377279,0.664545974504369,0.20135162976390653,0.3019962342564211,0.9545082755556696,0.06032384291084092,1,1,inf,inf,0,0,0,1,1,1,0,1,2367,235,148,1,3,1,0,1,1821,4.8,26,0
4.7,22.090000000000003,0,0,718,6.577861357721047,0,0,4,0,1,0,1,0,0,0,0,26.78,76.27,0.48778878610453646,0.007969966043835486,0.8365726127221769,0.18660066338249304,0.7777369732965331,0.40166616418623513,0.6819533540474605,0.6781432833322919,0.6600748951565645,0.7754945783727023,0.7987883762181622,0.4108810827768441,0.40880912855990525,0.07203256725190299,0.12444514852815847,0.7039953097946972,0.8167739192526409,1,0,inf,inf,0,0,0,1,1,1,0,1,4869,935,325,1,0,1,1,1,718,4.7,24,1
3.7,13.690000000000001,0,0,2977,7.999007213243955,0,1,4,0,1,1,0,0,0,0,0,27.95,75.98,0.255912170509512,0.6193291129552447,0.5777225747939652,0.37300419219084835,0.6423723793737777,0.5733373439885756,0.26103103036688335,0.4252663683732524,0.5414641845246476,0.9744553131512292,0.8661427578747919,0.5277336600824435,0.001608110232387383,0.11359311712471543,0.17975124962230826,0.12924513034150487,0.1697386768593887,1,0,inf,inf,0,0,0,0,1,0,1,1,5634,992,202,1,1,0,1,0,2977,3.7,38,1
2.7,7.290000000000001,0,0,1227,7.113142108707088,0,1,3,0,1,0,0,0,0,0,0,26.2,75.2,0.7389917368196774,0.49622138378293834,0.793177885548796,0.48777186867857936,0.9939537919474625,0.7739343313239042,0.05514810942428905,0.8239030199082872,0.4144966540057403,0.8031451392088728,0.5003686615094176,0.13523868509807058,0.6573513786391022,0.7953507966866681,0.3701820190080597,0.6701133173442091,0.25233986483081505,1,1,inf,inf,0,0,0,1,1,1,1,1,5204,4768,255,1,1,0,1,0,1227,2.7,14,0
4.0,16.0,1,0,1255,7.135687347028144,0,1,3,0,1,0,0,0,0,0,0,27.14,77.61,0.703430651321327,0.6430912018813904,0.035434700289310395,0.5162246648735969,0.1481615686376273,0.30742109405522355,0.26702334196804534,0.8796971838931528,0.9853043795126576,0.5471937224406611,0.924469559784804,0.7418422127888096,0.27897019846955995,0.10497767577160788,0.7667169049762674,0.7723687195538096,0.8419444258589664,1,1,inf,inf,0,0,1,1,1,1,0,1,6906,1723,282,1,2,1,0,0,1255,4.0,15,0
3.0,9.0,0,0,3811,8.245909264774093,0,1,4,0,1,0,1,0,0,0,0,26.5,77.32000000000001,0.258668206270962,0.9464556135264997,0.3668524492075492,0.8379743945403519,0.6648672532187648,0.8501737070720339,0.25045552025000173,0.23706355784242117,0.07767697946191254,0.47492715703752464,0.33883461948412363,0.13360923517619483,0.8026385926400936,0.40571285005540536,0.8899077238120375,0.4988004454723538,0.5114506026147786,1,1,inf,inf,0,0,0,1,0,1,0,0,7570,2228,311,0,0,0,1,1,3811,3.0,48,0
3.8,14.44,0,0,3985,8.29054350077274,0,1,4,0,1,0,0,0,0,0,0,26.86,76.06,0.0877231675635829,0.60149333827554,0.8067707823494585,0.9787516399996138,0.8704075255271989,0.7593902991102487,0.9695005755848656,0.5762491357224905,0.39150011011216057,0.5596063929907065,0.9426156780390909,0.580783773951472,0.04371940156123666,0.6026449791964318,0.22660269640131558,0.7488305830806364,0.9808057531501434,1,1,inf,inf,0,0,0,0,0,0,1,0,7696,1510,323,1,3,1,0,0,3985,3.8,7,1
2.6,6.760000000000001,0,0,3423,8.138564737261632,0,1,2,1,1,0,0,0,1,0,0,27.310000000000002,77.7,0.6023596407279279,0.25377249655546696,0.30600282293627623,0.5762584008537072,0.44221340398306996,0.6238761950377323,0.2181474231892464,0.7252631111776681,0.037567291846886564,0.1958645215950906,0.39476447305530615,0.7746459840548703,0.8903758350298764,0.36975131681888695,0.24955681654044226,0.5220166027971669,0.14461207649121166,1,1,inf,inf,0,0,0,1,1,0,0,1,1182,4003,237,1,1,1,1,0,3423,2.6,37,1
4.9,24.010000000000005,0,1,3917,8.273336598504486,0,1,1,1,1,0,0,1,0,0,0,27.18,76.04,0.9174248359291767,0.28210793707639914,0.5449890992214284,0.23592316859265006,0.0385889741866704,0.09932310297035185,0.09973407820770874,0.48064994888696133,0.47771504532542897,0.44591375237148256,0.6775261743796391,0.23581880405479816,0.7032841006332502,0.67458444780067,0.7553948053365648,0.5531070853782795,0.9857937800205004,1,1,inf,inf,0,0,1,0,0,0,1,1,7211,4341,117,1,2,1,1,0,3917,4.9,24,0
4.6,21.159999999999997,0,0,213,5.365976015021851,0,0,1,1,1,0,0,0,0,0,0,26.64,76.3,0.9591355682912286,0.22376120268039534,0.35060606060981536,0.7589955964253202,0.4138268856328565,0.015183640768059226,0.2795054513677535,0.5368200074382657,0.8166542148666537,0.07749291109750234,0.08450718248460876,0.7703160532378949,0.10840110321578578,0.8512120996583304,0.5082756804345171,0.6200448856614645,0.07034470897492917,1,1,inf,inf,0,0,0,1,1,0,1,1,4922,384,121,1,0,0,1,1,213,4.6,28,0
3.2,10.240000000000002,0,0,3377,8.125039097367745,0,1,3,0,1,0,0,0,0,0,0,26.3,78.0,0.7782321323069961,0.49314244308931676,0.34947775939621906,0.16855186272943,0.5729711792421185,0.4482460334919355,0.3332325647071198,0.4706538880715775,0.4662696897202998,0.9980926458061115,0.3943538946888313,0.18628406085049531,0.47774961333448906,0.5685485879809297,0.38853205146731684,0.321387671550751,0.32590933384036114,1,1,inf,inf,0,0,0,0,0,0,1,0,2793,720,131,1,3,0,1,1,3377,3.2,32,0
3.7,13.690000000000001,0,0,4218,8.347353412124338,0,1,4,0,1,0,0,0,1,0,0,27.87,76.45,0.11364365765094664,0.5507187580902896,0.2916768047943632,0.6451243222118088,0.7652373386522437,0.28931572708124287,0.2171211916082122,0.8646281227685468,0.2575587905617117,0.5042420028360551,0.07047268421016017,0.5663072320723963,0.39989060679880273,0.038959263573343006,0.393701695113007,0.945591107449693,0.1332015004901128,1,1,inf,inf,0,0,0,0,0,0,0,1,1467,3517,342,1,0,1,0,1,4218,3.7,3,1
3.1,9.610000000000001,0,0,200,5.303304908059076,0,0,3,0,1,0,0,1,0,0,0,27.2,75.41,0.6910978004110921,0.5182672299369149,0.4498030232427228,0.48332767384533504,0.6391640563668725,0.5938533574058537,0.9706011402888768,0.04651187727887196,0.5945073155213672,0.2108099421457631,0.6635628366324955,0.9955033280611506,0.3606731357223262,0.23614318858393368,0.2249085240319294,0.9991081427992274,0.45437302352095454,1,1,inf,inf,0,0,0,0,1,1,0,0,829,557,155,1,3,0,0,1,200,3.1,26,1
3.8,14.44,0,0,4350,8.37816098272068,0,1,2,1,1,0,0,0,0,0,0,27.91,77.47,0.4107871315783943,0.30036656411655827,0.7222496573544671,0.12201905382757738,0.24120125509306245,0.09331710932942838,0.5613806123822471,0.8633538450337418,0.257568636590072,0.3091533001028799,0.4749750042577495,0.5847245031127596,0.8937403823434971,0.008613178301193236,0.9168410165623493,0.9727084616659226,0.8802416057686926,1,1,inf,inf,0,0,1,0,0,1,1,1,5631,2166,76,1,3,0,0,1,4350,3.8,3,0
3.2,10.240000000000002,0,0,90,4.51085950651685,1,0,4,0,1,0,0,0,0,0,0,27.810000000000002,76.41,0.21324400291200096,0.6750315489079429,0.5274402866088864,0.6957233010076354,0.06918901029603852,0.4763995200668426,0.31454519243851475,0.5897229714967998,0.9260758033563193,0.26407274991627105,0.5510656590887645,0.32087038444262916,0.42516878624084653,0.657357847447864,0.0186072210292475,0.8818531679577554,0.21571126604423108,1,1,inf,inf,0,0,1,0,0,1,0,0,3930,573,282,0,2,0,0,0,90,3.2,21,1
3.3,10.889999999999999,0,0,2693,7.898782356970309,0,1,1,1,1,0,0,0,0,0,0,27.16,77.88,0.8672529132806662,0.7778427694706613,0.873124759846487,0.4236093946437337,0.4662384051314803,0.9742828111585097,0.16782005731144367,0.3758612428444372,0.1285278250313393,0.6972614633168188,0.48860402983154716,0.2599799213276752,0.9383127506460278,0.24497086416456015,0.26477460058350377,0.3209673432650798,0.840497457416348,1,0,inf,inf,0,0,0,1,1,0,1,0,7259,4514,357,0,1,0,0,0,2693,3.3,5,0
4.6,21.159999999999997,0,0,2368,7.7702232041587855,0,1,1,1,1,1,0,0,0,0,0,26.14,77.63,0.22776801925061385,0.3512771764228284,0.2802460051308032,0.8196493764846914,0.2695532118995304,0.19713221978947393,0.02139404019188007,0.39261489588770826,0.3804060838258603,0.47807608779095456,0.7655960225097125,0.38424311886447793,0.5439403601865793,0.3885650315203987,0.39517208696279515,0.4323124009975585,0.25225269936733596,1,1,inf,inf,0,0,0,0,1,1,0,1,2131,2719,78,1,0,0,0,0,2368,4.6,16,1
2.5,6.25,0,0,4455,8.40200678160712,0,1,4,0,1,0,0,0,0,0,0,27.650000000000002,77.88,0.9841895749381829,0.8770476434798938,0.02551564232104464,0.19192886599228853,0.4419425246372962,0.3712179027852658,0.2165446048907288,0.048890344721966295,0.6680277246642127,0.3582284127103491,0.9408226937819186,0.27513974733244295,0.023704285074136466,0.07670265886862127,0.3567211101693216,0.4658467668172219,0.3079207340041933,1,0,inf,inf,0,0,0,1,0,1,1,0,7451,4118,0,1,2,1,0,1,4455,2.5,40,1
2.7,7.290000000000001,0,0,1447,7.277938572945661,0,1,1,1,1,1,0,0,0,0,0,27.75,75.53,0.2757748117112282,0.5636617234938217,0.8146498920646751,0.09856109229382448,0.3077042026216885,0.4149140140852021,0.97656793392454,0.6108660592031878,0.15551769200000276,0.021675616923436114,0.822793507452836,0.4409101857625275,0.8978357391865969,0.42482780835184897,0.36624641879516484,0.36837565264002425,0.14203730652348678,1,1,inf,inf,0,0,0,0,0,1,1,0,1728,4257,297,0,0,0,0,0,1447,2.7,39,0
4.0,16.0,1,0,1537,7.338238150065589,0,1,4,0,1,0,1,0,0,0,0,26.46,77.49,0.4928803853504009,0.7414140222027037,0.02401120085849673,0.8038769211633555,0.5627934634830734,0.6775470642002025,0.7684671322275911,0.6401674540244932,0.0036834563691926503,0.3082785190506906,0.7911188613743527,0.3899079395803161,0.4477247842821478,0.10222604951153225,0.17094899733681035,0.681454801070567,0.25942570163425893,1,1,inf,inf,0,0,1,0,1,0,1,0,7914,2716,128,1,2,1,0,1,1537,4.0,20,0
4.1,16.81,1,0,2750,7.919719760924575,0,1,1,1,1,1,0,0,0,0,0,27.03,76.77,0.03634061609887684,0.39659037644604167,0.33345003568563936,0.08165495747453044,0.9191244609287046,0.8383008754634864,0.7953051906684228,0.07258439158026542,0.7184820544350113,0.5657871007098806,0.0790738188016683,0.9259284603006189,0.33645996690432767,0.8349928528816987,0.8970785793714301,0.6807772823062298,0.16726865224944132,1,1,inf,inf,0,0,0,1,0,1,1,0,3011,3497,155,1,1,0,1,1,2750,4.1,29,1
3.8,14.44,0,0,4531,8.418918622147897,0,1,4,0,1,0,0,0,0,0,0,26.63,77.99,0.15201174361322312,0.1603694728727335,0.9694440677744676,0.7027094522961497,0.9623489598687246,0.7204504701212575,0.006101744846746859,0.8033745332552964,0.5163782893387703,0.8642311455873297,0.4440982361066381,0.15181806048047264,0.7612131149993069,0.4564152396311222,0.7966295808061858,0.01588188911572841,0.46327212889207237,1,1,inf,inf,0,0,1,0,1,0,0,1,4762,3604,75,0,3,1,0,0,4531,3.8,47,1
3.9,15.209999999999999,0,0,3785,8.239065331769268,0,1,4,0,1,0,1,0,0,0,0,26.95,77.01,0.6788749365613932,0.46104808242715645,0.3343922282538411,0.7199607116461321,0.4149872965231898,0.901249493108163,0.5376207663080259,0.5511359766815092,0.03786569281670782,0.6864059124525077,0.1408846290527619,0.4003494252251879,0.3581070586750076,0.5839249473609762,0.016957849179166096,0.4366061203291739,0.3271611300216003,1,1,inf,inf,0,0,0,0,1,0,1,1,6566,4926,132,0,1,1,0,0,3785,3.9,6,0
4.9,24.010000000000005,0,1,739,6.606650186198215,0,0,4,0,1,0,1,0,0,0,0,27.19,76.76,0.21813369352963763,0.2304238377146568,0.349894948674066,0.6097730321051378,0.2221596035343416,0.8158088240650498,0.23581534731427822,0.26297727354029554,0.43654796976957233,0.59003371069966,0.09813915910380389,0.06502262346034571,0.4231965468386263,0.5634943081495626,0.3606665121642135,0.4790075990718191,0.900017666129893,1,1,inf,inf,0,0,1,1,0,0,1,1,9226,552,173,0,2,1,0,0,739,4.9,45,1
4.5,20.25,1,0,4040,8.304247465078474,0,1,3,0,1,0,0,0,0,0,0,26.45,77.52,0.7508161823431447,0.570063578003281,0.34809775951792854,0.3629619207689626,0.9733363325587692,0.05688123526314737,0.5428531571904727,0.8441406533499415,0.647002206571245,0.46899417718962,0.03447505776828719,0.6008934861209391,0.6571263083731693,0.6618264651721546,0.35061755943618256,0.6279044675135997,0.802787659343755,1,1,inf,inf,0,0,1,1,1,0,0,0,8437,3394,85,0,3,0,1,0,4040,4.5,1,1
4.7,22.090000000000003,0,0,1254,7.134890851565884,0,1,1,1,1,0,0,0,0,0,0,27.73,76.92,0.25420277867969665,0.06233833531856925,0.944784083069109,0.26400816856429576,0.38252768670204296,0.34559546027089905,0.8592395253186643,0.15641660910304622,0.6079883603640308,0.5035671179694087,0.11616742241250344,0.2592018261445095,0.6507110427615038,0.022273095410412447,0.29602302819898685,0.5565894325359857,0.21869900175954426,1,0,inf,inf,0,0,0,1,1,0,0,0,8144,2481,225,0,1,0,1,1,1254,4.7,10,1
3.5,12.25,0,0,2893,7.970394907191429,0,1,3,0,1,0,0,0,0,0,0,26.51,76.8,0.7904999436448337,0.49832907662357084,0.1467518728335676,0.7417031046359551,0.5626046202298257,0.3868137943297615,0.5779084621096301,0.12010832756117673,0.25229564443849517,0.16243595082209805,0.2571399804626966,0.27986950799702937,0.3586184135667142,0.4408010330216645,0.2759843316287395,0.7956160332099314,0.34690886723096437,1,0,inf,inf,0,0,0,0,0,1,0,0,27,3528,140,0,2,1,0,0,2893,3.5,0,1
4.9,24.010000000000005,0,1,479,6.173786103901937,0,0,2,1,1,0,0,0,0,0,0,27.61,76.41,0.7797796811855047,0.7984985796477049,0.6153670643446975,0.026436598635710795,0.2904031854755299,0.5007710700228682,0.013616296691551955,0.0635499116408933,0.0260692479092125,0.061870056987766375,0.9637507628235171,0.3099599876453609,0.4934185374412291,0.5457944106735997,0.4515000212086313,0.58991745994639,0.9790740503134342,1,0,inf,inf,0,0,0,0,1,0,1,0,7638,271,292,1,2,1,0,0,479,4.9,35,1
3.4,11.559999999999999,0,0,160,5.081404364984463,1,0,2,1,1,0,0,0,0,0,0,27.42,76.51,0.7341097523235018,0.5398646181323584,0.09540406585345629,0.6587792975129299,0.11014456028346131,0.44141144488787,0.42600565583542227,0.5407537380128726,0.45842825360890316,0.7165238014091004,0.8699504687330392,0.11543429185526266,0.4221946636188302,0.2501961712752012,0.8064786140085225,0.4128332245590278,0.19447353184525895,1,1,inf,inf,0,0,1,1,0,0,1,0,5778,2623,301,1,3,1,1,0,160,3.4,35,0
4.4,19.360000000000003,1,0,1045,6.952728644624869,0,1,1,1,1,1,0,0,0,0,0,26.84,77.83,0.7617112937487641,0.7242436241773993,0.4777801828944115,0.6307440804832919,0.47545398234001635,0.8942534693722959,0.1380169262033082,0.4468237221132765,0.923206348127225,0.19012341796236432,0.1271894165878742,0.36311889712081535,0.905512114708284,0.624561682869356,0.6151138859553628,0.13129776363778445,0.28291832685264484,1,1,inf,inf,0,0,0,1,1,0,0,1,4236,3345,43,1,1,1,1,1,1045,4.4,29,1
4.4,19.360000000000003,1,0,2707,7.903965634032166,0,1,2,1,1,0,0,0,0,0,0,27.85,75.67,0.3669974866026565,0.06563034218553976,0.6378198038420977,0.30662876436787456,0.7369401223122907,0.9130191291589411,0.7386609102884821,0.2610200318863237,0.04241016820009069,0.4829226043934962,0.14279808952896011,0.6861043118798003,0.03352209429465913,0.6223142422456366,0.5804619330291673,0.43340772420803797,0.058470324566803344,1,1,inf,inf,0,0,0,0,1,1,0,0,7035,4639,141,1,3,0,1,0,2707,4.4,29,0
2.5,6.25,0,0,388,5.963579343618446,0,0,4,0,1,0,0,0,0,0,0,27.150000000000002,76.92,0.5885240814020418,0.8715936196463048,0.5596826398088209,0.8760099011985157,0.1736134774895799,0.9726704505989693,0.14863435595931906,0.6639305116812987,0.6850713097787626,0.24441902385067993,0.9080173500175943,0.8839782522562601,0.7725826246630657,0.602902439323157,0.9401121466602674,0.16297516713727078,0.7089235962782251,1,0,inf,inf,0,0,1,0,1,1,1,1,8791,4871,48,0,0,1,1,0,388,2.5,41,1
4.0,16.0,1,0,4056,8.308199063206446,0,1,3,0,1,1,0,0,0,0,0,26.35,77.86,0.2729829962126772,0.25422316210546103,0.5112246867840339,0.40217432766322714,0.4937711394602856,0.09811382076968567,0.1622779238388099,0.29598804421675406,0.720825643085257,0.8003086094333896,0.661386467049676,0.7308932532148281,0.09101030315560155,0.4631098339626504,0.7777295677398073,0.9218688055722276,0.21923393693515714,1,0,inf,inf,0,0,0,1,1,1,0,1,9707,2265,311,0,2,0,0,1,4056,4.0,42,0
4.7,22.090000000000003,0,0,3089,8.035926369891792,0,1,4,0,1,0,0,0,0,0,0,26.8,76.04,0.1588349493583675,0.7027576963185895,0.48286407328315717,0.28053363937096754,0.6788160677306597,0.8691932497667385,0.39064723815056046,0.020478579886689885,0.7168298330835151,0.39938086289999775,0.614127321081193,0.18262989342086722,0.3058650628667332,0.6398104065411719,0.9230028133700593,0.5565766245767791,0.8900669987483042,1,0,inf,inf,0,0,0,1,1,1,0,0,8135,1551,197,1,3,1,0,0,3089,4.7,30,1
4.5,20.25,1,0,4659,8.446770727119691,0,1,1,1,1,0,0,0,0,0,0,26.740000000000002,75.05,0.3878103042174199,0.23823549863234117,0.665035607046304,0.37228422070918576,0.48418909014886335,0.18803984870091717,0.17252129641590297,0.3581807590322944,0.3306313819781195,0.04850799393949867,0.6662606916931876,0.4939466248237606,0.7877991143933182,0.18534464598867784,0.36775201566386684,0.7416908156203244,0.597720470468428,1,1,inf,inf,0,0,0,0,1,1,0,0,4826,1029,36,1,2,0,1,0,4659,4.5,3,1
2.6,6.760000000000001,0,0,4615,8.437283808187935,0,1,2,1,1,0,0,0,0,0,0,26.29,76.61,0.7935178722246093,0.4046422799960634,0.40257999121390164,0.48677822569155815,0.16728759065409649,0.1009065972086155,0.17088371846614792,0.19102224690048897,0.7700405962148522,0.12435713157409523,0.12319771291154069,0.23430417056550745,0.6991529442669672,0.11626534523734555,0.26111788947553927,0.28558002852114617,0.0030782154445068155,1,0,inf,inf,0,0,1,0,0,0,1,0,6199,1516,298,0,3,0,1,1,4615,2.6,25,1
3.0,9.0,0,0,3045,8.021584533455107,0,1,2,1,1,0,0,0,0,0,0,27.45,76.14,0.7226973938516965,0.5833952608608789,0.3505359556742683,0.7710829716860876,0.11578668596289543,0.5525730472695293,0.05448405520424948,0.3104629876291908,0.8265667253964456,0.5129990410658924,0.7647144761013763,0.18270949531924974,0.871659059444399,0.3211587696566093,0.6771087357136313,0.4816265358690559,0.038334034189698496,1,1,inf,inf,0,0,1,0,1,1,1,0,5693,1597,194,0,3,1,1,1,3045,3.0,9,1
3.2,10.240000000000002,0,0,4105,8.32020459757888,0,1,4,0,1,0,1,0,0,0,0,26.35,75.03,0.4798567005545237,0.42830368334675106,0.8054643714258372,0.32735780509622936,0.7898910629488968,0.020136100433469584,0.6781928086150445,0.6392784494342441,0.656890117987278,0.3642257894668861,0.9470886141304667,0.950386993853194,0.27013750181477236,0.35841836674372884,0.2766706798407269,0.26732047049128016,0.6289403965009158,1,1,inf,inf,0,0,1,1,1,1,1,1,7526,804,112,1,1,0,1,0,4105,3.2,48,1
5.0,25.0,0,1,4654,8.445697189711167,0,1,2,1,1,0,0,0,0,0,0,26.17,76.98,0.04659262462564895,0.9795287906279557,0.3009178653044172,0.8247636115285946,0.7066771140293944,0.449945003181614,0.1810035705356563,0.14994087971061454,0.28292520517319475,0.03482730830389713,0.24711212192133836,0.3718458546432267,0.8020524106631964,0.38357731936859385,0.25690733470636173,0.9850434262497744,0.7143565724312004,1,0,inf,inf,0,0,1,1,1,1,1,1,217,1537,177,1,2,0,0,0,4654,5.0,34,1
3.4,11.559999999999999,0,0,4041,8.304494897963567,0,1,4,0,1,1,0,0,0,0,0,27.64,77.83,0.0031181463427315537,0.02165481030153593,0.012569566253550102,0.16601444227831796,0.5213672986027772,0.7348284936974764,0.9589444419117205,0.7080764085080805,0.7959691755635615,0.02877267077460044,0.1977159003744674,0.44704850996724343,0.7261098753375802,0.7580832265090474,0.774379678630517,0.06784114637641858,0.2399546848708518,1,1,inf,inf,0,0,1,0,0,0,1,1,9085,3430,115,0,0,1,0,1,4041,3.4,39,0
2.8,7.839999999999999,0,0,1265,7.143617602704121,0,1,1,1,1,0,1,0,0,0,0,27.54,76.62,0.08998397658507795,0.9211805223761299,0.4380569076413886,0.1892924641199506,0.47118769963113694,0.8893268620137411,0.9008593311579793,0.2748466556520024,0.4921412372425754,0.0994104812415656,0.7057583907059377,0.6691567364338684,0.3862762988319549,0.8526163399375561,0.5919986550535273,0.7284458088926807,0.3889164361566033,1,1,inf,inf,0,0,0,0,1,1,0,1,5132,171,352,1,1,1,1,0,1265,2.8,38,0
3.9,15.209999999999999,0,0,1046,6.953684210870537,0,1,1,1,1,0,0,0,0,0,0,27.22,77.31,0.7238282786972952,0.6487372160787404,0.2293138197794632,0.40645902135125267,0.9056778300375373,0.41425587433709865,0.6041527937506083,0.39695976529420995,0.9504115557614362,0.7672487071527672,0.9534836649659827,0.3658266589047763,0.9198811221996019,0.5753150682970215,0.09031928011744483,0.2139798048119781,0.7794057474462852,1,1,inf,inf,0,0,1,0,0,0,0,1,9205,2644,53,0,3,1,1,0,1046,3.9,3,1
4.0,16.0,1,0,1878,7.538494999413465,0,1,3,0,1,0,1,0,0,0,0,27.8,76.92,0.364728543198543,0.7705819027101857,0.3094742710581939,0.8889048666781525,0.6844690386801866,0.8634629109628265,0.27919629552015945,0.8205713698414665,0.8195188135259354,0.38295923867491977,0.8352110751228551,0.35034154267726225,0.5113651256903021,0.21821718174423,0.8949716176721554,0.046696473435071995,0.5727513552002553,1,1,inf,inf,0,0,0,0,0,1,0,1,8638,3401,38,1,0,1,1,1,1878,4.0,39,1
3.3,10.889999999999999,0,0,1937,7.569411792450712,0,1,1,1,1,1,0,0,0,0,0,26.92,75.64,0.9266645103750835,0.4228210942418147,0.6632910308583866,0.3132894268011762,0.2929387637801586,0.8606793464587139,0.13717589782963846,0.19523590199872443,0.05680857656916671,0.6905100112717826,0.7239884173271768,0.43117700293552474,0.7616098103484852,0.7131676507092092,0.7280528824020147,0.6710275276245503,0.43002281676351195,1,0,inf,inf,0,0,1,1,0,1,0,0,233,193,272,0,0,1,1,1,1937,3.3,41,1
4.0,16.0,1,0,78,4.3694478524670215,1,0,3,0,1,0,0,0,0,0,0,26.04,75.27,0.19151141295625795,0.5977584333882696,0.682550035539105,0.37583562494867173,0.45606238521229325,0.6064311297921975,0.5379478770425623,0.28668721197312064,0.7012059850621349,0.49848661860598886,0.004427341261969531,0.1386025726356357,0.7736070093669931,0.45436121113372185,0.4085338499217388,0.6320116214850532,0.04031074932510603,1,0,inf,inf,0,0,1,0,1,1,0,0,6651,1021,271,0,1,1,0,1,78,4.0,17,1
2.6,6.760000000000001,0,0,3855,8.257385655730436,0,1,4,0,1,0,0,0,1,0,0,26.12,77.52,0.3620080331973875,0.43855773456138525,0.6830438327436237,0.21706277173771416,0.13646385945425443,0.6390736499925359,0.633147899419508,0.8688950273324004,0.2901527203822116,0.9006521262649124,0.7782457019871822,0.052209110192725006,0.7137473789484775,0.6442868384883211,0.15244754537321303,0.7504989588046259,0.4659844403458894,1,1,inf,inf,0,0,1,0,0,0,1,1,8885,2975,206,1,2,1,0,0,3855,2.6,28,0
2.8,7.839999999999999,0,0,2372,7.771910256435763,0,1,1,1,1,1,0,0,0,0,0,26.080000000000002,76.04,0.33473169441647466,0.40598032062821443,0.1514917040800129,0.030056323954066322,0.9230597274457936,0.8424881458229494,0.7254983018565943,0.4552752854838604,0.7630599508841719,0.0872208439293114,0.13068982139811458,0.6211087152753045,0.19985815330645285,0.4352502576801639,0.8924935271593327,0.5101507472279563,0.3588652937592396,1,1,inf,inf,0,0,0,1,1,1,0,0,3565,3772,42,1,0,0,1,0,2372,2.8,16,1
3.5,12.25,0,0,4976,8.512582578858554,0,1,1,1,1,0,0,1,0,0,0,26.560000000000002,75.7,0.7282046593986063,0.04872080619034602,0.5036655344604344,0.5718718167384477,0.5352610823342292,0.8992209916026388,0.05672356600853257,0.44064736660523085,0.17504057187586586,0.5558094724462443,0.2969089935326502,0.7731732564604293,0.23902636625829188,0.5758803391843262,0.4945004081176527,0.6815191632156297,0.20895446464231582,1,0,inf,inf,0,0,0,1,1,0,0,0,1438,3448,26,0,3,0,1,0,4976,3.5,22,0
3.4,11.559999999999999,0,0,1150,7.048386408721883,0,1,2,1,1,0,0,0,0,0,0,26.5,76.04,0.5660669498137703,0.31119649906450864,0.9285130729869254,0.9308684726558933,0.6585954521317713,0.21237115531693573,0.9023239943976158,0.20023793222387898,0.0882608094369165,0.21766765071900318,0.3284271885331157,0.2540571491042173,0.3974862767851901,0.7215382930523715,0.7500046487298532,0.5518667369570582,0.2241672303836738,1,1,inf,inf,0,0,0,1,1,1,1,1,5612,3613,107,1,3,1,0,0,1150,3.4,13,0
4.7,22.090000000000003,0,0,2075,7.638198244285779,0,1,1,1,1,0,0,0,0,0,0,26.62,75.24,0.5179721003356734,0.8976351699021651,0.7706655414667164,0.8355023859477582,0.9230999763009271,0.832875977256483,0.4549239177585246,0.08844985371214076,0.4012384140167381,0.6416071900178154,0.8871634160140055,0.44881233307094315,0.7137040609841556,0.5914270528179024,0.537516868814648,0.09924614864050263,0.8569851418754596,1,0,inf,inf,0,0,1,1,1,1,1,1,6606,573,20,0,3,0,1,1,2075,4.7,21,1
3.3,10.889999999999999,0,0,3760,8.232440158470336,0,1,3,0,1,0,0,0,0,0,0,26.23,75.37,0.6514179126660626,0.10714328765128156,0.36404265808486924,0.5482165550119964,0.11654503432251717,0.8743683075930654,0.8948478897937554,0.27293968141465563,0.02330410261473681,0.1827542270949125,0.31963214142172847,0.2237850060378065,0.12362391161419772,0.5710882694373773,0.28448858386546527,0.47272979699344186,0.8864115351163971,1,1,inf,inf,0,0,0,1,1,0,1,1,6709,1068,291,1,3,0,0,0,3760,3.3,35,0
3.0,9.0,0,0,783,6.664409020350408,0,0,1,1,1,0,0,0,0,0,0,26.29,76.94,0.323335767109445,0.280498592268946,0.09435305094892654,0.30082687850387413,0.7337200904114876,0.35853803371233606,0.812188365295805,0.636013103372965,0.2928956494442233,0.46809048089930994,0.8440227218914912,0.14489183534354078,0.7142383763917854,0.6618562413614888,0.7334213315902678,0.6217752182257644,0.46887111758986455,1,1,inf,inf,0,0,0,0,0,0,0,0,7960,3759,258,1,3,0,1,1,783,3.0,43,0
4.3,18.49,1,0,947,6.854354502255021,0,0,3,0,1,0,0,0,0,0,0,27.13,76.89,0.7147754124508819,0.707678110372593,0.5276983251574789,0.6153457800566834,0.6128000068578031,0.9019861339218239,0.7330700696037012,0.2987922244395341,0.6955937073843248,0.4940320858307997,0.41036711091248645,0.566845143557956,0.8626849398822164,0.47317925542437655,0.9674713318510988,0.8289330489203028,0.3347425034642999,1,1,inf,inf,0,0,1,0,1,1,0,1,454,93,98,0,2,0,0,1,947,4.3,36,1
2.9,8.41,0,0,1044,6.951772164398911,0,1,1,1,1,0,0,0,0,0,0,26.46,76.9,0.7447659367083433,0.7648582792382852,0.8991764901160753,0.2083357882752781,0.634756603952238,0.9165240705770508,0.2391276220870674,0.6656969550352245,0.3388882864939601,0.3664658985447107,0.5940135880062606,0.9828199452298317,0.1670028271730153,0.19811169390284755,0.8987704673374085,0.44810437333232445,0.7471181891175339,1,1,inf,inf,0,0,0,0,0,0,0,1,1217,443,195,0,3,1,1,1,1044,2.9,49,0
4.0,16.0,1,0,3088,8.035602692918582,0,1,3,0,1,0,0,0,0,0,0,26.22,76.53,0.9395209402300817,0.4321813172944531,0.11411289878010622,0.2259207508488561,0.4862347121601731,0.7644853973644559,0.24660957012029228,0.7838277637931257,0.8670181288044002,0.9521739854491416,0.21322158398933067,0.42942008494622996,0.39347215213855835,0.8851918092562479,0.3871471648265441,0.6581161426329921,0.463957066125114,1,1,inf,inf,0,0,1,0,1,1,0,1,6555,566,127,0,0,1,1,0,3088,4.0,29,1
3.2,10.240000000000002,0,0,3534,8.170468578330674,0,1,3,0,1,0,0,0,0,0,0,27.19,77.93,0.8677972560894712,0.12319730866762213,0.565682035131801,0.37466543380112693,0.1856865031584478,0.3734025358551878,0.5991389608081901,0.7082741146102612,0.24895383252476067,0.3831532539871043,0.23704783031953858,0.11226614096260146,0.14937257153046135,0.8570602722723518,0.46300429346978456,0.28189157636348106,0.24814973377555705,1,1,inf,inf,0,0,1,0,0,1,0,1,4860,4557,51,0,1,0,1,1,3534,3.2,5,1
4.1,16.81,1,0,2597,7.862497197230545,0,1,1,1,1,0,0,0,1,0,0,27.84,77.13,0.5740988542529322,0.9582376055838708,0.840352341356739,0.8200141197998106,0.3778115758237217,0.8134287195255849,0.8544745047829855,0.71907960905149,0.09324151011354387,0.8071878123749913,0.15431308925928267,0.5101776819132557,0.16777055640977012,0.0397037353466283,0.08411248083380674,0.8196473629069412,0.7969957416430078,1,0,inf,inf,0,0,0,1,0,1,1,1,8417,3540,67,1,0,1,0,1,2597,4.1,18,1
3.6,12.96,0,0,3366,8.121777419161074,0,1,3,0,1,0,0,0,0,0,0,27.61,76.94,0.15040633229628964,0.2639207728795978,0.21798611966843617,0.5077985462029229,0.15325258101904082,0.5019882291554243,0.8046933796463185,0.3739607798447583,0.06299410397597549,0.9889896830299293,0.7476285885208777,0.2851048784655147,0.687847461448956,0.10654728098078703,0.25216758866243616,0.9194057271465387,0.9013037353646081,1,0,inf,inf,0,0,0,1,0,0,1,1,1162,151,53,0,2,0,0,1,3366,3.6,21,0
2.8,7.839999999999999,0,0,324,5.783825182329737,0,0,2,1,1,0,0,0,0,0,0,27.66,76.95,0.6198864863627624,0.3631911936939989,0.5587913042756225,0.1426218175687507,0.13060801280813883,0.6142156472592851,0.4130317642440937,0.7266807482341475,0.4670394755682933,0.17860825589462126,0.17457924443814787,0.821151683823478,0.8445503336622779,0.6350329026044489,0.28588947408588783,0.13605616647264218,0.01787332471437819,1,1,inf,inf,0,0,1,0,0,1,0,0,6216,4654,223,1,2,1,1,0,324,2.8,32,0
2.6,6.760000000000001,0,0,1840,7.518064181233078,0,1,4,0,1,0,0,0,0,0,0,26.1,76.11,0.9377496812381995,0.34836518718531007,0.346130719718733,0.00372518737611216,0.07253277670378544,0.4097146085983432,0.033035082268592086,0.5556364003918279,0.23219819469744762,0.21281453315989396,0.5021198681266025,0.23435219010536157,0.939475788933591,0.49045332780878714,0.6977397337157343,0.017851446537415327,0.16739045891712556,1,0,inf,inf,0,0,0,0,1,0,0,1,1222,1626,125,1,0,1,0,1,1840,2.6,1,0
2.9,8.41,0,0,4335,8.374707543119483,0,1,1,1,1,0,0,0,0,0,0,27.63,76.78,0.14596511383479716,0.1452756236457231,0.585375251746729,0.6823560737649259,0.7627004519484624,0.8394434992275459,0.837227044954248,0.7543176864804938,0.05958843091704613,0.531055040548133,0.12326581069648201,0.8189020379471252,0.7543768481646831,0.7320147534560174,0.2243485284627894,0.1652656123673053,0.8273137638468461,1,1,inf,inf,0,0,1,0,0,0,0,0,9456,2080,14,0,0,1,1,1,4335,2.9,28,0
3.7,13.690000000000001,0,0,1163,7.059617628291383,0,1,3,0,1,0,0,0,0,0,0,26.2,76.0,0.6503901536682393,0.06399155830636538,0.17552858834752083,0.5430669675340755,0.4928353672252911,0.9825483686616181,0.7165247591538859,0.5092195683696282,0.397136381258532,0.4281305970685736,0.7844177471953561,0.5713842204532285,0.8927776327009261,0.015554490207546512,0.5739520605957935,0.750878936267469,0.7377512305472842,1,0,inf,inf,0,0,0,1,1,0,1,1,9637,4346,134,1,3,0,1,0,1163,3.7,29,0
4.0,16.0,1,0,3963,8.285008895449879,0,1,4,0,1,0,0,0,0,0,0,27.93,75.39,0.5070051872687868,0.617050073152542,0.11413895804529517,0.3935826424644201,0.6228246431909279,0.08729902102759723,0.9561116892089759,0.15568761416922527,0.39124918168513134,0.3541472253078658,0.6533710889273893,0.3177545530402379,0.8023421860016712,0.6193727893449178,0.2092800257552213,0.168263838094192,0.9507505595072189,1,1,inf,inf,0,0,0,1,1,1,0,1,2383,88,145,0,2,0,0,0,3963,4.0,21,1
3.2,10.240000000000002,0,0,520,6.255750041753367,0,0,2,1,1,0,0,0,0,0,0,27.23,75.25,0.2294088233583076,0.908919811016545,0.5162030613595947,0.3656212502224132,0.8963199090296187,0.09720485386677091,0.825123955565809,0.712237519412574,0.3626953410312427,0.9390240304580026,0.944964098685356,0.46202430111542436,0.9497356665540992,0.6776341283488841,0.9868003805890132,0.9753241319081334,0.3428236837445131,1,0,inf,inf,0,0,0,0,0,0,1,1,9016,4443,241,0,0,1,1,0,520,3.2,38,1
4.5,20.25,1,0,3021,8.013674142832684,0,1,4,0,1,0,0,0,0,0,0,26.990000000000002,77.82000000000001,0.7307177492697107,0.9429523343344499,0.9231722377007358,0.10264806350726541,0.13789566911290174,0.9502143444821995,0.01893997694347027,0.3268451280542767,0.11507741572003982,0.20168127453348972,0.27259081093335036,0.1698698917890732,0.3526953411579813,0.5592524621892906,0.07928428948641086,0.9545166885472778,0.9549146223956037,1,1,inf,inf,0,0,0,1,1,0,1,0,8575,4910,350,0,3,0,0,1,3021,4.5,15,0
3.5,12.25,0,0,566,6.340359303727752,0,0,3,0,1,0,0,0,0,0,0,26.53,77.92,0.9128118698269826,0.47077135447493146,0.366981252235025,0.9809165562718982,0.47283455415342557,0.07082633975357167,0.3123630737897879,0.9424598455772136,0.07149189889544294,0.12418156887939691,0.9460218401924992,0.052125608488412856,0.006552973837147036,0.6728597822205583,0.4979853527675353,0.19280477857742262,0.11062341013670807,1,1,inf,inf,0,0,0,1,1,0,1,0,3103,4781,290,1,0,0,0,1,566,3.5,43,0
4.0,16.0,1,0,881,6.782192056006791,0,0,4,0,1,1,0,0,0,0,0,26.740000000000002,76.05,0.22175633523448202,0.012921864702335473,0.21056253365561672,0.6864493204426217,0.0075101272657467355,0.3354700590944115,0.9207590844334581,0.85744804482311,0.9692001612564825,0.9334683843768873,0.7349883062889526,0.30920266254660245,0.02031467235543849,0.7954459243026072,0.8230877372571539,0.23283950598260794,0.9659633426864521,1,0,inf,inf,0,0,0,0,0,0,1,1,1063,4966,62,0,2,1,1,0,881,4.0,26,1
4.0,16.0,1,0,1198,7.089243155027514,0,1,2,1,1,0,0,0,0,0,0,27.7,76.54,0.4871915762506621,0.6736660867071448,0.6981676144165068,0.45580519075644244,0.9232053972980538,0.8377685150009669,0.1144001886949172,0.057781604115767826,0.8201980351949713,0.8251877379215035,0.8101581605427276,0.9248690091024144,0.4875572552301849,0.2550006775678809,0.9656018744521376,0.44665620973632747,0.2138000293494372,1,1,inf,inf,0,0,0,1,1,1,1,1,9834,2175,182,0,3,0,0,0,1198,4.0,21,1
4.3,18.49,1,0,2608,7.866722285136729,0,1,1,1,1,0,0,0,0,0,0,26.18,76.96000000000001,0.3921353288119669,0.14008207364151903,0.1388642433166275,0.1844609749719741,0.8298180902829955,0.3868318818281695,0.3892182553834034,0.15221606751830208,0.9834533591465845,0.9928665002318776,0.3283129955414559,0.20023626461767707,0.004558655627620145,0.8631977124021971,0.6589901536687358,0.7405655579422485,0.6067359804586473,1,1,inf,inf,0,0,0,1,1,1,0,1,4714,4300,241,0,1,0,1,0,2608,4.3,26,1
4.4,19.360000000000003,1,0,2450,7.804251383528112,0,1,4,0,1,0,0,0,0,0,0,27.240000000000002,75.27,0.7996934966851487,0.6198712948843765,0.6847514993119241,0.08361902907598728,0.003792634823693075,0.23615004271070938,0.9883629930245141,0.10216641532698789,0.5235099015838132,0.8008039256648862,0.40699779107079237,0.08700440515341268,0.07758552187114442,0.9748231806497473,0.30785459444030594,0.38377698571285335,0.742310041797615,1,1,inf,inf,0,0,0,1,0,1,0,1,6245,503,129,0,0,1,0,0,2450,4.4,46,0
2.8,7.839999999999999,0,0,2325,7.75190533307861,0,1,1,1,1,0,0,0,0,0,0,27.72,76.12,0.34076208443392153,0.8930914000879506,0.18293818116422922,0.38194927378663623,0.03806458901536025,0.35749055749963143,0.5153335370483791,0.4716637911291939,0.3099220479301201,0.19357240205236337,0.30230257943200445,0.9785628322661786,0.38658531958360254,0.9981564041149489,0.703340148336133,0.10054471500960604,0.7439307345501355,1,1,inf,inf,0,0,0,1,0,1,0,0,1080,2659,155,0,1,0,1,1,2325,2.8,39,1
3.2,10.240000000000002,0,0,4076,8.313116702819253,0,1,3,0,1,0,1,0,0,0,0,27.03,76.25,0.6097050268023079,0.8805851856049001,0.6746004057015217,0.597934509967428,0.008962987518001175,0.3690751406198389,0.5195447264973021,0.32589560777143456,0.09060007146746596,0.9032796346961317,0.36637335212099376,0.23249351908919558,0.19523953525495452,0.4518485195178221,0.4145390472039966,0.8666376998605949,0.7068452529876394,1,0,inf,inf,0,0,1,1,1,1,1,1,4915,1146,299,1,1,0,1,1,4076,3.2,16,0
2.7,7.290000000000001,0,0,106,4.672828834461906,1,0,4,0,1,0,0,0,0,0,0,27.64,75.43,0.6836872033774419,0.7218204216535581,0.48091264903431286,0.3974323686861485,0.9197844997449377,0.9045588632553127,0.7796480553186202,0.2005399800948945,0.8174100688017323,0.8196931777903065,0.34399392405382423,0.47685500693405347,0.5325944768760422,0.5027441670502819,0.1694599659584486,0.5661482425375619,0.12889012734080263,1,1,inf,inf,0,0,0,1,0,1,0,1,3554,693,13,0,0,0,0,0,106,2.7,42,1
2.9,8.41,0,0,3004,8.008032846969307,0,1,2,1,1,0,0,0,0,0,0,27.94,76.92,0.25038878697778977,0.7562057565617846,0.24147277214817908,0.22340082769770542,0.9199542696606023,0.7939619119422365,0.9006189833656799,0.09156636660720319,0.25018318373290027,0.2950729130982479,0.5128662819788349,0.37819016077634215,0.41021536473001996,0.8394931541049498,0.12868978835607736,0.15501843204372734,0.7586298338657899,1,1,inf,inf,0,0,0,1,1,1,1,0,774,871,76,1,1,1,0,1,3004,2.9,23,1
2.7,7.290000000000001,0,0,2702,7.902117546276448,0,1,1,1,1,1,0,0,0,0,0,27.64,76.89,0.9638301612771448,0.5487030671228962,0.02779557689708645,0.45598275303146263,0.96343176132219,0.42335120565790596,0.027206041802281367,0.7922555675267893,0.028315872359725547,0.2087873301893569,0.801586383449967,0.03651765571826693,0.5868974351904347,0.5718583086309965,0.9545502491762182,0.24259616058753897,0.6564996604298879,1,0,inf,inf,0,0,0,1,1,1,0,1,6171,3316,109,0,2,1,0,0,2702,2.7,36,1
4.2,17.64,1,0,2494,7.822044008185619,0,1,1,1,1,1,0,0,0,0,0,27.47,75.89,0.3317175724308403,0.35116330391922257,0.32952916076358507,0.1833723279057926,0.23372499732521568,0.5572899909613953,0.9406407534127887,0.19499341298452066,0.39274385267920187,0.30733523636002746,0.5522691304626561,0.15308610525583743,0.13096623976841826,0.0816931921241445,0.9440148096729374,0.5139419859215328,0.34381777130997315,1,0,inf,inf,0,0,1,0,0,1,0,1,8872,3138,244,0,2,1,1,0,2494,4.2,19,0
3.9,15.209999999999999,0,0,393,5.976350909297934,0,0,3,0,1,0,0,1,0,0,0,27.46,75.62,0.9574284031902988,0.5840957220487901,0.1746472040731254,0.10266449593109539,0.7570955682947874,0.9380463979077618,0.8904605466899829,0.6787604739460372,0.03566206354321921,0.37405143184831724,0.6102058296284593,0.8520625539530038,0.695837503729105,0.11899797479011709,0.21543175351439037,0.9249741806447254,0.5005342412786828,1,1,inf,inf,0,0,0,1,1,1,1,0,3021,2895,39,1,3,1,0,0,393,3.9,16,1
4.0,16.0,1,0,658,6.490723534502507,0,0,1,1,1,0,1,0,0,0,0,27.45,77.51,0.47812120393992097,0.72088227809922,0.6015114541901203,0.431304652397006,0.010613684990090855,0.061717287008094424,0.6763396759034489,0.9142148265731876,0.17640839783635953,0.42860165390310523,0.4013647995526164,0.21414243151222923,0.39028891199113447,0.9640635095968771,0.03293206065715193,0.9795473353345752,0.19099748329641197,1,1,inf,inf,0,0,1,0,1,1,1,0,9791,3956,91,0,0,1,0,1,658,4.0,3,0
4.1,16.81,1,0,4358,8.379997952238393,0,1,1,1,1,0,0,1,0,0,0,26.85,75.47,0.157266291704095,0.12419993008046826,0.07677264622591107,0.6747786408551932,0.8498623698437455,0.38698464889096973,0.2815107657823166,0.8453098307614704,0.5722583837268629,0.9500824773712642,0.6782153409867329,0.5886302186511279,0.7661256628342609,0.13728618055088537,0.9199850842466469,0.03190569373423946,0.17464982693340447,1,1,inf,inf,0,0,0,1,0,0,0,1,5936,128,111,0,0,0,0,1,4358,4.1,44,0
3.6,12.96,0,0,293,5.683579767338681,0,0,4,0,1,1,0,0,0,0,0,26.080000000000002,75.65,0.46652327567677154,0.9126667247897163,0.9355153221825093,0.5065092727137669,0.5747808287671716,0.5931822135298263,0.47329818559300596,0.7282003263736394,0.2535733915433014,0.04298546616444532,0.17533918642746127,0.44095789364789917,0.2954668685843229,0.7090576218099405,0.44353422762218464,0.8817850725236824,0.9890333151497859,1,1,inf,inf,0,0,0,1,0,1,1,0,5227,1215,302,1,2,0,1,1,293,3.6,30,1
4.9,24.010000000000005,0,1,2536,7.838737559599282,0,1,4,0,1,0,0,0,1,0,0,26.92,76.42,0.6980907475693151,0.8329897754822315,0.1128381544886905,0.3003421568856932,0.1733114656691337,0.9750649801053821,0.43148071128905285,0.6940033837252985,0.019073627841464935,0.38608089497031384,0.9123709036745489,0.6962392875301481,0.7404770457357064,0.905862556838535,0.33631808417601894,0.6031784575368191,0.34121522919747305,1,1,inf,inf,0,0,0,1,1,0,0,1,2335,2739,173,0,0,0,0,1,2536,4.9,49,1
3.3,10.889999999999999,0,0,1238,7.122059881629142,0,1,1,1,1,0,0,0,1,0,0,26.44,75.18,0.9947220742958958,0.27604726597523654,0.10708660703855155,0.40577422711934585,0.9250238086392559,0.766279820111171,0.9825712359565456,0.3527337268830365,0.4257909419114031,0.7258260367391975,0.7743146031730792,0.5141148659820702,0.3563735034706581,0.5603424088165712,0.9264069892700086,0.02292707143127526,0.18420076214021897,1,1,inf,inf,0,0,0,1,1,1,0,1,1680,519,210,0,0,1,0,1,1238,3.3,20,1
4.3,18.49,1,0,2397,7.7823903355874595,0,1,1,1,1,0,0,0,0,0,0,27.87,77.73,0.15602831710258058,0.8053141807679745,0.09320940373609232,0.9763861338853886,0.6868738497415475,0.3889251629010272,0.22539135466901872,0.4341539754507189,0.853489752493733,0.01404456212055738,0.15729652412439254,0.9193661281872461,0.09384102955536822,0.9033321239872035,0.5730852800166003,0.013553795440186645,0.7406409897703695,1,1,inf,inf,0,0,1,0,1,1,1,1,486,4385,327,1,2,1,1,1,2397,4.3,30,1
3.8,14.44,0,0,3497,8.159946655578548,0,1,2,1,1,0,0,0,1,0,0,26.76,76.87,0.9271619043226222,0.7268424346963585,0.9381346312415885,0.0870136878077824,0.853542227380615,0.6795566449419385,0.5006835067183361,0.7414570359831525,0.2534586111893177,0.27083775952448363,0.5710283702959871,0.9043866213298556,0.7300338458227353,0.18172242310787445,0.997813489503596,0.4462020445334548,0.4992670414639885,1,1,inf,inf,0,0,0,1,1,1,1,1,2590,931,109,0,2,0,1,1,3497,3.8,47,1
3.2,10.240000000000002,0,0,924,6.829793737512425,0,0,2,1,1,0,0,0,0,0,0,26.88,75.68,0.9437300977680542,0.906356428775289,0.6107448472154003,0.012516467741661153,0.1309024659384027,0.15134320720316996,0.3904643220755455,0.1592012099241682,0.8235066133980347,0.6827391460194334,0.3959412569173094,0.8444179489729976,0.1200892734213066,0.4943672059745904,0.9239952988171226,0.048356874285667706,0.19751388172178086,1,0,inf,inf,0,0,0,0,0,1,1,1,1329,368,146,1,3,0,1,0,924,3.2,38,0
2.8,7.839999999999999,0,0,733,6.598509028614515,0,0,4,0,1,0,0,0,0,0,0,26.01,77.77,0.23952526956406706,0.7271012549327979,0.1994829726665608,0.40901182443711404,0.4912744021095452,0.6239415880607216,0.49310114675700367,0.07752187683689449,0.6480129803620347,0.7258460822692637,0.3551232252459803,0.7557447908681478,0.4006895039754519,0.22816527158055777,0.46127368850291484,0.7962259865840353,0.9249242296760019,1,1,inf,inf,0,0,0,0,0,1,1,1,4330,4853,222,1,3,1,1,0,733,2.8,28,1
2.7,7.290000000000001,0,0,1081,6.9865664594064265,0,1,1,1,1,0,0,0,0,0,0,27.740000000000002,77.85000000000001,0.6687900786559308,0.279912121281485,0.19817984543466294,0.546541275653505,0.22793829483960892,0.45632324059951557,0.5798069721007244,0.04152004048160263,0.6041789273778098,0.061666928711177404,0.05068761639939201,0.028597527215450835,0.2995435112368986,0.551623650373895,0.2645959169138675,0.07174060218709599,0.6994890255259655,1,1,inf,inf,0,0,1,1,0,1,0,1,2693,428,128,0,2,0,1,1,1081,2.7,34,1
4.4,19.360000000000003,1,0,1387,7.23561914106675,0,1,1,1,1,0,0,0,0,0,0,27.14,75.4,0.30877957462141326,0.9820993455834172,0.5750449256173541,0.955757698294745,0.5611115731573579,0.5456113352622546,0.013605584834480822,0.016023631119266635,0.5305742737268667,0.18110359444136315,0.17978806533979586,0.1352900655826299,0.7920218462916653,0.154808824757673,0.9373142960292441,0.07010316090372926,0.4946964583153409,1,0,inf,inf,0,0,1,1,0,1,0,1,1007,560,72,1,0,0,1,1,1387,4.4,10,0
4.5,20.25,1,0,3216,8.076204527239026,0,1,1,1,1,0,0,0,0,0,0,27.85,75.33,0.8741287514511266,0.3986833920127224,0.34982300995122284,0.029577566476339023,0.15038497134436057,0.623767160967988,0.7295414669106798,0.57092497699618,0.5767732747980315,0.3139761611515811,0.3957181574000467,0.4919745729602242,0.4150081773412636,0.16384573709451,0.3171844160292342,0.48971118360990284,0.23189794377704165,1,0,inf,inf,0,0,1,0,0,0,1,1,3737,4496,45,0,1,1,1,1,3216,4.5,13,0
2.7,7.290000000000001,0,0,4768,8.469891918298224,0,1,1,1,1,0,1,0,0,0,0,26.45,76.88,0.9126955609898081,0.24324101928881892,0.5822528171102862,0.48704008583620084,0.4057482229187108,0.311219445504725,0.5774602465630213,0.04095518476231674,0.3142938981420623,0.8526633557679695,0.3799127756535142,0.16664886291332004,0.3265751903989902,0.3471968879902687,0.382499937567343,0.06815378714926501,0.9114700094167932,1,1,inf,inf,0,0,0,1,0,0,1,0,7774,4227,27,1,2,1,1,0,4768,2.7,29,0
3.1,9.610000000000001,0,0,3146,8.054204897064407,0,1,1,1,1,1,0,0,0,0,0,27.14,77.02,0.8229635275782866,0.4576707599738489,0.27738986497746254,0.15141349341193244,0.14442907607326272,0.7541645549757497,0.6546290943913284,0.1426865346566728,0.36634045557713746,0.819143213661375,0.9297617906625053,0.1110724145555887,0.6965280790557369,0.7418939764596101,0.5891842177139558,0.5101440637239748,0.8233214145126091,1,1,inf,inf,0,0,1,0,1,1,0,1,5122,353,90,1,0,0,1,0,3146,3.1,28,0
4.0,16.0,1,0,4907,8.498621805830801,0,1,2,1,1,0,0,0,1,0,0,26.18,77.92,0.430628722069737,0.43380955522265374,0.14051831016915972,0.9500877012647987,0.24407937307933603,0.5400349443148541,0.09919283659271894,0.432521451663611,0.5826802694029362,0.680758518246296,0.31273221526198614,0.6563552910537386,0.6485206877957879,0.45121703662376034,0.9870837592889291,0.5067120185027156,0.350561429238773,1,1,inf,inf,0,0,0,0,0,0,1,1,85,566,124,0,2,0,1,1,4907,4.0,13,0
5.0,25.0,0,1,308,5.733341276897746,0,0,3,0,1,0,0,0,1,0,0,26.830000000000002,75.27,0.13814657939985253,0.21003801889494333,0.5481213937494995,0.8622434917549081,0.8936642592418645,0.34995389149843537,0.17989960779981107,0.1238611230351242,0.691554196638885,0.48701894804596746,0.4454124755710267,0.5588820041385879,0.1723115770757967,0.6726897375971109,0.6570850178853396,0.449978717975701,0.041308428530347774,1,1,inf,inf,0,0,1,0,1,0,1,1,7438,3078,75,1,2,0,1,0,308,5.0,8,1
3.4,11.559999999999999,0,0,4423,8.39479954320217,0,1,2,1,1,0,0,0,0,0,0,27.27,76.74,0.7612116578368863,0.10162374549998632,0.6710930860530113,0.5576191988156273,0.3257215720556187,0.25666280526562335,0.35177322434907976,0.5744616257020968,0.8015794081683892,0.5103269245013211,0.5348933867570735,0.3153492917582318,0.4257704396726367,0.7404855707785001,0.26224778529301584,0.9194470694264213,0.36772469283891407,1,1,inf,inf,0,0,1,1,0,1,1,1,1629,4588,10,0,3,1,1,1,4423,3.4,7,1
3.0,9.0,0,0,2972,7.997326822998097,0,1,4,0,1,0,0,0,0,0,0,26.55,75.24,0.6318572284325863,0.5095069780063006,0.07040400691554294,0.6038299173096718,0.9784146927539518,0.4578733001920261,0.5583897336642478,0.1308937652092227,0.4341100137263164,0.23182703925572656,0.6719762976078723,0.4022525987551886,0.8195937525678809,0.4244933210483114,0.8592398379808882,0.9248112620527299,0.38467129736978023,1,1,inf,inf,0,0,1,1,0,0,0,1,3808,871,181,0,0,0,1,1,2972,3.0,30,1
4.8,23.04,0,1,2593,7.860956364876389,0,1,1,1,1,0,0,0,0,0,0,27.5,75.31,0.9214747885190525,0.662480689414147,0.20132315690093416,0.6733294973124175,0.346562104885752,0.9565387975433755,0.045929497198389346,0.8540218717671438,0.3243676666726949,0.6552684285710014,0.45351771818996056,0.24330755452045705,0.5408255585928321,0.564547997719416,0.8425472179518502,0.3659896510641776,0.7831595333614378,1,1,inf,inf,0,0,1,1,1,0,0,0,1574,1977,84,0,0,1,0,1,2593,4.8,24,0
4.1,16.81,1,0,149,5.0106352940962555,1,0,3,0,1,0,0,1,0,0,0,26.86,76.79,0.13085674185826923,0.494197048122348,0.4782269491247897,0.020692694627040487,0.046085700718248246,0.2206897633863919,0.249790407405323,0.9828082646597005,0.11860391738675657,0.4307122498710212,0.41624692643236616,0.31216427977849803,0.6350134339603517,0.4051590923817169,0.49933773615214105,0.9290152519368505,0.5355456478850797,1,1,inf,inf,0,0,0,0,0,0,0,0,3257,2424,95,1,1,0,1,1,149,4.1,48,0
4.2,17.64,1,0,2202,7.697575346802343,0,1,1,1,1,0,0,0,0,0,0,26.04,77.45,0.3562633450659879,0.762099930362124,0.11425158015424863,0.9075195328285475,0.9325810038888711,0.15121111373497964,0.012145137216672985,0.32443720679593013,0.928986165182382,0.40702524527245465,0.9379801009690322,0.5546418665484507,0.9895734380217007,0.2481182427777705,0.8041693836855448,0.9420233418276417,0.454804362837927,1,0,inf,inf,0,0,0,1,1,1,1,0,2191,1109,223,1,0,0,0,0,2202,4.2,48,0
3.9,15.209999999999999,0,0,3880,8.263848131368906,0,1,3,0,1,0,0,0,1,0,0,27.93,75.3,0.17965656257265972,0.6084605556734616,0.599221161609241,0.271865909276077,0.4747377473356267,0.19601618987496083,0.9034795866661522,0.27745949447972806,0.5771565933556412,0.8326351936613913,0.37576226315297834,0.11051154189557821,0.1776200206917854,0.6990695041631405,0.7475879353159328,0.04840729073213057,0.21888499557380148,1,0,inf,inf,0,0,0,1,0,1,0,0,1278,1568,306,0,2,1,1,1,3880,3.9,21,0
3.8,14.44,0,0,3091,8.036573409707312,0,1,1,1,1,0,1,0,0,0,0,27.48,77.73,0.6178275916891923,0.34415962596201133,0.12427786705983013,0.41999399627339296,0.09352654629224966,0.6064927942598735,0.4973941087524485,0.9509301223978769,0.1463407727593965,0.21393545137887082,0.365440533713541,0.5101305452756266,0.28070689447051145,0.9138901857899782,0.2639448365939059,0.8159146017846902,0.4406896769778219,1,1,inf,inf,0,0,0,1,1,1,0,1,317,613,325,1,1,0,0,0,3091,3.8,24,1
3.7,13.690000000000001,0,0,3797,8.242229891372231,0,1,2,1,1,0,0,0,0,0,0,26.38,77.82000000000001,0.38134435421621193,0.05183344723834593,0.5592906423532383,0.2568694462386407,0.1269440313016339,0.5850987307732012,0.4752804015186063,0.8239895962717219,0.2142895062572805,0.4042830483702423,0.9810724255031923,0.6434309612123562,0.9654032437304298,0.3970689052715076,0.1957928030270758,0.9973084585412332,0.1464939458476957,1,1,inf,inf,0,0,1,0,0,1,0,0,1572,2992,326,1,2,1,0,1,3797,3.7,44,0
4.8,23.04,0,1,4812,8.47907586930311,0,1,2,1,1,0,0,0,0,0,0,26.82,76.04,0.2717675814266789,0.9319808400890206,0.945142449591241,0.20082400498529718,0.054180982182963855,0.025001945301614814,0.44602121108261983,0.34217264009458803,0.7688932654981137,0.6963236189952086,0.7042664575185946,0.6666123046588387,0.8834844956957358,0.7729063212385932,0.42861753857806373,0.25759706614935984,0.8807895664190067,1,1,inf,inf,0,0,0,0,1,1,1,1,2722,3348,364,1,3,0,1,0,4812,4.8,37,1
4.7,22.090000000000003,0,0,3274,8.094073148069352,0,1,3,0,1,0,0,0,0,0,0,26.38,75.24,0.851753853953553,0.834966673876133,0.8292286116678187,0.9566389299210616,0.08330342549449932,0.11732573337674579,0.51213370275133,0.8442313351699232,0.2527805506595965,0.2117973924092036,0.8240423175646787,0.8974481400523192,0.2926905134566674,0.2624000587729334,0.030527153059807244,0.3631862760015233,0.6112086446789408,1,1,inf,inf,0,0,1,1,0,0,0,0,2370,1908,287,1,2,0,1,1,3274,4.7,11,0
4.0,16.0,1,0,179,5.19295685089021,1,0,3,0,1,0,0,0,0,0,0,26.830000000000002,77.63,0.7549668852043807,0.3510584501168381,0.2217178283004344,0.13004250814477014,0.17084048830023013,0.028060842648209627,0.29750841691635344,0.35125581555832674,0.9483481230062903,0.5314599535730576,0.8832650688406932,0.0660475719078859,0.15841321081111004,0.4963018519599912,0.18210501830185466,0.43640039596897773,0.44025834472926184,1,1,inf,inf,0,0,0,1,1,0,0,0,2250,2181,298,0,0,1,0,1,179,4.0,48,0
3.6,12.96,0,0,1823,7.508787170634276,0,1,3,0,1,0,1,0,0,0,0,27.490000000000002,77.28,0.6029224961787939,0.4305008494344088,0.6787144204945611,0.4677472450644232,0.8451685171402398,0.6898429954498415,0.2622602535058539,0.46870327200231376,0.011832082218463658,0.9313591286115158,0.64326817475579,0.37132603730004854,0.5554776682494822,0.6221519989275146,0.9547238299284483,0.5598799190746753,0.8815432499333118,1,1,inf,inf,0,0,0,0,0,1,1,0,6536,477,82,1,1,0,0,0,1823,3.6,18,1
3.7,13.690000000000001,0,0,1115,7.017506142941256,0,1,4,0,1,0,0,0,0,0,0,26.63,76.55,0.3423584048053714,0.5024704323419261,0.8469634152080574,0.2377965026321397,0.04985399669740642,0.9294268670610195,0.836945875970062,0.6031518100347856,0.3134310816420832,0.8186111856486689,0.2084101934574938,0.9777415722697439,0.5293069086062229,0.44928642045497225,0.8859948643283158,0.031788123014914293,0.7918237090458065,1,1,inf,inf,0,0,1,1,0,0,1,0,9421,1501,298,1,3,0,0,1,1115,3.7,4,0
4.2,17.64,1,0,854,6.75110146893676,0,0,1,1,1,1,0,0,0,0,0,26.76,77.75,0.3024394660720887,0.5815688385915198,0.48328544908525584,0.7316516634849312,0.5075878747626892,0.8187375459239259,0.030468468506651858,0.748062589979755,0.6399102990560903,0.9217368585717021,0.6879904353476886,0.9641627299581866,0.7063339710768306,0.6685860594189066,0.31356086062648525,0.04149455578930672,0.2513410762178835,1,1,inf,inf,0,0,0,0,1,0,0,0,1399,2966,241,0,1,1,0,1,854,4.2,3,1
4.0,16.0,1,0,5000,8.517393171418904,0,1,2,1,1,1,0,0,0,0,0,27.48,77.16,0.5415512069066425,0.48149967306283314,0.9935578165979158,0.7105183099987017,0.08722674114515605,0.8124876224291447,0.9113010678371678,0.2892823326110794,0.21475138332247135,0.7548624044744546,0.8318901354599956,0.24213090007196247,0.677367866941836,0.24213491098851736,0.8272810363742842,0.49273261265652424,0.98737183153141,1,1,inf,inf,0,0,0,1,0,0,1,0,321,262,229,1,1,0,0,0,5000,4.0,47,0
4.3,18.49,1,0,2711,7.905441649060286,0,1,1,1,1,0,0,1,0,0,0,27.69,75.31,0.6537695916669176,0.5471093169429658,0.08165112902589078,0.8313966460448949,0.1371846579520819,0.1417955046709859,0.21582687203668283,0.4352106348291733,0.13789273776794753,0.8964551010074646,0.44773527411053005,0.5439005308556382,0.31069343792612114,0.6841066125218072,0.6895355878041297,0.6286557767914219,0.6735449230533915,1,1,inf,inf,0,0,0,1,1,1,0,0,9687,124,30,1,3,1,0,1,2711,4.3,9,1
4.9,24.010000000000005,0,1,3622,8.195057690895077,0,1,1,1,1,0,0,0,0,0,0,27.76,76.17,0.891496806881363,0.01789463426952087,0.9936493891401329,0.5685308064984934,0.10402974878721827,0.012159296901944838,0.5098494020107611,0.35881733561081675,0.22387534314620372,0.3014533518082968,0.6931880335597724,0.8296793968766121,0.1182039991884627,0.07930276359918309,0.6984455561284182,0.11042985391046523,0.8362329029623562,1,1,inf,inf,0,0,0,0,1,1,1,1,5313,807,239,0,0,1,0,0,3622,4.9,1,0
3.6,12.96,0,0,1812,7.502738210754851,0,1,2,1,1,0,0,1,0,0,0,27.0,77.62,0.6114356238487495,0.5975777020099484,0.5372091784428555,0.9463181155273275,0.4827579128056302,0.7673651280220533,0.6767665897001562,0.1594347103961843,0.47145749669600345,0.027078433465737017,0.03360628107888575,0.2385076082513754,0.7521388097846617,0.666532897381565,0.8050171648662037,0.8686027056802252,0.6064928917653069,1,1,inf,inf,0,0,1,1,1,0,1,0,2763,4315,215,1,3,1,0,0,1812,3.6,12,1
2.9,8.41,0,0,1127,7.028201432058005,0,1,4,0,1,0,0,0,0,0,0,27.41,76.25,0.7183886331117432,0.5078402768517759,0.5810618844817015,0.8102252870037611,0.5915429237087856,0.99384186309691,0.36565469089614455,0.7124994668882375,0.7544030386364788,0.5037095802396276,0.29054370770648164,0.8740282448380522,0.9401726244317512,0.3994839667048976,0.736776390881466,0.5016164759846342,0.609684032346296,1,0,inf,inf,0,0,0,0,0,0,0,0,5407,4675,103,0,0,0,1,0,1127,2.9,32,0
4.6,21.159999999999997,0,0,4287,8.363575702750637,0,1,1,1,1,0,0,0,0,0,0,26.400000000000002,75.27,0.7563767028491222,0.10074438528768381,0.6152925801052714,0.38788899233124985,0.8648773192804305,0.775980702104727,0.5449649313443529,0.943713484542016,0.8870049457346536,0.9060467639794456,0.8076554644286909,0.842008647218259,0.15707173366377825,0.6312028134705009,0.5901598784413769,0.9474649725352753,0.03959501755999262,1,1,inf,inf,0,0,1,1,0,0,1,0,9833,4425,355,0,2,1,1,1,4287,4.6,25,1
2.6,6.760000000000001,0,0,627,6.4425401664681985,0,0,4,0,1,0,0,0,0,0,0,26.23,76.34,0.2545545631922913,0.5030250981918403,0.6044163734598218,0.6679182963086653,0.4677828003955943,0.5346034901210754,0.4450847768500572,0.14853213845788504,0.7413970390486547,0.07635633553279797,0.43165049241350817,0.10243836496090075,0.4022728099997578,0.6595468601473377,0.17932418725206434,0.3475320603731653,0.14176279003079906,1,1,inf,inf,0,0,0,0,0,1,0,1,867,2368,218,0,2,1,1,1,627,2.6,5,1
4.9,24.010000000000005,0,1,1521,7.3277805384216315,0,1,3,0,1,0,0,0,1,0,0,26.8,75.0,0.5358397084899071,0.8941873652787059,0.540947141482441,0.5403340479825854,0.6751897068978192,0.24042573221707386,0.3705974452858658,0.36402303562374716,0.2063258264219321,0.8496536717265675,0.2467312854069208,0.9149784312838972,0.10291094729854999,0.5832668185126314,0.5192763342098242,0.6760995359545944,0.5077417858360088,1,1,inf,inf,0,0,1,1,0,0,1,0,4614,4450,340,0,2,1,1,0,1521,4.9,11,1
3.1,9.610000000000001,0,0,1644,7.405495663199472,0,1,2,1,1,1,0,0,0,0,0,26.580000000000002,76.47,0.26075702726424,0.8956067999634304,0.5420983549914242,0.7462955493765346,0.053615546302780315,0.4015433633664247,0.8073076010082532,0.6643567769918424,0.8732467904546912,0.04800343693757225,0.9873688124369275,0.2757951778371165,0.567138770313063,0.9012475524775936,0.06723470102293316,0.10439539796680908,0.07168105153594351,1,0,inf,inf,0,0,1,1,1,1,0,1,5761,2177,170,0,3,0,1,1,1644,3.1,16,0
2.8,7.839999999999999,0,0,612,6.418364935936212,0,0,1,1,1,0,0,0,0,0,0,27.3,76.79,0.5529411551966328,0.4669143348929844,0.17632951831819732,0.35867563281408643,0.2907653015789057,0.3559932325126509,0.8810228635372364,0.254132660290455,0.5681014305991359,0.8394950854535921,0.15903976245573703,0.10852902848653523,0.7494274053078611,0.6599276689266365,0.3405800043150816,0.3164899796160944,0.2035249251620589,1,1,inf,inf,0,0,1,0,1,1,0,0,2148,4188,284,1,1,1,1,1,612,2.8,27,1
2.6,6.760000000000001,0,0,1110,7.01301578963963,0,1,3,0,1,0,0,0,0,0,0,27.71,76.57000000000001,0.9663481326700971,0.07164218218950646,0.312260878753414,0.42601388586227473,0.0758912388148737,0.00643747203517353,0.9261685541751804,0.28106864703039103,0.5755402293704752,0.9633301953318901,0.7396887863321864,0.8209458968021712,0.26318692147232103,0.2493319602559141,0.7668596683192604,0.6444381043975047,0.02123636168108134,1,0,inf,inf,0,0,0,1,1,1,0,0,8045,2013,357,1,0,0,1,1,1110,2.6,6,0
3.5,12.25,0,0,2269,7.727535110475448,0,1,4,0,1,1,0,0,0,0,0,27.71,75.29,0.8254167002701773,0.24886189067742448,0.6315188043240894,0.42767043887211187,0.32113420491001987,0.22415767603180226,0.7019770271999856,0.15723157982336444,0.8569020794501074,0.8837298954475179,0.11585235018617979,0.6486813815296908,0.3281879801943014,0.28722702297685154,0.8975717694890303,0.11927560189121567,0.24432756007575152,1,0,inf,inf,0,0,1,1,0,1,1,1,9914,3748,279,1,3,1,0,1,2269,3.5,25,1
3.4,11.559999999999999,0,0,3489,8.157657015196472,0,1,2,1,1,0,0,1,0,0,0,27.48,77.21000000000001,0.6792340628566877,0.8981833307713698,0.004501912950874765,0.8485018442909656,0.7859907757924285,0.707363283832302,0.3737349646012076,0.12687592298599137,0.9615632399505035,0.6463353218709245,0.62589893385602,0.7756065075078878,0.17910215196640233,0.3233228555892613,0.14075233236292928,0.9590276072460683,0.888170162859441,1,1,inf,inf,0,0,0,0,1,0,0,1,846,4794,100,1,3,1,1,1,3489,3.4,6,1
2.6,6.760000000000001,0,0,3300,8.101980731853192,0,1,1,1,1,0,0,0,1,0,0,27.62,77.66,0.4752705264755397,0.026170660119925415,0.13278380181013694,0.7019354443034722,0.4636661125053546,0.5750576410914005,0.23897964738247857,0.5973291673556886,0.004964192727883288,0.1968046483229321,0.17461140205504355,0.8822839821202224,0.0393771551805886,0.571408522433286,0.6595844437515174,0.28174321011236403,0.8158637424630621,1,1,inf,inf,0,0,1,0,0,0,1,0,9792,3327,176,0,1,1,1,0,3300,2.6,41,1
4.6,21.159999999999997,0,0,2148,7.67275789664251,0,1,3,0,1,0,0,0,1,0,0,27.34,76.81,0.7857470861527258,0.8622394980627477,0.626822007238684,0.5342683904032984,0.1910851027995194,0.7361323538354608,0.4152732168990516,0.7129270562836368,0.6938392003289144,0.24310002675690368,0.21489124988837582,0.3822695353133091,0.6010238684645526,0.48570248878996536,0.45473119126570827,0.049861686189065724,0.27013383006768343,1,1,inf,inf,0,0,1,0,0,1,0,0,219,2927,315,1,2,0,0,1,2148,4.6,29,1
2.9,8.41,0,0,3163,8.059592328887545,0,1,1,1,1,0,0,0,0,0,0,27.91,75.29,0.04390279022564325,0.948756129524007,0.20668932965563258,0.5540149366379916,0.2516684899635582,0.9291967097211427,0.09093629627952793,0.6512348328333819,0.7732689722566668,0.49139441222553004,0.25350036726038405,0.311525039852517,0.1847294919508966,0.2572741622914697,0.2552524309357753,0.39640481020626295,0.01994126050219247,1,1,inf,inf,0,0,0,1,0,1,0,1,7784,2158,36,1,2,0,1,0,3163,2.9,36,0
4.2,17.64,1,0,4768,8.469891918298224,0,1,4,0,1,0,0,0,1,0,0,27.82,77.16,0.261227645429301,0.6064830209458264,0.8676911680824445,0.2462728061887377,0.5158859140637975,0.001474642886258648,0.5288638328152464,0.11467686736608085,0.48466607399435346,0.855244403035828,0.28294116368455813,0.9154663722009146,0.19576928979394337,0.6640565997832166,0.47128947476246663,0.8039573066306293,0.03997507845594439,1,0,inf,inf,0,0,1,0,1,1,0,0,9096,2212,260,0,1,0,1,0,4768,4.2,26,0
2.9,8.41,0,0,1179,7.07326971745971,0,1,2,1,1,0,0,0,0,0,0,27.080000000000002,75.3,0.8443798209750539,0.5006017834139492,0.005681897537363145,0.872893592131294,0.7481963100162716,0.9321470594956177,0.7981011515664024,0.5451272706632864,0.8916941208540138,0.24215051832340184,0.5982344687541542,0.08572404326689786,0.8068557369041734,0.22946058660007995,0.730743991416241,0.9124240411673877,0.8254253797111468,1,0,inf,inf,0,0,1,0,0,1,1,0,7499,1471,53,1,2,1,0,1,1179,2.9,12,1
4.7,22.090000000000003,0,0,328,5.796057750765372,0,0,4,0,1,0,1,0,0,0,0,27.07,75.55,0.7320914714950965,0.19115535765452252,0.40068667930263024,0.8646254046894444,0.9822397856156154,0.039447603313075175,0.043419447961043356,0.7694763846538105,0.8730157099044538,0.933071170396316,0.8626979938274602,0.16341556910347554,0.555432037364596,0.4897092971695457,0.9961803433501181,0.8249656619192545,0.24824791927763845,1,0,inf,inf,0,0,1,1,1,0,0,0,3377,1358,96,0,0,0,0,1,328,4.7,34,1
2.8,7.839999999999999,0,0,1112,7.014814351275545,0,1,2,1,1,0,0,0,0,0,0,27.77,77.21000000000001,0.007507472653089153,0.5741804499182521,0.4119004763995784,0.006773253499460674,0.8503198832950095,0.6323056203267715,0.9653258325772497,0.3600505572960846,0.47826755768868257,0.718973269245841,0.04253023245875853,0.9408349891892706,0.5189086521177577,0.5848205390880751,0.6616707535706409,0.5295108248012133,0.42795274470368594,1,1,inf,inf,0,0,0,1,1,0,0,1,2483,1374,148,0,2,0,0,1,1112,2.8,43,0
3.0,9.0,0,0,780,6.660575149839686,0,0,4,0,1,0,0,0,0,0,0,26.0,77.99,0.6471095940403379,0.46725027719636447,0.7065741463097026,0.9177216495525679,0.5938522555276363,0.7087456304542195,0.12932194005285513,0.4731916559568605,0.6809178302964612,0.6381699728350662,0.1681202529946909,0.6786504079159889,0.19732694101061732,0.37641879303552084,0.8218320668225514,0.30983506245478143,0.8294061513245204,1,0,inf,inf,0,0,0,1,0,1,0,0,6932,3764,308,0,2,1,1,0,780,3.0,17,0
3.7,13.690000000000001,0,0,3262,8.09040229659332,0,1,3,0,1,0,0,0,1,0,0,26.19,75.67,0.5598669979753439,0.04532440564804341,0.706004294808881,0.22926128458359152,0.8275326048337488,0.36125638033216534,0.09736889019169415,0.6011756816141423,0.1848593973675816,0.5689254320168607,0.9807864903971809,0.2834474097821972,0.29089729900334615,0.35248734969144546,0.7342249320830114,0.3769558221629926,0.7539058186647619,1,1,inf,inf,0,0,0,1,0,0,1,0,2419,2597,165,1,2,1,1,0,3262,3.7,32,0
4.8,23.04,0,1,1309,7.177782416195197,0,1,4,0,1,0,0,0,0,0,0,26.37,75.26,0.14034343989381304,0.7580334670648424,0.965051275490183,0.8024422515250896,0.7057471734343793,0.8967453904272141,0.2012401722573296,0.9260789754161483,0.9485289681797696,0.42158913640825246,0.16055810974965412,0.5674882240095486,0.45375255150635774,0.02473582166273658,0.071709126345879,0.45789548848589035,0.003215739088830105,1,1,inf,inf,0,0,0,1,0,1,0,1,1371,4220,120,0,0,1,0,1,1309,4.8,18,1
4.5,20.25,1,0,4615,8.437283808187935,0,1,3,0,1,0,0,0,0,0,0,26.95,77.94,0.13130139723483947,0.46348861584193135,0.015625240169471533,0.036219102352017085,0.66990649833692,0.04914680102852764,0.8061303890394006,0.8198856905699923,0.5456420426754551,0.5863958148900013,0.5214955039675729,0.01465957244656857,0.40737300839880475,0.3467085056682597,0.7789312867397996,0.38398597187912475,0.2700749712258306,1,1,inf,inf,0,0,1,0,1,0,0,1,4800,2753,341,0,1,0,1,0,4615,4.5,41,0
3.3,10.889999999999999,0,0,2748,7.918992488165245,0,1,1,1,1,0,0,0,0,0,0,26.57,77.3,0.42858720648706916,0.3282586791963603,0.2592634257903045,0.9253485293843534,0.43883151662515185,0.37591783421536784,0.6448854583167641,0.8025122019762152,0.8577178404372884,0.7138745341738482,0.19471572685352256,0.8516547730515504,0.8247669671803417,0.3411413615340042,0.07419338540808973,0.0012640984691237866,0.900849803304716,1,0,inf,inf,0,0,0,1,0,0,0,0,4669,1712,255,1,0,1,1,0,2748,3.3,0,1
4.2,17.64,1,0,4496,8.411165786770708,0,1,3,0,1,0,0,0,0,0,0,27.82,76.96000000000001,0.17703032243567995,0.16646292903447024,0.2827384029070066,0.9242269446777182,0.47896526923880656,0.8348413954773574,0.7672898756588615,0.5185063489760178,0.9718654069579715,0.5042251233589866,0.464103207110078,0.6775073132564887,0.7106395447628996,0.6110531458697439,0.22499817068059091,0.6267197379148508,0.7368374498673758,1,0,inf,inf,0,0,1,1,0,0,0,1,1056,4480,211,1,1,1,1,1,4496,4.2,10,1
4.0,16.0,1,0,1329,7.1929342212158,0,1,2,1,1,0,0,0,0,0,0,26.05,77.44,0.2759389961676435,0.06858213302589888,0.8775837144629581,0.056749895835221165,0.28750977026557223,0.5070916196565646,0.6490957304322026,0.8929039281630108,0.6504742119995908,0.6768786563828189,0.5293234726819005,0.2685785315862208,0.8939287900977785,0.08955773676500234,0.2724007316485867,0.971641277671475,0.026378009349705023,1,0,inf,inf,0,0,0,0,0,0,1,0,7088,1183,306,1,3,0,1,0,1329,4.0,5,0
3.7,13.690000000000001,0,0,3167,8.060855752934316,0,1,4,0,1,0,0,0,0,0,0,26.29,76.36,0.03264443584524368,0.14986409157808744,0.6012103404797164,0.7349626647136526,0.03823602344663102,0.5929643122107698,0.7716790221152919,0.33111658590884696,0.992292726787411,0.36514353378153463,0.3332199812193356,0.1684644660578366,0.4175395360925753,0.16839434340364756,0.9201208393001861,0.7440498165711449,0.13303544142215684,1,1,inf,inf,0,0,0,1,1,1,0,1,6544,1512,182,1,0,1,0,0,3167,3.7,17,1
3.0,9.0,0,0,2725,7.9105906122564775,0,1,2,1,1,1,0,0,0,0,0,26.75,77.03,0.9398900018858208,0.3606014034371815,0.28227038369528323,0.37886668429042414,0.02431293682194602,0.9666970853824753,0.6579192896208225,0.15310380147848746,0.5946729672613592,0.21142795423214678,0.727269033582251,0.33151511700003433,0.15096535589829851,0.8722673596576754,0.743082979120405,0.9616692416674378,0.3371175516400926,1,1,inf,inf,0,0,1,0,0,0,1,1,2581,4181,142,1,1,1,0,0,2725,3.0,37,0
3.4,11.559999999999999,0,0,1569,7.358830898342354,0,1,4,0,1,0,0,0,0,0,0,26.45,77.61,0.6510917943731303,0.5530925002262758,0.6558495106307001,0.9328519450690397,0.22503764710466267,0.6704412467056473,0.42655367824865154,0.4938823635019629,0.36834045698620566,0.4804253275878838,0.7019169321368341,0.6523231096829092,0.17558228254733454,0.5225257008582208,0.8692823467358747,0.9605558045538858,0.2541928865469123,1,0,inf,inf,0,0,1,0,0,0,0,1,3190,1962,338,1,2,0,1,1,1569,3.4,9,0
4.3,18.49,1,0,3749,8.229511118964457,0,1,1,1,1,0,1,0,0,0,0,26.07,77.92,0.15721879819865536,0.1960657918451726,0.5709161446233262,0.5136543357459449,0.4044179333432272,0.8882482127780605,0.45583812936413404,0.3530892350410346,0.43211964734729935,0.3876325819580998,0.30674750646402005,0.600695153572725,0.02553798567764831,0.7426195883598812,0.04648185570522845,0.25607952887480645,0.04991946433057748,1,1,inf,inf,0,0,1,0,1,1,1,1,7807,4786,27,0,3,1,1,0,3749,4.3,9,1
3.9,15.209999999999999,0,0,2454,7.805882040228621,0,1,2,1,1,0,0,0,0,0,0,27.43,75.19,0.234794168951577,0.24919405080382717,0.17924921810603844,0.8187089354802486,0.3083578317515425,0.0580663834316949,0.4008536276061637,0.8721331226907594,0.7227885141769338,0.23954036409582602,0.9808957879014294,0.6245030080797942,0.2104214677277788,0.14878198803048082,0.8079332314842208,0.8977246775972099,0.9000910920071563,1,1,inf,inf,0,0,0,0,0,0,0,0,5531,4811,129,1,0,0,1,0,2454,3.9,4,0
3.9,15.209999999999999,0,0,563,6.335054251498059,0,0,3,0,1,0,0,0,0,0,0,27.64,75.4,0.12767075042783738,0.9115707476060889,0.11532796155259895,0.48587906738161746,0.7970594330115236,0.6192883832080549,0.2570656914235093,0.9835820957093014,0.7554838625135324,0.8207231655320232,0.2742203321269454,0.3535181821692409,0.7120026595462974,0.6104493067694927,0.09188032510826194,0.9614092298345236,0.9753928127310557,1,0,inf,inf,0,0,1,0,0,0,0,1,4844,3662,39,0,0,1,0,1,563,3.9,20,0
2.7,7.290000000000001,0,0,1913,7.5569505720129,0,1,2,1,1,0,0,0,0,0,0,27.830000000000002,75.86,0.3154780563026375,0.08046805151838565,0.997123005311301,0.931965386925136,0.27709506645065396,0.8011085712986705,0.506860989163764,0.3516135785033485,0.6617183859111894,0.417799013177815,0.23479759455102867,0.6888768405038488,0.9644521530067397,0.6719337657046875,0.6086616416873192,0.5579102363034486,0.3339786121947822,1,1,inf,inf,0,0,1,1,0,1,1,1,9138,4215,357,0,0,1,1,1,1913,2.7,31,0
3.7,13.690000000000001,0,0,3865,8.259975659768276,0,1,4,0,1,0,0,0,0,0,0,26.78,75.02,0.8185714565419941,0.1355996825591993,0.2637813256056166,0.7465385412636673,0.1540456186071496,0.0657033372515673,0.8434252802990452,0.5796630276121483,0.48683387582761106,0.6441550555512541,0.09551073655291586,0.7063381372973574,0.12131778575019037,0.5898056044824385,0.8127100873937709,0.8979060748786951,0.8880511718091338,1,1,inf,inf,0,0,0,0,0,0,0,1,9390,3276,126,1,0,0,1,0,3865,3.7,8,1
4.5,20.25,1,0,4282,8.36240897761537,0,1,4,0,1,0,0,0,0,0,0,27.3,77.96000000000001,0.45287129438321605,0.8130447650396486,0.1167378763651512,0.14573436721389987,0.6759759386033288,0.6521461536921173,0.13176241225208818,0.09655416506857517,0.831486164611489,0.24514988486760558,0.7234622594272136,0.7835170323406285,0.06114836729493145,0.6392895605580173,0.1734376207608992,0.23787779139700405,0.17457443651088178,1,0,inf,inf,0,0,0,0,0,0,1,1,8084,2714,344,1,0,0,1,0,4282,4.5,12,0
4.0,16.0,1,0,1154,7.051855622955894,0,1,1,1,1,0,0,0,0,0,0,27.26,75.07000000000001,0.4781656520328649,0.9020274270248078,0.6148228734847463,0.1282629808373209,0.5486293995492162,0.22710647372799686,0.18957405281847273,0.7693254743982294,0.16018328405165572,0.9287367504788292,0.6154520544173978,0.56504983676676,0.7700307474817333,0.8973992973842062,0.4825264398820277,0.5240896604598505,0.8911251585360564,1,0,inf,inf,0,0,1,1,0,1,0,0,2691,2123,200,0,2,0,1,0,1154,4.0,37,1
2.9,8.41,0,0,802,6.688354713946762,0,0,4,0,1,0,1,0,0,0,0,27.25,77.49,0.80988467116509,0.14786242786237802,0.9802292740107218,0.27717106993794727,0.9030073743706852,0.10127987501231261,0.6542391955173017,0.9072853534968452,0.43499781426315287,0.8818427967701975,0.3926183876674407,0.2843532811980527,0.8657213045209066,0.9124859006037842,0.03534916034415547,0.47052947223204034,0.07079522234303293,1,1,inf,inf,0,0,0,1,1,1,0,1,2680,2729,14,0,3,0,0,0,802,2.9,5,1
3.1,9.610000000000001,0,0,2778,7.929846429742503,0,1,1,1,1,0,0,0,1,0,0,26.44,77.99,0.9823304568035435,0.7203219241763581,0.7882762751238225,0.39201149385693956,0.45896531415667885,0.5497650207253704,0.5512944816001433,0.6793559624306845,0.5747622927272178,0.8886137794704109,0.9899500372322597,0.28739536898489815,0.5617638638012488,0.6049139143003074,0.602428253936216,0.9911117006701119,0.5962524355308346,1,1,inf,inf,0,0,0,0,0,1,0,0,6908,1906,333,1,1,0,1,0,2778,3.1,27,1
4.3,18.49,1,0,3003,8.007700012884026,0,1,2,1,1,0,0,0,0,0,0,27.61,77.27,0.2918032390701507,0.45282931931340453,0.5378776867633623,0.5362792475491802,0.8002512717817382,0.7336113407465245,0.3500790500894412,0.9705290847467575,0.20287207005955066,0.6052587605450963,0.9751107481592172,0.10250993808449815,0.21016681219079125,0.5482169524010068,0.811046691822722,0.4788716791550487,0.3212256767927515,1,1,inf,inf,0,0,0,0,0,0,1,1,507,66,115,1,3,1,0,0,3003,4.3,43,0
4.8,23.04,0,1,4092,8.317033476492403,0,1,4,0,1,0,0,1,0,0,0,27.02,76.44,0.023822001275253357,0.5898548531593331,0.6039707668658765,0.8385237186217802,0.03280492683777647,0.4574637392292742,0.5749963705803919,0.1279737203117154,0.14675408900308007,0.5509632412984896,0.8179522494653256,0.9852014841596597,0.994175779673388,0.42868213049309034,0.5543671837512256,0.1443736053635497,0.193396286203804,1,0,inf,inf,0,0,0,0,0,1,1,0,9772,3433,337,1,2,1,1,0,4092,4.8,38,0
4.8,23.04,0,1,1894,7.546974117516527,0,1,1,1,1,0,0,0,0,0,0,26.25,76.95,0.9791524053002362,0.7926494991388003,0.9414951677715809,0.014770673251696231,0.631461983184467,0.5737864890191325,0.4161773853017917,0.7274366002705728,0.9036258131029135,0.6202367458054279,0.35151498178724117,0.5757845117140508,0.802910508263416,0.4696211190752022,0.4774504165599808,0.4705017283257693,0.8200152741015841,1,0,inf,inf,0,0,1,1,0,1,1,1,3569,2496,245,0,1,0,1,0,1894,4.8,16,0
3.8,14.44,0,0,3744,8.22817689595132,0,1,4,0,1,0,0,0,0,0,0,27.28,77.08,0.01836260854968763,0.4939542855994735,0.8368136855932539,0.20373577108366803,0.8266699784704085,0.22659852439365813,0.7305560859312044,0.5634470205903436,0.37675809889962786,0.16896815669899012,0.498881852513841,0.225659433462984,0.2609010944429784,0.4500949357943871,0.7467526064867825,0.6384847697503346,0.5572474833197623,1,1,inf,inf,0,0,0,1,1,0,0,0,4143,2390,132,0,2,0,0,0,3744,3.8,35,1
4.8,23.04,0,1,3406,8.133587417660966,0,1,2,1,1,0,0,0,0,0,0,26.22,77.25,0.15184637435495418,0.19766741099388085,0.03206661490541429,0.4542495925349176,0.7093520784627843,0.027789716856197133,0.593568321950793,0.8056018183357635,0.9754579326900085,0.9001348919154928,0.5612368666779556,0.698977138636548,0.9923509432214981,0.5600831515961245,0.7901811839392429,0.5291524576380116,0.44124485967098137,1,1,inf,inf,0,0,1,1,1,1,1,0,980,2991,163,1,3,0,1,1,3406,4.8,46,0
4.0,16.0,1,0,568,6.343880434126331,0,0,1,1,1,0,0,0,0,0,0,27.810000000000002,76.31,0.13168158960869836,0.21996026797300827,0.4975162029961908,0.1355660971463094,0.0975711320911814,0.6136563165413119,0.0795109325302642,0.20058797081829893,0.8705021370132043,0.3640759834317603,0.5412309855670052,0.8381887694308564,0.7469342592426292,0.2658609543028202,0.7237753596960385,0.05485748794065659,0.7545854718283012,1,1,inf,inf,0,0,1,1,0,0,0,1,4336,956,338,0,1,0,0,0,568,4.0,48,0
3.3,10.889999999999999,0,0,1113,7.01571242048723,0,1,1,1,1,0,0,0,0,0,0,27.12,75.32000000000001,0.05998231458274328,0.570800659675849,0.08898955872405301,0.45115902591953283,0.21136053861960713,0.7521504551923239,0.8694574194139453,0.8775672952129774,0.26714703998600886,0.9828161510316915,0.10427222258238489,0.6802833590919763,0.6507306956381491,0.004116959168185441,0.9229017987007697,0.5568649073311799,0.12492146636257695,1,1,inf,inf,0,0,0,0,1,0,0,1,6309,1415,57,1,0,0,1,0,1113,3.3,25,1
4.1,16.81,1,0,1792,7.491645473605133,0,1,2,1,1,0,0,1,0,0,0,27.2,76.45,0.0011227378805106492,0.4620515244115989,0.7528048399489753,0.20792162025571603,0.5594863251872324,0.6585563835725479,0.23985846021612167,0.8402116125507857,0.015740189990036235,0.34112568310863167,0.1446861753177615,0.8207966434665129,0.026465401810549904,0.3398855141060727,0.5689154324991342,0.9988500559643724,0.34218751951893234,1,1,inf,inf,0,0,0,0,0,1,1,1,4497,3885,190,0,3,1,1,0,1792,4.1,34,0
3.6,12.96,0,0,4235,8.351374706721296,0,1,4,0,1,0,0,1,0,0,0,27.66,76.37,0.029238500301770887,0.30023930367392326,0.7031197892507031,0.6542908933487431,0.20281120002781838,0.01960585834131756,0.4386352062606088,0.7710253486675809,0.4379632679032808,0.8638574288159829,0.8528418913924555,0.5623463496005039,0.012555806401147174,0.608795911821047,0.6028546730635845,0.1955920082224888,0.6411339339265368,1,1,inf,inf,0,0,0,0,1,0,0,0,4529,3892,58,0,1,0,1,1,4235,3.6,10,0
2.7,7.290000000000001,0,0,3721,8.222016437202196,0,1,2,1,1,0,0,1,0,0,0,26.52,76.53,0.46926357688740006,0.09991425761396999,0.06754587714689753,0.6400440705501433,0.12652374273230493,0.7042688607961781,0.6479671359255645,0.49809284666443665,0.9087918012053265,0.6310230633470637,0.16224435030111273,0.6614526838144138,0.9281029737843801,0.1427367006064434,0.4914657835462499,0.03663251066089579,0.8075906118856543,1,1,inf,inf,0,0,0,1,1,1,0,0,2869,1192,339,0,2,1,0,0,3721,2.7,49,0
3.6,12.96,0,0,4467,8.404696160189092,0,1,2,1,1,0,1,0,0,0,0,26.34,77.44,0.6452986300517287,0.93813165007823,0.7204699070403772,0.01874937557416889,0.8596911779112455,0.16637963152098645,0.3527518566119361,0.4245582039080005,0.26892359981707326,0.7270709423976481,0.13895074992965384,0.5108813410691784,0.5556944538945399,0.8387187124206159,0.7602285319013145,0.9305928324515723,0.899647178389616,1,0,inf,inf,0,0,0,1,1,1,1,1,3118,3972,201,1,1,1,0,1,4467,3.6,23,0
3.5,12.25,0,0,924,6.829793737512425,0,0,4,0,1,0,0,0,0,0,0,27.63,77.13,0.8804041593170094,0.29101289233419425,0.48686582129189127,0.25524277691081054,0.16799725575578173,0.467423106185612,0.0051930067018719495,0.6126339906810624,0.9621729080669911,0.24921358644237723,0.1511475162335476,0.07456400064874957,0.3345382732686176,0.22722459002787,0.05352027298139839,0.45269408546958023,0.31808840438843766,1,0,inf,inf,0,0,1,1,1,0,1,0,5451,3903,210,1,3,0,1,1,924,3.5,0,1
2.6,6.760000000000001,0,0,4068,8.31115254800169,0,1,4,0,1,0,0,0,0,0,0,27.69,77.2,0.9073412396903272,0.928587314094883,0.46914717031491215,0.3044294941396497,0.608491275534105,0.34617142520556055,0.2470040681746053,0.6792719268160522,0.31571148358158285,0.4971540286124325,0.1146593633148888,0.9696613550072493,0.7283240142968436,0.6177392381249566,0.31506249079660553,0.0030292465110491884,0.734891196174452,1,1,inf,inf,0,0,0,1,1,1,1,1,9403,1722,153,0,0,0,0,0,4068,2.6,23,0
3.1,9.610000000000001,0,0,4599,8.433811582477187,0,1,1,1,1,1,0,0,0,0,0,26.79,77.31,0.3962556986749738,0.18600909032514346,0.2811885356933652,0.2870494466122163,0.8225347114104806,0.5696512679233747,0.34219737418997875,0.10091656662249915,0.7162163799501134,0.768806976795544,0.047640005016667764,0.5218403551961642,0.2343855813539043,0.07878473920021589,0.642627671978484,0.9674148462390565,0.9128708269624782,1,1,inf,inf,0,0,1,1,0,1,0,1,7562,134,325,1,1,0,1,1,4599,3.1,46,1
4.0,16.0,1,0,1531,7.3343293503005365,0,1,1,1,1,0,0,0,0,0,0,26.76,76.97,0.09323765148885421,0.0986053686247731,0.6573042473180711,0.9290213983102803,0.9408331934341592,0.9188441332628503,0.39443415268788984,0.6834446224468841,0.8801483586337161,0.08256589421194604,0.4913000417011566,0.9103753328692171,0.8098928952238166,0.21068406662076633,0.12689745823428544,0.23176824238767102,0.3554191898088761,1,1,inf,inf,0,0,1,1,0,0,0,0,2790,4940,118,0,3,1,0,0,1531,4.0,36,0
2.7,7.290000000000001,0,0,1735,7.459338895220296,0,1,3,0,1,0,0,0,0,0,0,27.52,75.59,0.08547031726810495,0.05674285101280818,0.9738220586333107,0.9658101635737447,0.9543294834737726,0.6795198538889885,0.025148593129109886,0.16352199390312094,0.7185252222930966,0.5459994008868924,0.8366696827232162,0.8005175515398297,0.48221375939860067,0.9759000926083492,0.6769924582877509,0.23025572966555252,0.9303823534078751,1,1,inf,inf,0,0,0,1,1,0,1,1,1548,851,49,0,2,1,1,0,1735,2.7,20,0
4.2,17.64,1,0,909,6.813444599510896,0,0,2,1,1,0,0,0,0,0,0,27.14,77.86,0.4750762781090996,0.895206664498092,0.1501954914338428,0.09117027825312218,0.6011916598646299,0.6823676118489088,0.7671069455386859,0.4200002770791018,0.7223816471661278,0.9674073291997596,0.12160652452242482,0.35113445614627936,0.0020646995385877887,0.3501086608290386,0.10614620531393848,0.2822678168072794,0.02085015343835772,1,1,inf,inf,0,0,1,1,1,1,0,1,161,1624,261,1,0,0,0,1,909,4.2,21,0
3.4,11.559999999999999,0,0,860,6.7580945044277305,0,0,2,1,1,0,0,0,0,0,0,27.16,77.0,0.2794698971927887,0.3651666397239993,0.5341198122014741,0.4039313401529163,0.7372902038086396,0.8001506220925437,0.15397156720725536,0.3107911853353045,0.6708333307068123,0.46928035426830983,0.9046377543466874,0.7061403870848385,0.48053745804309966,0.6118645883302748,0.4868877341656376,0.8755148448861113,0.5110868111897192,1,1,inf,inf,0,0,1,0,1,0,0,0,1063,2010,325,0,2,1,0,1,860,3.4,16,1
3.9,15.209999999999999,0,0,2854,7.956827122090111,0,1,2,1,1,1,0,0,0,0,0,26.42,75.12,0.1959378386803774,0.3718332602020842,0.9039436077244448,0.43431129877483665,0.22265403714833276,0.5501976206864466,0.7310349515815879,0.9122164783216146,0.12334780935168155,0.40298369137194645,0.5336998125224398,0.8277672172547548,0.22747619791571982,0.30638685168991964,0.5827168992199471,0.0005975629611711941,0.15613618157097664,1,0,inf,inf,0,0,0,1,1,1,0,1,5487,1407,137,0,1,0,0,0,2854,3.9,1,1
3.3,10.889999999999999,0,0,129,4.867534450455582,1,0,4,0,1,0,0,0,0,0,0,27.25,76.35000000000001,0.33917369039948597,0.8309908950825561,0.22865780849458528,0.6688232534604952,0.005197951421145208,0.04474717695275332,0.10845867581350299,0.04588168268647819,0.3790176177775071,0.2786201729720178,0.4682947517601317,0.4099768867590895,0.026037114091438496,0.7398423505695062,0.8425170156710045,0.595365298810445,0.14405220876843128,1,0,inf,inf,0,0,0,0,0,1,0,0,1943,2445,17,0,3,0,1,0,129,3.3,42,1
4.2,17.64,1,0,769,6.646390514847729,0,0,4,0,1,0,0,0,0,0,0,26.400000000000002,76.52,0.4391579087406743,0.8065060668312101,0.24221930314640716,0.9898572729910202,0.9914968592576078,0.1598296346540109,0.1927711772330809,0.511637535196911,0.7862194475945821,0.2889300856260817,0.644890323160215,0.2052887263490305,0.8870889722452104,0.1669006722976526,0.35433658760490816,0.3387316474716243,0.5956907371981303,1,0,inf,inf,0,0,1,0,1,1,1,0,6962,61,357,0,3,0,0,1,769,4.2,36,0
3.1,9.610000000000001,0,0,4782,8.472823243680297,0,1,4,0,1,0,0,1,0,0,0,26.44,76.85000000000001,0.4161560556693843,0.36008884616244197,0.45884067382231053,0.7329369666850762,0.28402965273428105,0.621907084497491,0.0689503963647019,0.06586533234935021,0.1575284526827705,0.41103094574033905,0.10717963298589928,0.5500364968820564,0.478724456005741,0.6104271388036162,0.8126383545034821,0.7614391840394864,0.7483417901094565,1,1,inf,inf,0,0,0,0,0,1,1,1,9465,4747,105,1,1,1,0,1,4782,3.1,48,1
3.0,9.0,0,0,442,6.093569770045136,0,0,4,0,1,0,0,0,0,0,0,27.63,76.28,0.9559049596294955,0.5663378479650922,0.05432204581739819,0.561489515092804,0.8671239724607983,0.6941261311234648,0.4674341931637318,0.14748868473002597,0.6496809137498202,0.7992242345509285,0.5222430561597302,0.9050352878395654,0.5027782635577592,0.1686551888466432,0.3957454908143465,0.44665952892210947,0.2686522962354747,1,1,inf,inf,0,0,1,1,1,1,1,1,8790,3946,202,1,2,0,1,1,442,3.0,27,0
3.8,14.44,0,0,1460,7.2868764117507,0,1,4,0,1,0,0,0,0,0,0,27.150000000000002,75.93,0.8366746558950507,0.322954186972536,0.14667024582958077,0.16058486501702585,0.6148547806869114,0.5071448511940135,0.8994619160166968,0.5751047770652407,0.7901029559631993,0.9027409044718852,0.17339140472781667,0.30676437374574017,0.07722921862704202,0.9446035213404133,0.0288600645502759,0.8765768824937966,0.4573639017607213,1,1,inf,inf,0,0,0,1,1,0,0,0,9331,1212,1,0,3,1,0,1,1460,3.8,1,0
4.4,19.360000000000003,1,0,3283,8.096817470572319,0,1,1,1,1,0,0,0,0,0,0,26.7,77.27,0.9795962268075563,0.9797095979763459,0.2956662072898165,0.21580904623800945,0.2992045344825862,0.2832901412821056,0.03353625641059932,0.206418406766948,0.9902060515397616,0.7316764965573509,0.6047663613143494,0.7936260456051953,0.15690844239475377,0.014203071821291324,0.9272077517111686,0.14859952674448895,0.1999349438821414,1,1,inf,inf,0,0,0,0,0,1,0,1,2721,4763,77,1,0,0,1,0,3283,4.4,41,0
2.8,7.839999999999999,0,0,4950,8.507344855361422,0,1,4,0,1,0,0,0,0,0,0,26.740000000000002,76.32000000000001,0.06884500951017347,0.2958154109035903,0.47063838653042434,0.40261630718776686,0.16310231006750397,0.44875217961007996,0.8770984509959862,0.11663569271584362,0.8361728827260267,0.11262635620610062,0.502554567436134,0.3712513547619989,0.7803870163704917,0.3789714466848607,0.14112773249820976,0.13375674949430205,0.9048760475609641,1,1,inf,inf,0,0,1,0,0,1,1,1,6111,3231,151,0,2,0,1,0,4950,2.8,41,1
2.8,7.839999999999999,0,0,2448,7.803435056952168,0,1,2,1,1,0,1,0,0,0,0,27.48,77.07000000000001,0.25851503557017574,0.9234358220611455,0.15940038623802466,0.9477639397929934,0.4597917862323617,0.8463444974619937,0.47314552850000047,0.580493469488685,0.6618811673530847,0.27546542767489013,0.08824638075259994,0.9017000461767803,0.26223744136225113,0.8302938286357883,0.9330422492305547,0.8649364423497741,0.0321912952200174,1,1,inf,inf,0,0,0,0,0,0,0,0,2756,1647,328,1,1,0,1,0,2448,2.8,32,1
3.2,10.240000000000002,0,0,1350,7.208600337960199,0,1,1,1,1,0,0,0,0,0,0,27.91,77.75,0.7455104381009656,0.5273106842914115,0.8248624562924591,0.08100893020476563,0.08563280070971502,0.66102452799632,0.32892907852885833,0.39707115974664353,0.052000058914433156,0.17787264354060706,0.3715056981222521,0.947341931807236,0.2641860871401769,0.5407377777646633,0.3465153353280358,0.5607258759293313,0.3548676663859248,1,1,inf,inf,0,0,1,1,1,0,0,0,7910,1660,271,0,1,0,1,1,1350,3.2,17,1
3.9,15.209999999999999,0,0,4518,8.41604600941128,0,1,2,1,1,0,0,0,0,0,0,27.42,75.62,0.2127681866538722,0.8336374656470935,0.13267698803140626,0.735277798843253,0.9278498672524527,0.3892722378484793,0.5209242402487013,0.10728544051703137,0.19552114852185998,0.6483728401447432,0.7239549999062863,0.3106465591149564,0.15215383675113425,0.842075497848635,0.9583145534957764,0.9123666498453632,0.4289967275542451,1,1,inf,inf,0,0,0,1,1,1,0,1,8329,3443,324,0,1,1,0,1,4518,3.9,37,1
3.9,15.209999999999999,0,0,1647,7.4073177104694174,0,1,2,1,1,0,0,0,0,0,0,27.48,77.26,0.18216206581576422,0.8957498828012197,0.8833037089759542,0.027564327389246746,0.005331196947890859,0.11802101641298168,0.934137019653199,0.6013021976264925,0.6213256869476435,0.19728533712604834,0.4688637928386993,0.2964211684802559,0.22245750395855102,0.7710610205806016,0.8626437026687872,0.7197578417694421,0.05988275950375421,1,1,inf,inf,0,0,1,0,0,0,0,1,2929,3797,35,1,2,0,1,0,1647,3.9,24,1
2.8,7.839999999999999,0,0,2380,7.7752758464868625,0,1,4,0,1,0,0,1,0,0,0,27.73,76.17,0.22111817273885037,0.49668894124119967,0.3671879694991099,0.8808430644710905,0.7620060038652825,0.981000963086011,0.18242651246415253,0.3930528721085207,0.690374048548425,0.5773991319934818,0.7058745543148148,0.333762387328582,0.6621197496871637,0.46308509658742225,0.1618995456704685,0.18834052714257554,0.679082887142408,1,1,inf,inf,0,0,1,0,0,1,1,0,4170,2270,364,0,0,1,0,1,2380,2.8,7,0
3.5,12.25,0,0,525,6.26530121273771,0,0,4,0,1,0,0,0,0,0,0,27.830000000000002,77.10000000000001,0.3500801224988678,0.8608309704709752,0.5583004865150697,0.5415925003819024,0.7256374631861677,0.6453750690076768,0.8209759714534147,0.3795515191543247,0.07158049954064283,0.4770529057658528,0.2595034462485508,0.7384369985537987,0.5545180606911864,0.08456334188137793,0.44278534948283055,0.3895318224050608,0.30232075142800574,1,1,inf,inf,0,0,1,1,0,1,1,0,2381,4508,294,1,0,1,1,0,525,3.5,20,0
4.0,16.0,1,0,2814,7.942717540573791,0,1,3,0,1,0,1,0,0,0,0,26.79,75.67,0.942028997453702,0.17448493751742689,0.16125790915852167,0.9421869260541643,0.3678319664783397,0.5999280831238137,0.769036388178589,0.8607720212967154,0.6624410198909193,0.9404651551863396,0.578798279140712,0.2382686456674752,0.39298917791725385,0.5504691370683399,0.13762308389383304,0.28277132675918903,0.03735119305208001,1,1,inf,inf,0,0,1,1,1,1,1,0,4377,4656,274,1,2,0,0,1,2814,4.0,21,1
4.4,19.360000000000003,1,0,4009,8.296546520300614,0,1,2,1,1,0,1,0,0,0,0,26.240000000000002,77.41,0.44103257756611447,0.337533814518752,0.4747758144857722,0.7254237184967025,0.6742812551264384,0.9806097401597501,0.922877042005941,0.5155427951611996,0.3789226716141413,0.7319314352086986,0.2669363556012252,0.0981102217367199,0.48065382567277726,0.7587409782740351,0.10017779605079513,0.4523031959384488,0.32094939675123,1,1,inf,inf,0,0,1,1,1,0,0,1,9759,2817,3,0,1,0,1,0,4009,4.4,29,0
2.8,7.839999999999999,0,0,162,5.093750200806762,1,0,1,1,1,1,0,0,0,0,0,26.07,76.64,0.8929144907170764,0.763382912048002,0.002252099809704644,0.8604205219365096,0.09579067404229435,0.5580989720403206,0.010408940933480326,0.047559676643832316,0.8723227603147132,0.20462422425132187,0.05396993081881529,0.2089278431070304,0.978287977522044,0.31708756036846075,0.11498976700562757,0.6322293044442511,0.04266805054112932,1,1,inf,inf,0,0,1,0,1,1,1,1,7762,2636,171,1,3,0,1,1,162,2.8,35,0
3.8,14.44,0,0,3865,8.259975659768276,0,1,4,0,1,0,1,0,0,0,0,26.77,75.04,0.07807386988054255,0.31281356039283414,0.9555910365320052,0.19849862692667752,0.7496623387402078,0.14329035913422328,0.29733526063160354,0.8580027135154843,0.6937828684857426,0.9017759982749248,0.8790671039733137,0.03574865950577988,0.41081562751912104,0.41043015031830654,0.9839115117431056,0.49282604198166335,0.17527294214152833,1,0,inf,inf,0,0,0,0,1,0,1,0,1066,4060,261,0,3,0,0,0,3865,3.8,29,1
3.8,14.44,0,0,4060,8.309184527686298,0,1,4,0,1,0,0,0,0,0,0,27.45,76.32000000000001,0.8323195061165927,0.06259139061134589,0.5463284318697815,0.003495535991771437,0.66307562061081,0.046024566946279766,0.6702091588493956,0.13485751081968755,0.397023531700065,0.1982450880332326,0.03497305952889951,0.0928269330504603,0.8709154373933217,0.24075918431149923,0.5502590026429436,0.8149478722175825,0.2335424681328867,1,1,inf,inf,0,0,1,0,0,1,0,0,8287,3797,147,1,3,0,0,0,4060,3.8,24,0
4.5,20.25,1,0,2986,8.00202481821611,0,1,3,0,1,1,0,0,0,0,0,26.080000000000002,75.56,0.7343948286075853,0.5585308312197179,0.7731177489260994,0.16578129614698556,0.8068119161654691,0.9114692021576396,0.010424731124656583,0.0790543609100266,0.8123365587391685,0.1452234071539431,0.9061598506153056,0.798828277236165,0.6554847199743707,0.9609542093897051,0.06611821441672427,0.09391304042442972,0.17191677707432318,1,1,inf,inf,0,0,0,1,1,1,1,0,7536,31,305,1,0,0,0,1,2986,4.5,21,0
4.7,22.090000000000003,0,0,4765,8.469262657658687,0,1,1,1,1,0,0,1,0,0,0,27.17,75.38,0.07594925074420755,0.5183628910538813,0.3519075276403939,0.7249228231030134,0.11377440957085494,0.5587804859959947,0.6565217570897959,0.25164361904109966,0.3439476055060151,0.8016914378770211,0.17128357489344181,0.10268832030214414,0.4929966193475087,0.6474162776176835,0.5477184185037126,0.14229778038613194,0.6931553952742114,1,1,inf,inf,0,0,0,1,0,1,0,0,9758,2439,155,1,1,0,0,1,4765,4.7,30,1
2.9,8.41,0,0,149,5.0106352940962555,1,0,4,0,1,0,0,0,0,0,0,27.35,75.76,0.48079115995968713,0.7799861588298179,0.0786686092701313,0.5531908375834764,0.5062054992504723,0.8321736008638335,0.2182826799489752,0.0518886636327921,0.2956609668607332,0.8877274323723181,0.9227181000948876,0.7759958402623477,0.14453780753076295,0.1835390891477927,0.6070458638642525,0.20490496113280365,0.019023800359468046,1,1,inf,inf,0,0,1,1,1,1,1,0,6597,4201,149,0,3,1,0,0,149,2.9,49,0
4.3,18.49,1,0,808,6.695798917058491,0,0,2,1,1,0,0,0,0,0,0,27.21,76.48,0.5846458411377679,0.15613010080280065,0.13715044066425053,0.5327454710007653,0.7691827087380187,0.8483127794849932,0.08746368078582445,0.7499572961066819,0.4796655238178382,0.4509618318974745,0.4383855010422506,0.772072732880431,0.08268906045566893,0.8677460590583704,0.33059825961072276,0.9666729813523085,0.26027146099437715,1,1,inf,inf,0,0,1,0,1,0,1,1,9059,434,54,1,1,1,0,0,808,4.3,43,1
2.6,6.760000000000001,0,0,4267,8.358900612421644,0,1,1,1,1,0,0,0,0,0,0,27.71,76.94,0.09402239917822885,0.771696001347537,0.06916778090916387,0.34559223714214704,0.7356714181298225,0.45939624466109763,0.36877318475797205,0.060320822023758325,0.123737653829465,0.9055801938322953,0.5631299050450927,0.7237098550364333,0.018283204015150156,0.9112188059035314,0.19424700965339292,0.4909894584174148,0.8286090198011848,1,1,inf,inf,0,0,1,0,0,1,0,0,7552,768,39,1,2,1,0,0,4267,2.6,38,0
3.8,14.44,0,0,3867,8.260492856573185,0,1,4,0,1,0,0,0,0,0,0,26.810000000000002,77.58,0.9949139335601117,0.7218813030168749,0.906781670898261,0.7262512263511649,0.36920297632342003,0.36058483904630145,0.8473758079486288,0.4015315756413045,0.14851724868118543,0.6797365512951482,0.665937606228061,0.8819481929245115,0.041544114599121995,0.043682193103337985,0.8795921502199817,0.34801057488064613,0.080580742125956,1,1,inf,inf,0,0,0,0,0,1,1,1,8520,4810,314,1,3,0,0,1,3867,3.8,36,0
4.9,24.010000000000005,0,1,1143,7.042286171939743,0,1,1,1,1,0,0,0,1,0,0,27.650000000000002,77.29,0.11248165542975364,0.6046815399236893,0.02391719758145483,0.24543634028112937,0.7200271546225258,0.03264386542999298,0.6900394269012834,0.8050019711986638,0.9584492047670151,0.8764057778005471,0.4831443099542948,0.44839842814411235,0.1338884092978696,0.2123643285163257,0.6175704621178072,0.7803099897460243,0.07945650302028195,1,0,inf,inf,0,0,0,1,1,1,0,0,2280,4011,340,0,2,1,1,0,1143,4.9,13,0
4.0,16.0,1,0,1598,7.377133712833954,0,1,3,0,1,0,0,0,0,0,0,26.35,75.61,0.16943250916174335,0.33555704455386426,0.7007052714503065,0.29162206752241704,0.9700079924019046,0.5565494028429958,0.050567342121646486,0.14295182059515477,0.4555177217122476,0.14626789737655643,0.3220725372266571,0.4755381192722423,0.01311717048053973,0.11302908863226224,0.649513711177012,0.8751740773887985,0.5761444273018971,1,1,inf,inf,0,0,0,0,1,1,0,0,1618,2230,255,0,1,1,0,1,1598,4.0,10,1
4.0,16.0,1,0,990,6.898714534329988,0,0,2,1,1,0,1,0,0,0,0,26.68,76.9,0.04701606177967599,0.5687283884720498,0.030915425984306744,0.9746839683984779,0.3358434164673557,0.7172842603418821,0.59337113448913,0.8350363368763749,0.7551639833987369,0.5467885445059173,0.47113801146614087,0.18742985182190697,0.8072040176628322,0.8155478993657653,0.5379219099729451,0.9387431245708495,0.3940845217739509,1,1,inf,inf,0,0,1,0,1,1,0,0,6350,727,78,0,0,1,1,0,990,4.0,5,1
4.7,22.090000000000003,0,0,2177,7.686162303492906,0,1,3,0,1,0,0,0,1,0,0,27.2,77.65,0.9307654618366974,0.4262474159343612,0.4474318677497692,0.47920268812133293,0.5709100651199226,0.07157544987918674,0.27634482613991296,0.7793512112337049,0.30584198711601274,0.5229046341462531,0.25642052381580127,0.5292237384158175,0.2266318086234087,0.6406116158517405,0.597790014480156,0.8164071148094276,0.9908331911622114,1,1,inf,inf,0,0,0,1,0,1,1,0,7458,1671,191,1,2,1,0,0,2177,4.7,30,1
3.7,13.690000000000001,0,0,2417,7.790696031174738,0,1,3,0,1,0,0,0,0,0,0,27.55,76.14,0.07596411293051386,0.08630945563278447,0.604514804786952,0.1135666223853703,0.5123128488014317,0.6032070483547461,0.9903803761463255,0.8913393584133998,0.5275324755928799,0.32205561965612617,0.05335562363123403,0.4590679354034092,0.9349584416553768,0.21523202237330918,0.0320161288590306,0.852240215292205,0.9096408244163388,1,0,inf,inf,0,0,1,0,0,0,1,0,5564,1191,251,1,0,0,1,1,2417,3.7,22,0
4.9,24.010000000000005,0,1,1418,7.257707677160043,0,1,1,1,1,0,0,0,1,0,0,27.71,75.68,0.47103300958894134,0.2155491142120689,0.6230377217885408,0.1962810430033185,0.3042633690790191,0.8410299627430273,0.9147592865879176,0.36880938325698087,0.6291854336402473,0.8255449024369489,0.0736768922776555,0.2539304812989208,0.8817691054224492,0.7877271809817151,0.8739841986536007,0.9403114219766121,0.22989723008045382,1,1,inf,inf,0,0,0,1,1,0,0,0,2397,4730,222,1,3,1,1,1,1418,4.9,21,0
4.4,19.360000000000003,1,0,2617,7.870165946469845,0,1,2,1,1,0,0,0,0,0,0,26.04,75.96000000000001,0.9778824239665121,0.6891046174140992,0.8024729301888908,0.43246885777240507,0.31365641460445903,0.17393006730087968,0.9435393590658153,0.4850711015100191,0.24317078586012741,0.9723098107970126,0.11631609254381836,0.4816431831261674,0.6991759422085673,0.7110194691064745,0.6369049110088598,0.9233925874434723,0.1262842596048731,1,1,inf,inf,0,0,0,1,1,1,1,0,2579,4614,264,0,2,1,1,1,2617,4.4,22,0
4.1,16.81,1,0,2357,7.765569081097317,0,1,3,0,1,0,0,1,0,0,0,26.91,76.44,0.43415598084015194,0.3461769952455366,0.665615380660444,0.0019125917118264502,0.7102583390097202,0.8470963098263635,0.04854737475192494,0.24990591926986316,0.30199899678008635,0.8742138471562118,0.1569878465803557,0.6496238604793132,0.21069694346138246,0.9678571702440228,0.9309287034906324,0.1822459708146308,0.7227177624188499,1,1,inf,inf,0,0,0,0,0,1,1,1,9247,2536,147,1,0,0,1,1,2357,4.1,14,1
4.0,16.0,1,0,334,5.814130531825066,0,0,3,0,1,0,0,0,0,0,0,26.2,76.43,0.9126271610991799,0.7735730403107982,0.58717656117762,0.022141620490265246,0.7052071545796329,0.44218918753105574,0.49646915288861104,0.32122263623367275,0.8802347956278688,0.4339597124740068,0.24192451809543403,0.3251292767806788,0.06614421651558722,0.7442821855537759,0.24039379754179913,0.3303081225793828,0.3225876566786995,1,1,inf,inf,0,0,0,1,1,0,1,1,2109,335,264,0,2,0,0,1,334,4.0,36,1
2.6,6.760000000000001,0,0,3124,8.047189562170502,0,1,4,0,1,1,0,0,0,0,0,27.61,77.18,0.9318323598971194,0.7502324859101662,0.7537288610073283,0.9957500076064862,0.9400198811597436,0.6792037992153188,0.7460082385567303,0.6844356286602861,0.8127789979053666,0.2662989825383203,0.7600805421459154,0.2154889342558849,0.4417071796519779,0.28057505360723667,0.6002973824455757,0.06832638614877828,0.7816568217441997,1,0,inf,inf,0,0,1,1,1,0,1,1,5094,132,312,1,0,0,1,0,3124,2.6,23,1
4.7,22.090000000000003,0,0,1988,7.5953872788539725,0,1,1,1,1,0,0,0,0,0,0,27.17,77.8,0.418198219427641,0.26576693110977,0.2942340001567897,0.1446542860011263,0.06117130636611512,0.48241850967570044,0.3255347198568428,0.19413886594305962,0.6053307854378359,0.766676644036448,0.024486425562724845,0.05388817334200002,0.3492344802136246,0.532839396030569,0.36383182449414064,0.17955339869209974,0.3576131367966141,1,0,inf,inf,0,0,1,1,0,0,0,0,7850,1453,0,0,1,1,0,0,1988,4.7,42,1
4.1,16.81,1,0,2771,7.927324360309794,0,1,3,0,1,0,0,1,0,0,0,26.53,76.96000000000001,0.2648823820584578,0.5341860234089262,0.6753007374595468,0.3178506939451392,0.4715082897946322,0.18552307558793235,0.28557595034124705,0.781443270980125,0.7649645149076587,0.3158436938308232,0.22381075480830415,0.1993875856227002,0.067882698591198,0.39990878395544927,0.14240215364475606,0.41077848152366714,0.13458799762824358,1,1,inf,inf,0,0,1,1,0,1,0,1,6164,1731,364,1,1,0,1,1,2771,4.1,0,1
3.7,13.690000000000001,0,0,3150,8.055475141757274,0,1,1,1,1,0,0,0,0,0,0,27.28,77.28,0.14577908050585975,0.8424871447940371,0.29621628752753737,0.14012722289827673,0.16164253640136972,0.8372788462429849,0.9242048247440237,0.8708849450386288,0.7084184884534693,0.6377623861617033,0.197892501205701,0.9417689151566727,0.48365901414306245,0.9498708226715908,0.49443297798746544,0.16281145257618934,0.10880908618057761,1,0,inf,inf,0,0,1,1,1,0,1,1,3999,177,341,0,3,1,1,1,3150,3.7,35,0
3.9,15.209999999999999,0,0,3058,8.025843344150903,0,1,2,1,1,0,0,0,0,0,0,26.32,76.97,0.7691014003651173,0.8967138436704135,0.4741197097938691,0.3182402639604922,0.8641911908719011,0.241032053577524,0.8641491842580621,0.7517221045391271,0.47355030815079824,0.9189175071298472,0.5800055571446067,0.2583966057477288,0.13398460844820814,0.32196550183469763,0.07587116308089104,0.5531822092152072,0.2210082121325192,1,1,inf,inf,0,0,1,1,1,1,0,1,6975,934,302,1,2,0,1,0,3058,3.9,10,1
2.6,6.760000000000001,0,0,1760,7.473637108496206,0,1,2,1,1,0,0,0,0,0,0,27.330000000000002,76.54,0.4317780360040291,0.6960800848623058,0.10004228662234183,0.6460018783396078,0.8759020743031574,0.8342484504411748,0.17521839373961956,0.38030490432264363,0.42419235180488457,0.6398615382032362,0.3886824394529097,0.12295760476770168,0.12493826927713303,0.2128308077936082,0.25832468360986827,0.242498461521241,0.13019415995184125,1,1,inf,inf,0,0,1,1,1,0,0,0,9594,3299,86,1,0,1,0,0,1760,2.6,17,0
4.3,18.49,1,0,241,5.488937726156687,0,0,3,0,1,0,1,0,0,0,0,26.42,77.97,0.5609740774602254,0.2397739720558787,0.17980617899129914,0.08135027583608279,0.9325122589885021,0.3314673694983733,0.06662582352938828,0.5479717141868765,0.23850157525974858,0.927341956998952,0.5999693809957029,0.48711103662016453,0.710630515128,0.2395239348346737,0.11051366703249854,0.30991961511321775,0.9449811153993929,1,1,inf,inf,0,0,0,1,1,0,0,0,7725,2500,134,1,3,1,1,1,241,4.3,3,0
4.8,23.04,0,1,3974,8.287780027088433,0,1,1,1,1,0,0,0,0,0,0,26.5,76.34,0.1868971957033837,0.5207341056869301,0.7992366102299495,0.18524689571336483,0.32699279291450756,0.13198205360810278,0.44424857889263636,0.6281531074654081,0.02926252195542456,0.6234418357621094,0.9537311525635851,0.11866554211176839,0.041600045026416566,0.5914886904404069,0.501329379227625,0.039768110972578596,0.29865969954982285,1,1,inf,inf,0,0,1,0,1,1,1,1,4657,1948,44,1,0,1,0,0,3974,4.8,39,1
4.5,20.25,1,0,3763,8.23323750070527,0,1,4,0,1,0,0,0,0,0,0,26.77,76.02,0.6721714966438256,0.492563694437786,0.6339853288750544,0.9035147884006784,0.823053154863485,0.6087379601731058,0.1335528261252884,0.308467005127238,0.017804781436382422,0.8145724210469175,0.6451422166527663,0.2892593647262094,0.9828635604113138,0.5337769288168701,0.8317901130479443,0.7980570167219678,0.9715305284169081,1,0,inf,inf,0,0,0,0,0,1,1,0,1294,3455,30,1,1,1,0,1,3763,4.5,49,0
3.4,11.559999999999999,0,0,1362,7.217443431696533,0,1,1,1,1,0,0,0,0,0,0,26.490000000000002,76.58,0.11738889283102327,0.7627266998002609,0.13500136944194152,0.4677665357724906,0.008810790802475488,0.6710565007651941,0.6613222408546139,0.652740082430485,0.7493782553748926,0.5646251838480446,0.2100014735805894,0.05501884503130605,0.11792217794976789,0.171423015013767,0.6126153317701614,0.42685944657681907,0.48439398121687716,1,1,inf,inf,0,0,1,0,1,1,0,0,2668,1685,303,0,2,0,1,1,1362,3.4,4,0
3.1,9.610000000000001,0,0,2212,7.70210434005105,0,1,3,0,1,0,0,0,0,0,0,27.26,75.5,0.4827142697401351,0.8127928434608749,0.6885717454490189,0.033504604319809284,0.5044637840479138,0.9866480076166388,0.7377616922394649,0.33708164198782586,0.6415657499319142,0.6763765230342882,0.7111514839218522,0.6454277538463239,0.39648098464999426,0.7526830979292852,0.722966967963908,0.038197496396538355,0.4473775142894446,1,1,inf,inf,0,0,0,0,0,0,0,0,2649,3968,72,0,0,1,1,1,2212,3.1,33,0
2.6,6.760000000000001,0,0,1867,7.532623618788788,0,1,4,0,1,0,0,0,0,0,0,27.27,75.85000000000001,0.22977321732820677,0.10780946275301151,0.8096238641328407,0.4081060333514994,0.8557655046837468,0.7972604194908135,0.34941887371131863,0.8653051459569594,0.7363373249005192,0.28959378704286476,0.6231165892523475,0.5112110234287808,0.02105740577169557,0.7887483944038518,0.2584675843634904,0.37286389314195634,0.36122931371237643,1,1,inf,inf,0,0,1,1,1,0,0,0,3037,1472,180,1,0,0,1,0,1867,2.6,18,1
2.5,6.25,0,0,2258,7.7226775164680035,0,1,1,1,1,0,0,1,0,0,0,26.16,76.23,0.9060096933452602,0.9131251694721777,0.5333392553913087,0.4664110677639829,0.05441797474356391,0.21554048368902567,0.5510806417743512,0.9217231844602133,0.888166345137657,0.77222925803147,0.1229334594904492,0.09324886618972816,0.716849067043744,0.05968046250336978,0.5532711687909433,0.7048361639465048,0.41729961560410767,1,1,inf,inf,0,0,1,1,1,1,0,0,1442,3651,215,1,0,1,1,1,2258,2.5,23,0
4.9,24.010000000000005,0,1,3306,8.103796712981794,0,1,3,0,1,0,0,1,0,0,0,26.32,76.67,0.08990930583541856,0.9290070856321564,0.478555078740425,0.44059704118409393,0.7186482129887986,0.9891291432293015,0.7666290954311094,0.6462842634114294,0.2814026693497137,0.24883708240274416,0.9434321028543838,0.8544224129321617,0.005040948749752805,0.11727889608555553,0.15099605707502928,0.07812940260258461,0.33982644946329466,1,0,inf,inf,0,0,0,0,0,1,1,0,5739,2852,8,1,2,0,0,0,3306,4.9,2,1
4.5,20.25,1,0,1668,7.419979923661835,0,1,4,0,1,0,0,0,1,0,0,26.23,77.45,0.8372085839096399,0.053583203423000714,0.5025712300920755,0.1653303009335746,0.15708223762015072,0.47574860692997756,0.5276381802480865,0.7767252175400271,0.39126370282621814,0.4727134062047432,0.45101599120405744,0.4419323670727713,0.224230315495749,0.5042367282122743,0.10907068150789934,0.618904177337885,0.19580926051007552,1,1,inf,inf,0,0,0,1,0,0,1,1,7713,4864,298,1,3,1,1,1,1668,4.5,46,1
4.2,17.64,1,0,2663,7.88758403166028,0,1,3,0,1,0,1,0,0,0,0,27.55,76.34,0.05437453462455388,0.8841769879810016,0.6772118179094105,0.6017235611911095,0.652673423198844,0.8888875925899382,0.0846406655958798,0.33592620917441096,0.7209993093774361,0.03271229773818374,0.781035795343022,0.1722251271733113,0.45224916758968026,0.6098818179839687,0.26100884761110377,0.5535613520548913,0.09471191616192809,1,1,inf,inf,0,0,1,1,0,0,0,0,5566,4590,102,0,0,0,0,0,2663,4.2,5,0
4.1,16.81,1,0,3695,8.215006432761575,0,1,2,1,1,0,0,0,0,0,0,26.93,76.06,0.24892983437652194,0.41194950344811554,0.9463407465762025,0.8188777800183512,0.4636977506019192,0.9414850529104364,0.8107558295086094,0.4640600958378195,0.8290421305382245,0.8941691153332829,0.877913157329243,0.49101552914336677,0.8194522920717948,0.3779032235568066,0.8230865340142381,0.7522616789671644,0.5347439135291325,1,0,inf,inf,0,0,1,0,1,1,1,1,1558,1314,245,1,0,1,0,0,3695,4.1,27,0
4.6,21.159999999999997,0,0,1936,7.5688956634069955,0,1,4,0,1,0,1,0,0,0,0,27.77,77.79,0.32258336431806256,0.888171319878261,0.9449181214719855,0.47887080937522475,0.1397122355175867,0.4102270946017207,0.11167025554199028,0.01319151843067956,0.5370283142704194,0.1382310498681848,0.7838966181844343,0.9697893572272355,0.387364954156332,0.1048534306644624,0.39209988111424066,0.771148399794348,0.904290187729729,1,0,inf,inf,0,0,1,0,0,0,1,0,874,2142,218,0,0,1,0,1,1936,4.6,8,0
2.7,7.290000000000001,0,0,920,6.825460036255307,0,0,1,1,1,0,0,0,0,0,0,28.0,75.52,0.8177756974929631,0.2463428710936051,0.05621212759590499,0.26019357485303085,0.5085827750233196,0.4062543526263679,0.8300089999216468,0.531220487316165,0.37393046075186365,0.478550454044542,0.6583110196203621,0.5169757614502803,0.6421695112843356,0.13062371027623831,0.082307178973824,0.3796216698965389,0.5058635460503359,1,1,inf,inf,0,0,0,0,1,0,1,1,8977,2931,108,1,2,0,0,1,920,2.7,5,1
3.0,9.0,0,0,192,5.262690188904886,1,0,4,0,1,0,0,0,0,0,0,27.92,75.43,0.29121782463929,0.19169268041736132,0.8749855296351717,0.24473538789618277,0.24618938118717948,0.9371468665505018,0.27136691028862503,0.5996396793323313,0.6933271223453035,0.10364223200629663,0.5906314575194463,0.5724427351372892,0.7087380136373518,0.9935302808868433,0.7706724531412501,0.8431160301396915,0.8151540960879399,1,0,inf,inf,0,0,1,0,1,1,1,1,8864,4821,338,0,1,0,1,0,192,3.0,37,0
3.1,9.610000000000001,0,0,2944,7.987864096085687,0,1,4,0,1,0,0,0,0,0,0,27.22,76.18,0.8055271360686553,0.14336786427496817,0.9509294033239295,0.15877995108058873,0.3787950804688508,0.5085124999762056,0.7727640406853974,0.2300665238961478,0.05030816578813191,0.1313706874385011,0.1463680773031829,0.5147192182225342,0.1567148544291571,0.00042032998884911077,0.523033251139808,0.9470971895489327,0.5724165692551951,1,0,inf,inf,0,0,0,0,1,0,0,0,5743,193,236,0,2,0,0,0,2944,3.1,48,0
4.8,23.04,0,1,4568,8.427049641563272,0,1,1,1,1,0,0,0,0,0,0,26.73,75.32000000000001,0.9331614115769105,0.7156430988122595,0.9386572290885972,0.5150288329865048,0.776131048170585,0.5862748946189172,0.8793867258475705,0.8918214442762376,0.5048338244630507,0.447762564304381,0.964249954783484,0.5356610505288227,0.6380569687939525,0.9625871519288481,0.5127255115568282,0.9320178811010402,0.7934300379624916,1,1,inf,inf,0,0,0,0,1,1,0,0,3425,2386,253,0,3,1,1,0,4568,4.8,43,0
4.3,18.49,1,0,4719,8.459564078579602,0,1,4,0,1,0,1,0,0,0,0,27.060000000000002,77.55,0.7575678685362133,0.7235479912928233,0.06159257652026284,0.19077476521253112,0.8161584594444717,0.43514601271123043,0.9190245936256035,0.5928831873747715,0.624547458046667,0.15799846771029713,0.48743248213999524,0.40173127318004187,0.9588009315892699,0.8741648439223547,0.7370336015749862,0.5408471471766004,0.1271449744519565,1,1,inf,inf,0,0,0,1,1,1,1,1,8569,539,112,0,0,0,1,1,4719,4.3,20,1
3.5,12.25,0,0,562,6.333279628139691,0,0,4,0,1,0,0,0,0,0,0,27.36,75.75,0.7547538797506881,0.3722629165418897,0.45808593653350826,0.3690852018919253,0.23096957702080256,0.3569876724528731,0.9860999079460261,0.8527118835345817,0.31335757019017807,0.1837181782988141,0.5360699136922248,0.1428963226309321,0.031956327338596546,0.5452955104851239,0.6669945597046093,0.7335711670855234,0.031789896101496073,1,1,inf,inf,0,0,1,1,1,1,1,0,2965,3300,4,0,0,1,1,1,562,3.5,10,0
3.7,13.690000000000001,0,0,4126,8.325306029752582,0,1,3,0,1,0,0,0,0,0,0,27.05,75.99,0.585522109290854,0.6885389148086207,0.41798420202712716,0.5920287259629483,0.8174907543024542,0.6844833594238197,0.6386070536864487,0.7955124294758489,0.5469436930399204,0.008759467151685185,0.2509584385928343,0.5695873725961208,0.744523280837467,0.4854289679808764,0.43885813211372815,0.832987736418962,0.8873559400550614,1,1,inf,inf,0,0,0,0,1,0,0,1,8749,3195,241,1,0,1,1,0,4126,3.7,33,0
3.5,12.25,0,0,4032,8.302265794873367,0,1,2,1,1,0,0,0,0,0,0,27.11,75.22,0.5126564394463787,0.520922392625336,0.029358488524544923,0.8284291537080176,0.7412917765733972,0.2927948922148762,0.6140036789227523,0.6110124053492603,0.726230095249879,0.453932402661262,0.4976632087886127,0.5865608736414616,0.6979815200624437,0.0345388400263853,0.42890033319864684,0.21221598327390068,0.2829220275827342,1,1,inf,inf,0,0,0,1,1,0,1,0,8296,1041,126,0,2,1,1,1,4032,3.5,16,1
2.5,6.25,0,0,834,6.727431724850855,0,0,4,0,1,0,0,0,0,0,0,26.72,75.53,0.9873620805473879,0.19683123868513175,0.297066471434714,0.3990405267711319,0.5735064377471524,0.8805368969397892,0.9623919824048907,0.8279868464929842,0.10586294248929995,0.3371911738251725,0.9652209289312812,0.07049014525556829,0.9343657827846511,0.4832975064658561,0.9606665016149192,0.004368152491581401,0.3658898869234064,1,1,inf,inf,0,0,1,0,0,1,1,0,1399,289,59,1,2,0,1,0,834,2.5,10,1
2.7,7.290000000000001,0,0,4985,8.514389264083503,0,1,2,1,1,0,0,0,0,0,0,27.03,77.06,0.6789976054515765,0.0312098011191555,0.10352244962093027,0.571937620175694,0.9231322408278276,0.8190503555978986,0.49972084100123404,0.4012399128826496,0.10360918916466921,0.7585175642372957,0.9123051742100294,0.15317039722250936,0.21688819984141994,0.8334505856812645,0.4417162855061134,0.7180656814856791,0.13308263507726514,1,0,inf,inf,0,0,0,0,1,1,0,0,2778,1435,227,0,0,1,0,0,4985,2.7,46,0
3.8,14.44,0,0,3554,8.176110342237342,0,1,2,1,1,0,1,0,0,0,0,26.3,76.61,0.15511293469676612,0.9351052328479972,0.6402916270737078,0.8061726541866556,0.45451208194457626,0.6460598044605642,0.03465565648289859,0.9727561672722361,0.4300203124585066,0.6248909973205397,0.022646723023936555,0.5479698972764555,0.0768081360438555,0.7440199671344354,0.9054402438954792,0.039459949425019625,0.2586216722738215,1,1,inf,inf,0,0,0,1,1,1,0,1,8450,3210,33,1,0,1,1,0,3554,3.8,20,1
4.3,18.49,1,0,440,6.089044875446846,0,0,3,0,1,0,0,0,0,0,0,27.38,75.72,0.4784109772239652,0.242760009996158,0.23896325637227833,0.4038225558315124,0.25883880126671754,0.5684144459185579,0.39732732825822803,0.9747173678811452,0.8403878465503166,0.04962983826468059,0.2181960377337644,0.6779968058572927,0.8280860169541995,0.9793943876867379,0.9054381897626028,0.10816487197640834,0.3034468242572138,1,1,inf,inf,0,0,1,1,1,0,0,0,9848,613,353,1,1,0,1,1,440,4.3,11,0
2.9,8.41,0,0,496,6.208590026096629,0,0,4,0,1,0,1,0,0,0,0,27.67,77.17,0.5389201491537718,0.8162268262703462,0.42196683478794117,0.7740480776023363,0.15646952248721324,0.14926620086114284,0.010033351377330302,0.9121014742300485,0.5551279192924249,0.6609573540138861,0.5897220297043627,0.8225207038529804,0.8395815058720265,0.5548208358619475,0.4673515267188526,0.2525942434402426,0.7990928573404236,1,1,inf,inf,0,0,0,1,0,1,0,0,3387,782,42,0,2,1,1,0,496,2.9,37,1
4.5,20.25,1,0,1403,7.247080584585756,0,1,1,1,1,0,1,0,0,0,0,27.580000000000002,75.01,0.3443970567090373,0.9386745520469973,0.6323514845788245,0.18109791040893786,0.0004920935621403055,0.2467964254890802,0.5952817194361317,0.6973569616798047,0.11795468957033417,0.04358998544319226,0.875332224807798,0.5665149853029963,0.45398389056897015,0.7593893647928197,0.07892220956069529,0.4782669366405896,0.8822625373752201,1,1,inf,inf,0,0,0,1,1,0,0,0,1316,3772,320,1,2,0,1,1,1403,4.5,48,1
3.2,10.240000000000002,0,0,3588,8.185628891147607,0,1,1,1,1,0,0,0,0,0,0,27.150000000000002,75.62,0.14895971679733144,0.18574003275292017,0.8714951350574062,0.6277142250068072,0.10162540347752846,0.8525633163039448,0.6044706190029474,0.39135639055639737,0.1510508731434249,0.7949410730572166,0.2819895709651171,0.6677586352539945,0.13292856892213034,0.7689775253492577,0.6078705935222342,0.5079001484159265,0.48135226935963205,1,0,inf,inf,0,0,0,1,0,0,0,0,6487,82,139,0,0,1,0,0,3588,3.2,47,0
4.1,16.81,1,0,2286,7.734996194022781,0,1,4,0,1,0,0,0,0,0,0,27.46,75.0,0.4395427427129033,0.6064280701433749,0.37627669826001264,0.6528551181444915,0.6161114986180982,0.5635327817147063,0.33328157996434793,0.08245895063464836,0.9519687434340854,0.016503793585338045,0.5648533700750871,0.6022527551775203,0.1285747939037537,0.7640444184501911,0.8378611226053799,0.883079446899609,0.03288124851410401,1,1,inf,inf,0,0,1,1,1,1,0,1,976,243,263,0,3,1,1,1,2286,4.1,7,1
4.9,24.010000000000005,0,1,1267,7.145196134997171,0,1,2,1,1,0,0,0,0,0,0,26.52,76.38,0.10647562875552807,0.48125653760155784,0.11988249278453122,0.017286104202979158,0.6000450753253808,0.5901764355941176,0.542964960955858,0.22447704795931722,0.49857691864606357,0.6642383736269222,0.4022076069288092,0.7637953742050606,0.5719275333139903,0.9695512056168305,0.23970809388583492,0.8071318718851437,0.24444659232003552,1,0,inf,inf,0,0,0,0,1,0,0,0,2578,4104,235,0,2,1,1,0,1267,4.9,22,0
3.3,10.889999999999999,0,0,2676,7.892452043520352,0,1,2,1,1,0,0,0,0,0,0,26.04,76.52,0.9497830230493396,0.14779193053247042,0.13685744011735046,0.3730753046393317,0.32503431398331994,0.009931929941871864,0.8549664272279066,0.03575277769946761,0.6435132305532256,0.5591569825510261,0.6982385512012846,0.0847201372925176,0.12095155291699144,0.2553200136794005,0.5063453815513967,0.19684930661155153,0.9650472872918336,1,1,inf,inf,0,0,0,1,0,1,1,0,3454,1042,79,1,1,1,1,1,2676,3.3,4,0
4.4,19.360000000000003,1,0,150,5.017279836814924,1,0,2,1,1,0,1,0,0,0,0,26.34,77.84,0.3760732574834408,0.6126065956299666,0.994778681934907,0.8455684631568264,0.6628087609775261,0.9917819058538476,0.39386094166875496,0.5256662824950362,0.14281617762649856,0.44745639163633577,0.6209781479162503,0.22541686775156689,0.9746173706582254,0.11854892920539528,0.47397490152959965,0.6800641444573314,0.518886816016073,1,1,inf,inf,0,0,0,0,0,1,0,0,6836,3136,276,1,1,0,0,1,150,4.4,6,1
3.8,14.44,0,0,2444,7.801800401908973,0,1,3,0,1,0,0,0,0,0,0,27.22,76.81,0.7122180409597589,0.31937210335883226,0.4103929573742501,0.7605244792612924,0.7638941935975555,0.872187396026412,0.46003190992367826,0.04929270604094782,0.020051576220823986,0.09795664350203115,0.7395119929600295,0.7888108382087207,0.991853768582216,0.5563024805437372,0.23469763630689933,0.5422055155909705,0.16371806010534906,1,1,inf,inf,0,0,1,1,0,1,0,1,7398,3118,195,0,2,1,1,1,2444,3.8,27,1
3.7,13.690000000000001,0,0,2537,7.839131648274333,0,1,4,0,1,0,0,0,0,0,0,27.8,75.75,0.8759537571844468,0.920346451784364,0.12869027979646108,0.7879156241254744,0.12861500608441612,0.17829120027956746,0.961040330871364,0.6105241287027247,0.8060619361705804,0.7235650124882891,0.686495412910745,0.7008846825332713,0.8922889216733125,0.9419100003157154,0.7378415405914364,0.5194800811452053,0.6967666187603272,1,0,inf,inf,0,0,1,0,1,1,1,1,9161,161,8,1,3,1,1,1,2537,3.7,28,0
2.9,8.41,0,0,113,4.736198448394496,1,0,3,0,1,0,0,0,0,0,0,27.88,75.07000000000001,0.17463065468053451,0.16772594683268804,0.2583265488847677,0.29753002482795043,0.4895272110452493,0.5977702537963671,0.11037910320523592,0.8575965418866531,0.07734387711293145,0.2695141678839771,0.9640407634079954,0.9439463305029969,0.6680014915781226,0.9927187292881268,0.6315837480092015,0.19747908012400017,0.8700199766189907,1,0,inf,inf,0,0,1,0,1,0,0,0,2511,2977,278,1,3,1,0,0,113,2.9,21,0
3.7,13.690000000000001,0,0,4586,8.430981494597171,0,1,2,1,1,0,0,0,0,0,0,27.04,75.76,0.2049611252312188,0.7217973807412427,0.6061339134403373,0.38942018807608647,0.9315640288553951,0.5390275829480983,0.26183923136253884,0.20796695487352568,0.7001710141388203,0.9245177827707857,0.30237008138257226,0.6484378436257323,0.7152191573587924,0.7790116442679765,0.7591131324920555,0.9457235568953996,0.30627362851247664,1,1,inf,inf,0,0,1,1,1,0,1,1,215,3779,275,0,0,1,0,1,4586,3.7,32,1
4.1,16.81,1,0,4079,8.313852267398207,0,1,3,0,1,0,0,1,0,0,0,27.25,77.87,0.07039639965835565,0.8641393141731546,0.3868188427644451,0.4679718270788634,0.89183845720969,0.7790152640919347,0.023317191688596695,0.5528663291092968,0.8336933420149881,0.5112826801483754,0.36620032528576385,0.7039156285782184,0.4010043223272002,0.45992887593303866,0.38859853899970964,0.7457174160429594,0.7730309444898039,1,1,inf,inf,0,0,1,1,0,1,0,0,1967,1071,310,0,0,0,0,1,4079,4.1,3,1
2.6,6.760000000000001,0,0,325,5.786897381366708,0,0,4,0,1,0,0,0,0,0,0,27.84,76.59,0.12650017611387743,0.765840740978938,0.9680660359100396,0.3735792341169555,0.3970115818734852,0.08526370986390497,0.6606873676597108,0.1341789178225965,0.42483694717015363,0.12339463282750973,0.3966233453485414,0.08332695015246272,0.5827961371827847,0.528921661831911,0.08076401095458785,0.9290161170425262,0.8907086280159281,1,0,inf,inf,0,0,1,0,1,1,1,0,8420,4940,211,1,0,0,1,1,325,2.6,21,0
3.8,14.44,0,0,2650,7.8826922062890254,0,1,3,0,1,0,0,0,1,0,0,26.78,76.85000000000001,0.03900683413723138,0.7083954427981687,0.5282496689303551,0.017309530786148386,0.542693836288828,0.7940973374849155,0.39107005117074256,0.7598027013667382,0.7470428303614559,0.38453657645788086,0.07227780256915628,0.0333918518430687,0.20817731393417616,0.4392667587877491,0.8702976364347579,0.3691820058010137,0.08944095693049992,1,1,inf,inf,0,0,0,0,1,0,0,0,6455,3262,263,0,1,0,0,1,2650,3.8,0,1
4.4,19.360000000000003,1,0,1380,7.2305631534092925,0,1,1,1,1,0,0,0,0,0,0,27.25,75.46000000000001,0.7097923732949084,0.9209648422605127,0.12089711172675499,0.0729116285906638,0.874263386714593,0.14255756626346994,0.8649758770835622,0.08184965213858852,0.33833901980492587,0.16419251905823906,0.21000279470172922,0.03210690214497092,0.05789698071930627,0.7567899174377557,0.05765586938108613,0.30824331622413903,0.7954061354448452,1,1,inf,inf,0,0,0,1,0,1,1,0,1469,207,338,0,0,1,0,0,1380,4.4,45,0
4.6,21.159999999999997,0,0,4061,8.30943074214033,0,1,1,1,1,0,0,0,0,0,0,27.12,77.44,0.6729560006448447,0.15443342194282994,0.3628273790041834,0.12746752372907721,0.32616539935047373,0.03811702977304787,0.7022274884321311,0.21666304101873268,0.8920881350962168,0.3384366605007568,0.8104839612111949,0.7227315391623925,0.6803762626416047,0.48240059649004996,0.8962300859608489,0.4369314645808282,0.6391255292098812,1,1,inf,inf,0,0,1,0,0,1,0,0,4525,917,241,0,0,0,1,0,4061,4.6,17,1
4.1,16.81,1,0,2286,7.734996194022781,0,1,2,1,1,0,0,0,0,0,0,26.400000000000002,75.27,0.3862378734662769,0.5319995207659189,0.6049528291591775,0.10488228828170998,0.7469856884061563,0.05948194496126569,0.5556056034257036,0.0012182908090047073,0.2518651192706962,0.32693511591986646,0.934280927179376,0.16340036156691995,0.7937359827999751,0.16057846618528837,0.7884782650145978,0.3013869392431411,0.9713796835059701,1,1,inf,inf,0,0,0,1,1,1,1,0,4875,308,64,0,2,0,0,0,2286,4.1,36,0
3.2,10.240000000000002,0,0,262,5.572154032177765,0,0,2,1,1,0,0,0,0,0,0,27.19,76.18,0.48703283886530946,0.9571035397440435,0.6820616954116401,0.6050078509961204,0.249984913284379,0.09623610883141254,0.47068538253808845,0.4303671917291191,0.3836524439516642,0.02356307964170723,0.17611394870794517,0.4422740319609959,0.1166584049973477,0.6651926548630813,0.43617953423780464,0.8230033390646453,0.2706798522967985,1,0,inf,inf,0,0,0,1,0,0,0,1,5365,2580,250,0,2,1,1,0,262,3.2,36,1
5.0,25.0,0,1,1173,7.068172000388042,0,1,1,1,1,0,0,0,1,0,0,26.03,75.78,0.10038408578347058,0.7435170540721475,0.39949448255313824,0.6043297591764165,0.38497285735208453,0.7281882185918046,0.12339250493160236,0.38094418187056245,0.43672812949164086,0.05328073714194703,0.20055369465112238,0.8405438996798444,0.6656383332883791,0.09462716887098865,0.7632421265852447,0.8420889055971083,0.6545576364803002,1,0,inf,inf,0,0,0,1,1,0,1,0,3031,2138,252,1,1,0,1,0,1173,5.0,42,0
3.3,10.889999999999999,0,0,4287,8.363575702750637,0,1,1,1,1,0,0,0,0,0,0,26.18,75.68,0.9917724029360296,0.6948364397090291,0.3779393038701814,0.6871683765395667,0.1352748953481112,0.3021143141536202,0.7867221851841887,0.78324518591127,0.4296602400664906,0.8228224279061334,0.3523514945509696,0.7445754884073577,0.6141494177075012,0.6815365149456273,0.072167829493193,0.762195406641937,0.9301515734742667,1,1,inf,inf,0,0,1,0,0,0,1,1,27,772,29,1,2,1,0,1,4287,3.3,26,0
4.0,16.0,1,0,3836,8.252446090246952,0,1,3,0,1,0,0,0,0,0,0,26.78,77.28,0.6053124730956678,0.12868370448783872,0.8220103888239653,0.42708483371621153,0.07491064529195679,0.8729225898748473,0.5103696228775157,0.806816253474666,0.9808966804310962,0.8128724966353928,0.23511486990481,0.5548562029949332,0.03841694170945775,0.42029653307575765,0.45817459861758747,0.7036126565027634,0.49071823525923497,1,0,inf,inf,0,0,0,0,1,0,0,0,6964,1724,245,1,3,1,1,1,3836,4.0,29,1
3.9,15.209999999999999,0,0,2200,7.696667081526462,0,1,3,0,1,0,0,0,0,0,0,26.54,76.72,0.5882661151473971,0.409744081514799,0.2639525640106354,0.7750280523246196,0.9715139440294805,0.6513332768225808,0.8545752411518076,0.8717151960005171,0.51366287165734,0.9755331579631343,0.28405909641007054,0.5870434434136008,0.45310492137245906,0.9543189968090332,0.07299444603243277,0.4965299304474273,0.3874224514421061,1,0,inf,inf,0,0,1,0,0,0,0,1,7207,277,90,0,2,1,0,0,2200,3.9,43,1
3.1,9.610000000000001,0,0,3353,8.117908942383155,0,1,2,1,1,0,0,0,0,0,0,27.91,77.99,0.036678160139343996,0.022351673118825688,0.15889304858964148,0.9701883863634029,0.6486347935856419,0.4457997718354155,0.17642189964107902,0.4758768668463763,0.040921670633548346,0.4844133691509912,0.7515327821528522,0.06185604284832569,0.6919720526799971,0.08250353778511088,0.1888636803102275,0.9255344533085821,0.797446583623339,1,0,inf,inf,0,0,0,0,1,1,1,1,4408,3422,8,0,0,0,1,1,3353,3.1,23,0
2.9,8.41,0,0,894,6.796823718274855,0,0,2,1,1,1,0,0,0,0,0,26.36,75.01,0.8140172383277433,0.558630767375771,0.06948369170365065,0.63580932849267,0.313589719568212,0.3675185522171578,0.5057150828865039,0.9196549049327679,0.7702746618523972,0.4233624597361403,0.5266880334040257,0.48758840680021287,0.6995818149063413,0.04356708197258774,0.7651596454358346,0.6220743316891229,0.6806189723999381,1,1,inf,inf,0,0,1,1,0,1,0,0,6198,3694,106,0,2,0,0,1,894,2.9,11,1
4.5,20.25,1,0,4862,8.489410810403786,0,1,4,0,1,0,0,0,0,0,0,27.580000000000002,76.91,0.9223588990273421,0.243063317377183,0.7222550958799046,0.8733869705810905,0.869229469501525,0.6605394722535874,0.6970603462037945,0.6178986079756592,0.7013744535552616,0.5733032325335493,0.8750936175415511,0.34584869659792483,0.041366138007940756,0.3405133617896944,0.8286404819004474,0.34020556227515264,0.6872492277925837,1,1,inf,inf,0,0,0,0,1,0,0,1,3064,1669,11,1,0,1,1,0,4862,4.5,35,0
2.9,8.41,0,0,4480,8.407601514786142,0,1,2,1,1,0,0,0,0,0,0,27.77,77.82000000000001,0.5968911559707448,0.5895775189942364,0.04471129521984629,0.2218099457088939,0.7982461748260526,0.629540262393576,0.6432148129806974,0.9550787326489532,0.50605048246172,0.8061189865020965,0.044585029622157935,0.12533089091385063,0.6984018467255089,0.7464837974184103,0.5476957034050699,0.8115897831707225,0.28236581150419093,1,1,inf,inf,0,0,1,0,0,1,1,1,499,4321,333,1,1,0,1,0,4480,2.9,9,0
3.6,12.96,0,0,2842,7.952615111651,0,1,1,1,1,0,0,0,0,0,0,26.330000000000002,76.79,0.5222654878595082,0.51967855460101,0.8753277865250468,0.15615570200933626,0.5043214593831534,0.37486236975416976,0.3673426951821658,0.7947209537102613,0.4675682857572392,0.18609663726888626,0.5429336750618483,0.7168516698684002,0.1066067992385531,0.7642015100219265,0.22186396264502284,0.6460448512722305,0.7831252023044255,1,1,inf,inf,0,0,1,1,1,0,1,1,4491,3576,18,0,2,1,0,1,2842,3.6,9,1
2.9,8.41,0,0,4896,8.496378051702317,0,1,2,1,1,1,0,0,0,0,0,26.2,76.83,0.3155991119105691,0.9975428856680472,0.6801816983764013,0.42011575845713267,0.6086874278435814,0.23076473059301117,0.8253239638362899,0.4822729233973917,0.24220819370581026,0.115650353256179,0.1653071606479346,0.8238345465400233,0.4212220933248998,0.8266867941665617,0.41569572866886384,0.744621922424391,0.8521885995960168,1,1,inf,inf,0,0,0,1,1,0,0,1,7409,1195,299,0,0,1,1,1,4896,2.9,39,1
4.5,20.25,1,0,3115,8.044305406990638,0,1,4,0,1,0,0,0,1,0,0,26.88,76.33,0.008182124646128441,0.493385329577536,0.7790870165647493,0.2887408083139409,0.4500746379302527,0.45136238884219737,0.768397617791942,0.4105240539851823,0.9458037011391608,0.13040997542772037,0.2275730845655929,0.47450933002399553,0.17620039557078204,0.9393040191431143,0.35922089701919624,0.3325454602251474,0.280461743869165,1,1,inf,inf,0,0,0,1,1,1,1,1,1803,3991,246,0,2,0,1,0,3115,4.5,31,0
4.9,24.010000000000005,0,1,1729,7.455876687491824,0,1,2,1,1,0,1,0,0,0,0,26.580000000000002,76.61,0.5942482775648777,0.22780773690484346,0.353503899214072,0.9115028295826776,0.8801682506757557,0.2521405872513315,0.8744985059603885,0.9377446116756711,0.9485854028555425,0.31524455819994845,0.3413195119205794,0.023905719712125184,0.731297087089364,0.90177081491636,0.4947983142047029,0.30045668001048864,0.3537787590566218,1,1,inf,inf,0,0,1,1,0,1,1,1,1656,1189,92,1,3,1,0,0,1729,4.9,46,0
3.2,10.240000000000002,0,0,4156,8.332548939252638,0,1,2,1,1,0,0,0,0,0,0,26.69,77.39,0.5456265570099561,0.30795224531633525,0.38407439490189854,0.05071704796698351,0.7520357689584402,0.7366279426020167,0.29243585483067236,0.6392345362312788,0.9757070089878294,0.6494169202225022,0.09726667126530464,0.8114534569596843,0.8762112129831189,0.030351341022362588,0.5163731396931242,0.6805741736956402,0.3903170383360882,1,1,inf,inf,0,0,1,0,0,1,1,1,5525,281,1,0,3,1,1,0,4156,3.2,49,0
4.8,23.04,0,1,3746,8.228710798793687,0,1,2,1,1,1,0,0,0,0,0,26.18,76.65,0.1941137591264268,0.7904411340939558,0.40861596174383563,0.7006141600223343,0.7316985758891736,0.7347441843596247,0.13201627421173068,0.8637759215336788,0.27915945103198514,0.03931909619154472,0.23358303990765794,0.9775709827633864,0.0943245807198213,0.6926429832386908,0.1507582398809394,0.641420154901093,0.279808943506869,1,1,inf,inf,0,0,0,1,0,0,0,1,5665,4834,279,1,2,0,1,0,3746,4.8,0,0
4.1,16.81,1,0,2583,7.857093864902493,0,1,4,0,1,0,0,0,0,0,0,26.39,76.08,0.6413811765846036,0.8741690544937922,0.6038864999004633,0.7626190511674967,0.9405968599634296,0.8173589495450945,0.7779719954226797,0.5638013444072835,0.21729766221993374,0.3367827133418321,0.2909388779611438,0.5293865593421897,0.6234224034251544,0.46003668946968923,0.6846992396510986,0.40216753928905313,0.27265676212889833,1,1,inf,inf,0,0,0,1,1,1,1,0,2025,1846,242,1,3,0,0,1,2583,4.1,18,1
3.9,15.209999999999999,0,0,1326,7.190676034332207,0,1,3,0,1,1,0,0,0,0,0,27.5,76.74,0.92261148575818,0.7581932209731429,0.5781649838999369,0.07016538342097345,0.22529202710366958,0.08854330032909918,0.9587025938163198,0.07555766339234471,0.26846633308975376,0.17058825773019692,0.5335262129005444,0.4581805176588336,0.24095146435699477,0.3672291309658673,0.23827389542176813,0.21264753782400825,0.4653158166141643,1,0,inf,inf,0,0,1,1,0,1,1,1,5123,2504,19,0,2,0,1,0,1326,3.9,32,1
4.7,22.090000000000003,0,0,823,6.714170529909472,0,0,2,1,1,0,0,0,0,0,0,26.51,75.03,0.3801570796228768,0.7664615718751048,0.9748411805879025,0.5037541881577366,0.27559611991098343,0.06486590141885196,0.9133849803181765,0.4854033612922555,0.20443792444861264,0.37646063368291416,0.5816049029967639,0.8922202095103946,0.04424175782810924,0.6938521986136121,0.6466609580355208,0.5388308187376116,0.44958721747479746,1,1,inf,inf,0,0,1,0,0,0,1,1,538,1547,170,0,3,0,0,1,823,4.7,13,0
2.5,6.25,0,0,4889,8.494947582468917,0,1,1,1,1,0,0,0,0,0,0,27.7,77.10000000000001,0.1663849928558102,0.2292484351365568,0.3724025616924639,0.7192466158355101,0.2940462843173264,0.5500345819941902,0.06343922362885801,0.8188224816869172,0.7717374075625101,0.8534504000214405,0.6627632369494255,0.03590114425718638,0.3997413855060894,0.04625897103713095,0.32112728596705853,0.9601032935815667,0.11830385298186086,1,1,inf,inf,0,0,1,0,0,0,0,1,8625,2883,258,0,1,1,1,0,4889,2.5,29,0
4.2,17.64,1,0,4145,8.329899292995725,0,1,2,1,1,0,0,0,0,0,0,27.6,75.17,0.3482278958435213,0.5529554125816298,0.8676821259913458,0.6403028347428729,0.6435228421787753,0.2754608549258698,0.5547449680612216,0.8823991216355023,0.1500779679865878,0.3945985724269314,0.8768287008181299,0.24911782661405735,0.08710832592202122,0.5283937227635318,0.7065756428624356,0.9452319890871128,0.1695846837184578,1,1,inf,inf,0,0,1,0,1,0,0,0,3176,1005,212,0,1,0,1,1,4145,4.2,43,1
4.1,16.81,1,0,1564,7.355641102974253,0,1,3,0,1,0,0,0,0,0,0,27.07,75.76,0.04400343253313066,0.733734017020921,0.7296365106567354,0.8822310617112442,0.23703096688412573,0.4166947067516903,0.5811926651307633,0.5174359075778917,0.9298288149772538,0.0737571672995957,0.9150777024553204,0.6931178054056677,0.3796783583884791,0.27291464640326946,0.13477583655436054,0.9299185165169551,0.6949274683410542,1,0,inf,inf,0,0,1,1,0,0,1,0,6716,1458,228,0,0,0,1,0,1564,4.1,29,0
4.4,19.360000000000003,1,0,159,5.075173815233827,1,0,2,1,1,0,0,0,0,0,0,27.21,76.34,0.006071057489472564,0.590969188660171,0.6258902427502324,0.7336059416577574,0.976982613665777,0.9857570278834465,0.9866040473929906,0.45942596162545535,0.43449684871257876,0.6365007773609457,0.6959961893646844,0.4870974737917103,0.17621156126238136,0.3443893276019845,0.2529823899949438,0.23195874697192398,0.3553473419430945,1,1,inf,inf,0,0,1,1,0,0,1,1,2408,20,25,0,1,0,1,1,159,4.4,37,1
2.8,7.839999999999999,0,0,1209,7.098375638590786,0,1,1,1,1,0,0,0,0,0,0,26.14,77.5,0.6737701167083845,0.7038327965098632,0.6414157590544801,0.9304298578316623,0.3139494584069453,0.033401777795234455,0.539333236397896,0.17272366830554176,0.41695463713422376,0.7230021404032013,0.034449963268417316,0.22501141369345024,0.9669161428767769,0.3560005193052328,0.7347228853362652,0.9341209516633457,0.7189881657482614,1,0,inf,inf,0,0,0,0,0,1,1,0,5471,3396,187,0,1,0,0,0,1209,2.8,47,0
4.4,19.360000000000003,1,0,4574,8.428361977709622,0,1,2,1,1,1,0,0,0,0,0,27.16,75.10000000000001,0.35181553765535867,0.4848905157166721,0.3468713508530087,0.8326844255154091,0.8546772291549645,0.010201590600574129,0.7518485352950575,0.595502301852806,0.9565483112104101,0.4095144269847867,0.3480722952302612,0.9164905605150637,0.726254459908862,0.025930334063495875,0.9506375776449099,0.46666385072045413,0.7763711913273628,1,1,inf,inf,0,0,1,0,0,1,0,1,6600,4772,142,1,3,0,1,0,4574,4.4,6,0
3.2,10.240000000000002,0,0,2825,7.946617563244473,0,1,4,0,1,0,0,1,0,0,0,27.46,75.78,0.16159230277695658,0.7414342773943305,0.8182508143900837,0.5040605073214853,0.6281112897963254,0.14588597637054523,0.259238155711328,0.5519546698646361,0.8283109439947748,0.15552455165989798,0.8277777089329027,0.12261621053877059,0.8819085494022075,0.28238769227483296,0.8730195862832445,0.12787012569735545,0.10928723274930396,1,1,inf,inf,0,0,1,0,1,1,1,0,5821,2255,324,0,3,0,1,0,2825,3.2,3,1
2.6,6.760000000000001,0,0,1783,7.486613313139955,0,1,3,0,1,0,0,0,0,0,0,26.400000000000002,77.23,0.8726321209979041,0.09151964959680381,0.6466230907608547,0.6634747774455837,0.16327257285578922,0.44089331184915104,0.9875870957739115,0.9257721280442679,0.5409799152847476,0.7517719731074323,0.7320280034111771,0.11429144498656929,0.9487718247498562,0.18836969250130697,0.6710319793572649,0.023476747575815526,0.7173188986278799,1,1,inf,inf,0,0,1,0,0,1,1,0,9916,3078,88,1,2,0,0,0,1783,2.6,42,1
4.9,24.010000000000005,0,1,1282,7.1569563646156364,0,1,3,0,1,0,0,1,0,0,0,27.3,76.31,0.034299553742579536,0.09047639860795276,0.22450418743670053,0.45888095275808694,0.39419606932687445,0.7497624352727702,0.39111220245275413,0.770143376586913,0.46978768968703544,0.06692444955812016,0.8277851970008369,0.8599137394232707,0.5518940579332284,0.31922733567188843,0.19017326511195187,0.6471007003423983,0.02033401194722928,1,1,inf,inf,0,0,0,0,1,1,0,1,6481,4711,238,1,2,1,1,1,1282,4.9,20,1
4.6,21.159999999999997,0,0,2394,7.781138509845015,0,1,2,1,1,0,1,0,0,0,0,27.810000000000002,76.61,0.9667956467654357,0.027855571375250965,0.014518334249402187,0.024880509720566768,0.6871849237603885,0.8495641808489931,0.8174027211424568,0.8994760659685356,0.05394253709077912,0.07030017335737149,0.5387441736309773,0.3937398443080541,0.17948114817284033,0.5598300928964015,0.9676807231858977,0.8078640015638181,0.4114830252163322,1,1,inf,inf,0,0,1,1,0,1,0,0,9453,2131,237,0,2,0,1,0,2394,4.6,15,0
3.0,9.0,0,0,2274,7.729735331385051,0,1,3,0,1,0,0,1,0,0,0,26.6,75.84,0.43481181971682825,0.6176735927843752,0.017344702201580575,0.04635150199029259,0.10243250147236338,0.1594964728403787,0.8969787561669056,0.8813222701210307,0.4144785959790772,0.7289767560016862,0.4765797334080243,0.6426037729640862,0.3342525234471305,0.06228021070513523,0.531019234525447,0.19935556071575822,0.7619514878657236,1,1,inf,inf,0,0,0,1,1,1,1,1,100,3181,242,1,0,1,0,1,2274,3.0,8,0
2.8,7.839999999999999,0,0,4585,8.43076346341785,0,1,2,1,1,0,0,0,1,0,0,27.400000000000002,76.07000000000001,0.10084695152449563,0.44553234895684035,0.4835004465297845,0.25098141818702846,0.8743993788375987,0.5163611498842926,0.677718365021347,0.921252534019047,0.9237979890729826,0.6761429227770803,0.0033601373650337107,0.17054332683556006,0.8095140267515964,0.17364168470112928,0.6204400247995585,0.7081742779530233,0.055579752607304966,1,1,inf,inf,0,0,1,0,0,0,1,1,8877,3593,209,1,2,1,1,1,4585,2.8,46,1
5.0,25.0,0,1,3916,8.27308133366583,0,1,4,0,1,0,0,0,0,0,0,27.27,77.87,0.4266493582208908,0.8135584744984683,0.41371314044186314,0.2969080674301424,0.2917658032000784,0.4611482624421439,0.029775602055402528,0.6697302568656678,0.32988968787810613,0.1520762983641919,0.526276913224688,0.014914915249769622,0.8020270358881527,0.6587319170564799,0.46502117395535125,0.5505800291048093,0.16086967413347875,1,1,inf,inf,0,0,0,1,1,0,0,1,5772,2695,46,0,0,0,1,0,3916,5.0,32,0
4.6,21.159999999999997,0,0,2375,7.773173680482536,0,1,2,1,1,0,0,0,0,0,0,27.18,76.57000000000001,0.5559776006093851,0.6927217485453664,0.23917466089403971,0.6923988506823341,0.9461819864100955,0.3413457664554991,0.06438184640778533,0.3717871757480091,0.41108210173757753,0.9429648211138933,0.6256819208612434,0.0218995343493682,0.7739841125006308,0.8441617228171654,0.69903971566843,0.9352968327619273,0.38918473741923787,1,0,inf,inf,0,0,1,1,1,1,0,1,2892,402,21,0,1,1,0,1,2375,4.6,22,1
2.9,8.41,0,0,963,6.871091294610546,0,0,2,1,1,0,1,0,0,0,0,27.42,75.11,0.9910833004692079,0.33908424707764706,0.01608113785947929,0.38550222243608434,0.989835054445825,0.0679259972570907,0.8669025310910085,0.17786307019125724,0.16460307648921013,0.8488324412593425,0.27821338367337456,0.651169493061649,0.029589011287205147,0.16659262648489404,0.6462449891896699,0.37940485635645904,0.36045140508682005,1,1,inf,inf,0,0,1,0,0,1,1,0,2108,2958,353,0,1,0,1,0,963,2.9,8,0
4.4,19.360000000000003,1,0,222,5.407171771460119,0,0,2,1,1,0,0,0,0,0,0,27.48,75.54,0.9402278693309143,0.336973789472679,0.8322715900162623,0.4754191421158812,0.3725801300700542,0.17571025956732123,0.09400745580908165,0.8005708759546122,0.26378811371094657,0.7464610524290088,0.24352844724785405,0.21659956863197583,0.01285057560397418,0.8798777652180299,0.72761682510441,0.12938227608967923,0.9031813841425365,1,1,inf,inf,0,0,1,1,0,0,1,0,2654,1882,218,1,0,1,0,0,222,4.4,49,0
2.5,6.25,0,0,503,6.222576268071369,0,0,3,0,1,0,0,1,0,0,0,27.23,75.5,0.12524100634315738,0.3572013852788848,0.8378733281204105,0.7033887232790815,0.7405201009996222,0.7102870539435729,0.032215177295303654,0.3205248838144772,0.3193756627086357,0.5115756285283881,0.836109906516296,0.9948262888316295,0.8055987892886041,0.6677143055582249,0.41242757474407366,0.3551664316516675,0.4810310949152664,1,0,inf,inf,0,0,0,1,1,1,0,0,415,3631,24,0,3,0,0,1,503,2.5,1,0
4.1,16.81,1,0,3070,8.029758520440822,0,1,4,0,1,0,0,0,1,0,0,26.48,75.92,0.2229683082985856,0.9017860991821572,0.03546939968375029,0.8369154106853316,0.2919249595607102,0.3985307124097448,0.26088930290285073,0.5177483239056127,0.32636864528401777,0.15540817231508686,0.018438478191462715,0.9764175739480627,0.48980785278331107,0.8833881631522955,0.5572904743270659,0.4841846578672978,0.9406318116458021,1,0,inf,inf,0,0,1,1,1,0,0,1,6882,4975,37,1,1,1,1,1,3070,4.1,47,1
3.0,9.0,0,0,25,3.258096538021482,1,0,3,0,1,0,0,0,0,0,0,27.080000000000002,75.4,0.440919388866731,0.8283519966107665,0.8307590813141347,0.29835017996069035,0.1758474104472013,0.20949693655761614,0.9785470046119182,0.8820673821873385,0.8360035036785856,0.42627629871333217,0.33445398132166926,0.9062727285005701,0.07773671679057048,0.6533447515720793,0.53069682064438,0.09045120744305635,0.7841487169367883,1,1,inf,inf,0,0,1,1,0,0,0,0,3539,3701,59,0,2,1,0,0,25,3.0,0,1
3.0,9.0,0,0,1093,6.9975959829819265,0,1,1,1,1,1,0,0,0,0,0,27.47,77.7,0.0536285515890067,0.749769539344067,0.7214642390966048,0.929670351970635,0.25339370318125365,0.8734041269368248,0.7787401066974678,0.7151839763987189,0.7867171445524753,0.5281569019806279,0.810268367603273,0.041170497226906244,0.9726713639170007,0.2579331502155603,0.4099185268714344,0.31664495555771544,0.03679727070762695,1,0,inf,inf,0,0,0,0,0,0,0,1,7219,4275,121,0,1,1,0,0,1093,3.0,49,0
4.1,16.81,1,0,1819,7.506591780070841,0,1,4,0,1,0,0,0,0,0,0,27.09,77.95,0.33742046196366304,0.5268288375476984,0.15978889051842493,0.6162320343217399,0.6580939820470698,0.7601174664692827,0.3955600171940159,0.8095305548389298,0.1520761664434932,0.048364655714932425,0.8662720444559204,0.3336247102978155,0.226743395010778,0.8485781084832755,0.6405178044533778,0.29723624489349443,0.16475761434868175,1,1,inf,inf,0,0,0,0,1,0,1,1,994,2890,60,1,3,1,0,1,1819,4.1,23,0
4.9,24.010000000000005,0,1,1006,6.914730892718563,0,1,4,0,1,0,0,0,0,0,0,26.48,77.62,0.9970642795390331,0.35166350476885944,0.7223018896925665,0.06079368126858942,0.19272563986175784,0.5683026525694388,0.38369814364744936,0.18028030434240372,0.09580035351165739,0.21142229753486086,0.35934526951083234,0.09968859927908724,0.8500675330581249,0.6066387874146619,0.12153526495432365,0.396458179560784,0.02713061213903778,1,1,inf,inf,0,0,0,1,0,0,0,0,4194,4110,25,1,0,0,1,0,1006,4.9,34,1
3.6,12.96,0,0,899,6.802394763324311,0,0,2,1,1,0,0,0,0,0,0,26.91,77.12,0.5206849946538189,0.5704415813637529,0.9755165337501027,0.7391633687477087,0.4476460734618054,0.8664142350829928,0.1097909934865483,0.1826190395064189,0.293185515860223,0.43545683086833686,0.3267388760595177,0.2913669880394396,0.2542766896377795,0.8653388739347339,0.29336853165288,0.4453467577301812,0.27681799466312373,1,1,inf,inf,0,0,0,0,0,1,1,1,1951,4208,294,0,3,1,0,0,899,3.6,42,0
4.2,17.64,1,0,3032,8.017307507688582,0,1,1,1,1,0,1,0,0,0,0,26.59,77.3,0.6551728881396216,0.9940494295628248,0.9712526031801786,0.9457875303120292,0.29829787790853735,0.8425882331515188,0.6349521672036188,0.6805907916012398,0.28338675604794483,0.5266404313137645,0.7014895425570915,0.907762854616984,0.6350375961944219,0.13732121013062104,0.1942759387850661,0.9681406520100493,0.26171756509385913,1,1,inf,inf,0,0,1,1,1,0,1,0,3859,2233,24,0,2,0,0,0,3032,4.2,7,1
4.2,17.64,1,0,4337,8.37516869138682,0,1,1,1,1,0,0,0,0,0,0,26.75,77.0,0.19352520085044989,0.26775124769811864,0.8997964751758308,0.1987614303582439,0.21653491807969272,0.8342518730945685,0.8478998317940646,0.8289000255193082,0.6954405621683492,0.5887352535903214,0.32958977445869153,0.4574462774693,0.37366860622444953,0.11772850883184294,0.11195911074162623,0.6762176348452551,0.32875618570533116,1,1,inf,inf,0,0,1,0,0,1,1,0,2113,3869,184,0,0,1,1,0,4337,4.2,25,0
4.2,17.64,1,0,2214,7.703007682479236,0,1,2,1,1,0,0,0,0,0,0,26.34,75.41,0.17783044195753894,0.17991452223171744,0.708778448855611,0.6446595522150753,0.5232493621358175,0.3598858113983039,0.4739790131326198,0.26735053058755986,0.7204838907686325,0.772653705662324,0.7082298292630538,0.37834361195911614,0.5447777893223591,0.37003317794332435,0.105114938333563,0.17663335254335677,0.8763680468199274,1,1,inf,inf,0,0,0,1,1,0,0,0,3641,3008,75,0,2,1,0,0,2214,4.2,2,0
3.7,13.690000000000001,0,0,3244,8.08487062913819,0,1,3,0,1,1,0,0,0,0,0,26.27,77.73,0.7505879364463091,0.720096556318301,0.9733244972828241,0.2302228859499713,0.0669749452940086,0.993215668958356,0.3478403419806393,0.0010846801125202754,0.4930093223937603,0.61489869321083,0.036628710441769186,0.27320765528756474,0.4634745431285284,0.16226234755254831,0.6593345732892787,0.7147874550868432,0.11501203567202345,1,0,inf,inf,0,0,1,1,0,1,1,1,8071,1735,47,0,1,0,1,1,3244,3.7,17,1
3.1,9.610000000000001,0,0,1982,7.592366128519796,0,1,1,1,1,0,1,0,0,0,0,27.93,77.82000000000001,0.010900254935347409,0.23911284616338868,0.39483679745717537,0.7067120411878152,0.5750636924602193,0.4185472717744507,0.5911026978460848,0.7975341371650745,0.9090514032006632,0.5742392530451992,0.851390195097361,0.6491690190424888,0.6962687096336942,0.8853035166231868,0.9152314226637291,0.9256603001885303,0.09086169590144677,1,1,inf,inf,0,0,1,0,0,1,1,0,6921,4962,331,1,3,0,0,0,1982,3.1,47,0
4.6,21.159999999999997,0,0,2290,7.736743682453495,0,1,2,1,1,0,0,0,0,0,0,26.75,76.83,0.4558838216849559,0.12577960540929767,0.7454531823226304,0.8788256883338633,0.5257956501719885,0.7382557546263494,0.9104862183764454,0.37009378515167,0.19220686290130862,0.6180010768855164,0.12554122900604037,0.6627108966765862,0.5397260125747182,0.26915941846716673,0.5812260423718135,0.7681672825716453,0.4340276548380738,1,1,inf,inf,0,0,1,0,0,1,0,1,7938,964,193,0,2,0,1,1,2290,4.6,40,1
2.9,8.41,0,0,3352,8.117610746466228,0,1,1,1,1,0,0,0,0,0,0,26.19,75.8,0.3854266468627059,0.5706895729863242,0.07790400048353485,0.36664398113315977,0.7251071058626285,0.7390458772710345,0.6828480400432438,0.5253658866173836,0.1632665027662873,0.3875579470329301,0.16568770902247543,0.20053865896036804,0.3496071407498932,0.32359641899590386,0.7213175792608842,0.20966128289793207,0.4849371367144383,1,1,inf,inf,0,0,0,1,1,1,0,0,9190,2197,82,0,3,0,1,1,3352,2.9,40,1
4.0,16.0,1,0,4906,8.498418036089904,0,1,1,1,1,1,0,0,0,0,0,27.900000000000002,76.76,0.5231763795410467,0.06694184227940403,0.22978817095698933,0.6852443201870115,0.9931266977673209,0.3614766529276585,0.8686578592563202,0.8965435301272213,0.36977460476916546,0.7589396582299632,0.6053095340865506,0.1274754823390457,0.700679147514016,0.5114724094248233,0.5387021560013394,0.3472076753731801,0.3511341830479936,1,1,inf,inf,0,0,1,0,1,0,0,0,6836,563,343,1,2,1,1,0,4906,4.0,4,0
4.4,19.360000000000003,1,0,2120,7.659642954564682,0,1,2,1,1,0,0,0,0,0,0,27.18,77.15,0.8199999078425597,0.5653363909450565,0.3763871477090097,0.3829432181905117,0.7500475212688326,0.13944716917529754,0.15906846400808705,0.2950143069825222,0.2822389305013022,0.3958339760736388,0.29500467244811746,0.3931912275888235,0.562368215222072,0.7468874407371794,0.1891988394812334,0.45441851533303756,0.4911450530452284,1,1,inf,inf,0,0,1,1,0,1,0,1,1499,2278,86,1,0,0,1,1,2120,4.4,32,0
3.2,10.240000000000002,0,0,1397,7.242797922793756,0,1,1,1,1,0,0,0,0,0,0,27.17,76.13,0.8345143571144964,0.28745510504229344,0.8469540344435085,0.16899881764778268,0.992122849891795,0.005066492458628891,0.1579402490429399,0.5438486382070041,0.16937317857809286,0.6499528544420684,0.7590271641503776,0.4750585885991202,0.7072259542172143,0.7428386957176739,0.958405476429036,0.6132835780182834,0.6450466647570642,1,1,inf,inf,0,0,0,0,1,1,1,1,1593,1513,222,1,3,0,0,0,1397,3.2,32,0
3.4,11.559999999999999,0,0,2199,7.696212639346407,0,1,3,0,1,0,0,0,0,0,0,26.47,76.95,0.05128676441005853,0.8541938524580664,0.09691573486267535,0.6639085271730618,0.3194804149518107,0.8747053565875647,0.4350958810374238,0.40701612523149233,0.43497278209580403,0.812907325614954,0.601334369702461,0.9585414936129816,0.06168792673213486,0.7529707224277536,0.7677440367285575,0.2557765650613649,0.4880540097097752,1,1,inf,inf,0,0,0,1,1,0,1,0,3912,1483,283,1,3,0,1,0,2199,3.4,28,1
5.0,25.0,0,1,3169,8.061486866871327,0,1,2,1,1,0,1,0,0,0,0,27.29,75.74,0.7330432455371385,0.15285876757696804,0.2430844826877394,0.03448152541166005,0.2847284123902174,0.6231904967810686,0.018985520314515725,0.2835890372109663,0.3281168426358285,0.34877846016473957,0.15389215877510354,0.1750624881091185,0.23488057771208382,0.586932571308738,0.7082641428941703,0.39172289268868155,0.7348482129798946,1,0,inf,inf,0,0,1,1,0,1,1,0,8096,1414,200,0,3,0,1,1,3169,5.0,10,1
2.9,8.41,0,0,4213,8.346167594364134,0,1,4,0,1,0,0,0,0,0,0,26.41,77.34,0.8757270474954029,0.5114385859308048,0.05075372862773897,0.7692538404168389,0.847438897421255,0.6154763035701883,0.01754610548634017,0.9319373226727704,0.7921095165943232,0.015159620301296473,0.6340912864536896,0.3026805779937035,0.059777109555665286,0.1862181667683086,0.6960695912980542,0.2090505511425953,0.7430030667250807,1,1,inf,inf,0,0,1,0,0,0,1,1,696,1056,342,1,3,0,1,0,4213,2.9,7,1
2.8,7.839999999999999,0,0,1213,7.101675971619444,0,1,3,0,1,0,0,0,0,0,0,26.07,76.57000000000001,0.4923137619524337,0.025690744005279487,0.5394547603384079,0.7855319542428592,0.10544740517541373,0.04718325351551722,0.8219944743352242,0.22054953327280236,0.38049065252422554,0.6625583930209165,0.6712165380957432,0.7709031529968474,0.5386496415515636,0.7470932746826284,0.5221288897603837,0.32238931590497333,0.9602916929357703,1,1,inf,inf,0,0,0,1,1,1,0,1,6809,1532,53,1,2,1,1,0,1213,2.8,30,0
3.7,13.690000000000001,0,0,1340,7.201170883281678,0,1,3,0,1,0,0,0,0,0,0,26.48,75.03,0.9897800768916859,0.8603992096102179,0.585604596664551,0.7528412950572853,0.9998892203561048,0.6109726519497974,0.8346822477206223,0.4305613680047212,0.2194619255271042,0.5939414557939052,0.527623734009863,0.3341406385522778,0.1536238089724693,0.518618489215129,0.23379257024012456,0.3116619949192935,0.8212779292968581,1,0,inf,inf,0,0,0,1,0,0,0,0,6484,2398,338,1,0,0,0,1,1340,3.7,9,0
3.0,9.0,0,0,1012,6.920671504248683,0,1,3,0,1,0,0,1,0,0,0,27.400000000000002,76.71000000000001,0.41865071335561443,0.05891589960342736,0.7911669693364254,0.24820356038960567,0.7866842501037822,0.12539019892802084,0.5230947489369974,0.8914467563523962,0.08666731555230822,0.324816397384723,0.77349022900362,0.23421617285504515,0.3258470329274017,0.20792635741321397,0.25943960448987125,0.744356929388689,0.4548559801571225,1,1,inf,inf,0,0,0,1,1,0,1,1,2283,1835,62,0,0,1,1,1,1012,3.0,41,1
4.9,24.010000000000005,0,1,2714,7.906547232368036,0,1,3,0,1,0,0,0,0,0,0,27.72,75.08,0.7375563359207773,0.4489111151737297,0.7887618688023769,0.12895588346599718,0.6509598693363307,0.22213375911886057,0.8566476465677234,0.5471272856546584,0.182180696935475,0.8927610865372533,0.3873085524763725,0.5842678609221632,0.20051139244952532,0.7118828476296886,0.3311638570040176,0.9916759792592861,0.029887675415532722,1,1,inf,inf,0,0,1,0,0,0,1,1,7671,2796,34,0,0,0,0,1,2714,4.9,39,0
3.7,13.690000000000001,0,0,1901,7.550661243105336,0,1,3,0,1,0,0,0,0,0,0,27.830000000000002,77.10000000000001,0.6398738732756042,0.894995662149601,0.7285223313666093,0.7921138516500683,0.3661207498758109,0.28100595134957185,0.4399201616928172,0.30339668484017646,0.5893321392081491,0.6953655364576933,0.7223757161133264,0.6066614597005557,0.24714159224844123,0.92611387838106,0.6798356851950964,0.289809870131726,0.5439714579222908,1,1,inf,inf,0,0,0,0,0,0,0,0,9908,4051,221,1,3,1,1,1,1901,3.7,39,1
4.6,21.159999999999997,0,0,4896,8.496378051702317,0,1,2,1,1,0,0,0,0,0,0,27.3,77.25,0.8788730910457689,0.7593389072468503,0.16740453721041415,0.7353260081354085,0.5307441551882299,0.15306996081248525,0.32474506450639185,0.8437235988032392,0.8277032555641708,0.7378554079242513,0.017051122108701633,0.8892507824258681,0.15498344020635269,0.07260807953399451,0.5516702918246894,0.006329328419538149,0.8279265703123365,1,1,inf,inf,0,0,0,1,0,1,0,0,6610,2697,109,0,0,0,1,1,4896,4.6,47,1
4.1,16.81,1,0,1261,7.140453043101158,0,1,4,0,1,0,0,0,0,0,0,27.17,77.52,0.009170535433048688,0.9442299320705273,0.7608618215414349,0.20332365190529533,0.991791327914953,0.7711989309793965,0.5590825846266224,0.11731614698815285,0.5778594291044936,0.9955355967707565,0.05804590207670113,0.3530156407485655,0.8692829511339702,0.9300687469498476,0.3357518062658168,0.7562477083122664,0.7471419839485548,1,1,inf,inf,0,0,0,1,0,0,0,0,3336,1130,307,1,2,1,0,1,1261,4.1,32,1
3.0,9.0,0,0,2654,7.884199933676039,0,1,4,0,1,0,0,0,0,0,0,26.580000000000002,75.69,0.9277703907418218,0.6733553407507821,0.8290605813318026,0.631945523311163,0.9984323958309962,0.04850931903059763,0.6723606811508831,0.39277689923478465,0.9257418837886361,0.07652759954034338,0.6913742674890435,0.25054279306994887,0.8171688255810523,0.4808587862539545,0.44577163071459014,0.7940272901198,0.4986583365423184,1,0,inf,inf,0,0,0,1,1,0,1,0,2141,1273,236,1,3,1,1,1,2654,3.0,0,1
2.8,7.839999999999999,0,0,4325,8.372398606513004,0,1,1,1,1,0,0,0,0,0,0,27.26,76.34,0.8222716749602282,0.9665226045203461,0.7321433117160886,0.3416946789863988,0.7730226661965468,0.5561131465143203,0.7380588646788586,0.6806937012775316,0.5150612943618562,0.18184983597368543,0.6085961990853672,0.1410574552729934,0.9132604250325757,0.42516217351501895,0.04812619050710387,0.9504358442254238,0.8137429696257743,1,0,inf,inf,0,0,0,1,0,0,0,0,7627,4737,78,1,3,0,0,0,4325,2.8,18,1
3.7,13.690000000000001,0,0,822,6.71295620067707,0,0,2,1,1,0,0,0,0,0,0,26.97,76.56,0.8459753361955024,0.6178163095769855,0.4826273488308943,0.3463491999484769,0.06308292438080232,0.7741180405756395,0.9573763315596515,0.09077203806626066,0.5981168584672424,0.5404872747792673,0.7851979837017048,0.04335224848727459,0.8277911462239292,0.21500292593425951,0.9907697988055071,0.132537602317226,0.5278990320538902,1,1,inf,inf,0,0,1,0,1,0,1,0,6979,4551,104,0,3,1,1,0,822,3.7,17,1
3.8,14.44,0,0,1358,7.214504414151143,0,1,2,1,1,0,0,0,1,0,0,27.61,76.61,0.45352766870479777,0.31748506813452704,0.3621388487539011,0.07820245572171247,0.37321480490733694,0.543554431982654,0.756394465837968,0.1923139408208765,0.3594504692750501,0.259949533599639,0.6783752525552781,0.8131737728896433,0.25424689254648414,0.6010766570895469,0.9901667810455704,0.825814802659756,0.8602871509687406,1,0,inf,inf,0,0,0,0,1,0,0,0,7841,157,65,0,1,0,1,1,1358,3.8,35,0
2.7,7.290000000000001,0,0,4702,8.455955881945048,0,1,3,0,1,0,0,0,0,0,0,27.650000000000002,75.18,0.6478881216984967,0.8558526262743945,0.7937029059757963,0.5928511748229531,0.40717896502017537,0.44258780694912536,0.08891366432349779,0.676000870360638,0.6198276874437233,0.5409385738799679,0.28562160438288786,0.6924877220180382,0.6408054567071575,0.8264308479927076,0.6291213644487589,0.5376057110462413,0.6586173243771004,1,1,inf,inf,0,0,0,1,1,0,0,1,4935,2832,156,0,1,1,0,1,4702,2.7,10,1
2.9,8.41,0,0,2859,7.958576903813898,0,1,2,1,1,0,0,0,0,0,0,26.41,75.26,0.419770849203286,0.9009282431992632,0.5361267436961261,0.6402450176131601,0.7911883095085097,0.6921008976085143,0.4982113652828102,0.8807323102025257,0.715547910843297,0.40808520558111594,0.6249594741217045,0.9878220032626822,0.5248341103974786,0.6360693233355366,0.08971087857827975,0.5483222144344346,0.2604280096722478,1,1,inf,inf,0,0,0,0,1,1,1,1,6956,949,85,0,0,1,1,1,2859,2.9,40,0
4.6,21.159999999999997,0,0,2011,7.60688453121963,0,1,1,1,1,0,0,0,0,0,0,26.400000000000002,77.77,0.31998769875545074,0.8661776577745025,0.6675932572499175,0.6082127348562051,0.6853758605934448,0.8660973603676614,0.7138560912937252,0.7283416919165263,0.015634212569225148,0.7340110275058647,0.3761672853869559,0.9507755533560065,0.7971453031423348,0.4199212476870352,0.7592211956752164,0.3808987025675702,0.480095990020042,1,0,inf,inf,0,0,1,0,1,1,1,0,7399,2848,248,1,3,1,1,1,2011,4.6,24,1
3.3,10.889999999999999,0,0,2189,7.691656822810547,0,1,4,0,1,0,0,0,1,0,0,26.21,76.64,0.07599638072720083,0.17282841442420072,0.7321647953583188,0.9858869805893654,0.5673685004635179,0.28532792317727185,0.5014888714074979,0.4433891070678302,0.4401382229481847,0.331261928705026,0.5413334868318462,0.8541939535340175,0.13893943772486883,0.22358385224570498,0.6758247372551607,0.6952660797460978,0.485374190489717,1,1,inf,inf,0,0,0,1,0,1,0,1,9226,4887,6,0,1,1,1,1,2189,3.3,2,1
3.1,9.610000000000001,0,0,2561,7.848543482456679,0,1,2,1,1,0,0,1,0,0,0,27.63,76.16,0.6367823657566821,0.5095249259925466,0.1328766951029271,0.16434340487193866,0.22069182999297776,0.8566786432232089,0.05072504912213982,0.6587991411818105,0.48424821868179935,0.2921443047059926,0.9721485725149975,0.15122712131533889,0.38993378002247236,0.619965541994277,0.46495461048298314,0.6260754348991188,0.9103116086863877,1,1,inf,inf,0,0,1,1,0,0,0,1,5975,2166,341,1,0,1,1,0,2561,3.1,43,0
4.5,20.25,1,0,5000,8.517393171418904,0,1,2,1,1,0,0,0,1,0,0,26.150000000000002,75.27,0.9920189066856412,0.36175928499648513,0.22980509665323046,0.7704128660264093,0.9584614093047599,0.24140869903276574,0.08491200925069431,0.9207851488870048,0.25340907087508724,0.7709124054093416,0.3629929693892392,0.8496367642313561,0.5376200209106397,0.659782194161408,0.4753176612760265,0.5548859494992053,0.11480891517643999,1,1,inf,inf,0,0,0,0,0,1,1,0,2203,1518,30,1,2,0,0,1,5000,4.5,9,1
4.7,22.090000000000003,0,0,970,6.878326468291325,0,0,4,0,1,0,1,0,0,0,0,27.830000000000002,77.88,0.3392878907025334,0.7369373596701788,0.10858891405985582,0.27480938468330995,0.46141938356734435,0.5379293531591849,0.5070941666922445,0.9636626821659282,0.12230590404883723,0.5800273896931882,0.606865727436752,0.639106881200308,0.19777964524474145,0.6333656644444622,0.40985577119201555,0.9063301851056578,0.11029973196388088,1,1,inf,inf,0,0,0,0,1,0,0,1,1226,1419,243,1,2,1,1,0,970,4.7,32,0
4.8,23.04,0,1,2918,7.978996370854115,0,1,2,1,1,0,0,0,0,0,0,27.16,77.43,0.3758613358430599,0.6222081914084127,0.23873930806970523,0.9627163551873922,0.6030997239834375,0.021205643309912925,0.9325714243652806,0.09529082970171388,0.06143319047626161,0.550914694052449,0.8216602838018712,0.07743871357136478,0.05688324646997389,0.7525439094771312,0.7027353706532469,0.9228533747513008,0.07409859191683688,1,1,inf,inf,0,0,0,0,0,1,0,1,3773,1735,118,1,0,1,0,1,2918,4.8,7,1
4.0,16.0,1,0,1153,7.050989447068045,0,1,2,1,1,0,0,0,1,0,0,26.14,76.35000000000001,0.8676858250356693,0.8181390519117636,0.9357308155379277,0.5417599214945155,0.38767300732106935,0.2777288611647176,0.8239170476693567,0.28938162091279296,0.20729052560151273,0.8710594211788225,0.24422654987088777,0.957587387516699,0.3389033823084717,0.8777809050502727,0.5278791037881237,0.32512886373305283,0.4347669640750499,1,1,inf,inf,0,0,0,0,0,0,0,1,8655,2965,197,1,1,1,1,1,1153,4.0,28,1
4.5,20.25,1,0,1999,7.600902459542082,0,1,3,0,1,0,0,0,1,0,0,27.07,77.5,0.14056295216065884,0.6614288943008858,0.31790670431277346,0.6380823296939256,0.297534682876589,0.0967107053188182,0.8816168090025199,0.15396969180271547,0.8624258419391432,0.25396896181282325,0.023074969320843297,0.9990098887887758,0.9104678704175939,0.8750098950232423,0.0754078786344955,0.15720685252864497,0.7151322962008979,1,1,inf,inf,0,0,0,1,0,0,1,0,3591,2653,283,0,0,1,1,1,1999,4.5,2,0
4.2,17.64,1,0,4855,8.487970332739334,0,1,4,0,1,0,0,0,0,0,0,26.3,76.18,0.7382552180666271,0.7503288602581457,0.7842635396603698,0.9168192313698028,0.5071799602682848,0.6478908678917163,0.2522946024215167,0.8553641426812143,0.43757816944805505,0.9405112995081617,0.5938239829279509,0.2322764728997495,0.5483171977282398,0.3441597352817295,0.05966157687685547,0.8000900739863945,0.8482845959577057,1,0,inf,inf,0,0,0,0,0,0,1,1,2319,509,312,1,3,0,0,1,4855,4.2,42,0
2.8,7.839999999999999,0,0,651,6.480044561926653,0,0,2,1,1,0,0,1,0,0,0,27.43,77.32000000000001,0.2655776773704439,0.22581835121235694,0.7130836980514013,0.9244365817860994,0.976497763666975,0.7189641835908636,0.8049196019985478,0.28136292165104937,0.6621841919519569,0.0789606815414281,0.0024781440920946807,0.3177334208799074,0.7733911647692103,0.6634420126354027,0.6892328385941735,0.567258809221083,0.04555629986652909,1,0,inf,inf,0,0,1,0,1,1,0,1,7507,3659,5,1,1,1,0,1,651,2.8,21,0
2.7,7.290000000000001,0,0,631,6.448889394146858,0,0,2,1,1,0,0,0,1,0,0,26.87,77.0,0.04529623289763496,0.6956948585990089,0.9786468187814836,0.7747836675070753,0.3901187815623487,0.31288396406362096,0.9772832018598832,0.9558060208879532,0.8543624541394255,0.9260095327415431,0.338333482357039,0.7146615922238828,0.6685311401373165,0.5950108811661424,0.04335519488509587,0.37145310731567716,0.805330090640523,1,1,inf,inf,0,0,1,1,1,0,0,0,5004,1957,10,0,2,1,0,1,631,2.7,2,1
3.7,13.690000000000001,0,0,1940,7.57095858316901,0,1,1,1,1,0,1,0,0,0,0,26.650000000000002,75.97,0.927774363565972,0.28266654646020306,0.48464731346542167,0.6974939751931825,0.7099519114079641,0.0020765725157714243,0.44133945660236185,0.8941276068468976,0.9515233050270315,0.017457932715412183,0.46876031835577925,0.7255482703640179,0.4055427744088821,0.12117204683476379,0.23142779064617314,0.6026280351008164,0.3034572062122597,1,1,inf,inf,0,0,0,1,0,0,1,0,9501,3612,134,1,2,0,1,0,1940,3.7,13,1
2.8,7.839999999999999,0,0,1705,7.441906728051625,0,1,2,1,1,0,0,0,0,0,0,27.7,75.88,0.4181894358705305,0.9073055071466557,0.9921986254872848,0.867590477394312,0.7604586864430037,0.3630855286136786,0.7083976437929371,0.2099621669222781,0.414754534963071,0.24715949682634186,0.3955222099143402,0.351657076957143,0.022394406222531638,0.44082062539376066,0.7356869425037716,0.9920227436951582,0.2663520368251676,1,0,inf,inf,0,0,1,1,0,1,0,0,6653,1985,202,1,1,0,0,1,1705,2.8,17,0
3.9,15.209999999999999,0,0,4898,8.496786381638575,0,1,2,1,1,0,0,0,0,0,0,26.68,75.09,0.24889626822113242,0.0012009177140342997,0.9965979406172912,0.8336680180223787,0.879502394274198,0.5635871759020166,0.6020769232684886,0.950285758342666,0.9079189514183432,0.9108177210541575,0.3248483029439678,0.40524462980912945,0.5276763494623001,0.1380380029124848,0.16477420445978685,0.34279156359415064,0.983920154460452,1,1,inf,inf,0,0,0,1,1,1,1,1,1583,3595,225,0,2,1,0,0,4898,3.9,2,0
3.3,10.889999999999999,0,0,4398,8.389132521348719,0,1,3,0,1,0,0,0,0,0,0,27.77,77.86,0.19298267256826218,0.19288970533838556,0.6860335107639917,0.7300726669069332,0.6593686574635385,0.5728065881123666,0.01684128140660357,0.3611403511363248,0.44229495019391263,0.8507088306136971,0.699020594108478,0.281740464623622,0.917066828215598,0.2619758541770699,0.0480466547586178,0.13702130767734466,0.7281678599230991,1,0,inf,inf,0,0,1,0,0,0,0,0,3656,4989,279,1,3,0,1,0,4398,3.3,28,1
3.5,12.25,0,0,4006,8.295798110636145,0,1,3,0,1,0,0,0,0,0,0,26.26,76.32000000000001,0.5864775439254035,0.8764573962204685,0.2555706414892074,0.9148456136477601,0.3275597685257289,0.1170370355517748,0.42714695806011316,0.1340190255061927,0.15668411957498563,0.096691067056481,0.10759785960640744,0.9941369305796118,0.47744758549794364,0.1772405175081042,0.6366122511699626,0.20696822496604972,0.46336443451675036,1,1,inf,inf,0,0,1,1,0,0,0,0,2972,1555,346,0,0,0,0,0,4006,3.5,1,0
4.9,24.010000000000005,0,1,1563,7.355001921105257,0,1,2,1,1,0,0,0,1,0,0,27.05,77.76,0.684032794987778,0.010697562776119218,0.18849863004309453,0.4265008067089485,0.802674738648412,0.5836718106299997,0.15223697757588117,0.5894133253469233,0.8114493002121005,0.38667539929846984,0.7124069858291414,0.7465360063889205,0.7166534845652974,0.1907936839282277,0.23721353417830293,0.6112616200466614,0.3509231643167736,1,1,inf,inf,0,0,1,1,0,0,1,0,1508,4622,218,0,3,1,1,1,1563,4.9,20,0
3.2,10.240000000000002,0,0,2317,7.748460023899697,0,1,4,0,1,0,0,0,0,0,0,27.8,77.89,0.06573121457777786,0.8386313100829269,0.46515687605571576,0.6035204099148916,0.9252123762755959,0.5634291704991773,0.10687259941196847,0.207223359330459,0.269333447281373,0.1652702374075662,0.9007444749526672,0.0034240735760188157,0.6267372304333668,0.3346164346184508,0.2746116912092017,0.2918870451161443,0.5829717912557304,1,0,inf,inf,0,0,1,1,0,1,1,1,6222,3098,336,1,3,0,0,0,2317,3.2,49,0
4.7,22.090000000000003,0,0,1209,7.098375638590786,0,1,1,1,1,0,0,0,0,0,0,26.78,77.36,0.17843620633417956,0.7793015702618816,0.1324229237930129,0.15922115858289498,0.27539498351580005,0.7342700741264637,0.3160694540259321,0.9122881144341397,0.7374846712850356,0.4232343535939227,0.0516297035336617,0.005203229233785578,0.17811602203031152,0.03103420942356061,0.5385544428972385,0.8985543998921989,0.8442067419126017,1,0,inf,inf,0,0,1,0,1,0,0,1,8528,2903,316,0,1,0,0,1,1209,4.7,26,1
3.9,15.209999999999999,0,0,31,3.4657359027997265,1,0,4,0,1,0,0,0,0,0,0,27.54,75.8,0.7387424436455955,0.16167196385719818,0.326495465470253,0.5375119048027052,0.719889481235873,0.6561385418700526,0.4098783961020065,0.7347999660628303,0.3335161544472792,0.498929968818967,0.4757642285427617,0.2630506407240931,0.18297006144285932,0.58603490301672,0.2103011472460099,0.3542951372902118,0.8288500628933521,1,0,inf,inf,0,0,0,0,1,0,1,1,8078,2720,62,1,2,0,1,1,31,3.9,2,0
3.2,10.240000000000002,0,0,188,5.241747015059643,1,0,3,0,1,0,0,0,0,0,0,26.36,77.09,0.038253557424625995,0.6790042043297505,0.0724295119691104,0.7822750695115204,0.08985730931027014,0.9282962543860356,0.8821955064467385,0.14499942203654181,0.45355157937250123,0.6406619735430714,0.8883812751837606,0.8672589916780692,0.16910245441977656,0.8156817846583226,0.6429048893568254,0.19495384502181123,0.7288155896613712,1,0,inf,inf,0,0,0,0,0,0,0,1,5816,344,301,0,1,1,0,1,188,3.2,49,0
4.9,24.010000000000005,0,1,2114,7.656810091480378,0,1,1,1,1,0,0,0,0,0,0,27.87,75.3,0.9871687589971317,0.38986824693174515,0.9315192054150104,0.21647031101747172,0.4186116585645051,0.8951100808336175,0.5604400589748357,0.19320768065841143,0.8906529624132111,0.7977304241097615,0.7379947784646471,0.19554281598277612,0.17349373015066627,0.164424261022309,0.16272787237054032,0.7945490875932513,0.35350089297594534,1,1,inf,inf,0,0,0,0,0,0,0,0,2623,4028,149,0,1,0,0,0,2114,4.9,25,1
4.2,17.64,1,0,1427,7.2640301428995295,0,1,4,0,1,1,0,0,0,0,0,27.900000000000002,77.72,0.8402485012719361,0.2510568924131892,0.3793902955486713,0.17201127870251298,0.5916433082220468,0.47377034018675823,0.436805349462683,0.5942229797874052,0.6905613950200138,0.79444657772538,0.32452968138335636,0.1700392154365883,0.020607097426358245,0.6528721350727801,0.1957205289865772,0.6225627874474606,0.7602140378560331,1,0,inf,inf,0,0,0,1,1,0,1,0,4803,1392,27,1,0,1,1,1,1427,4.2,2,1
4.7,22.090000000000003,0,0,4278,8.361474616416817,0,1,3,0,1,0,0,1,0,0,0,26.71,75.92,0.1125011460156653,0.308485415537753,0.7683270031675627,0.3384413933179986,0.006766452833383729,0.7193268487319302,0.15958516594637795,0.8134188489738917,0.9758719512838406,0.2146760126061117,0.29888221938020243,0.8762459715670932,0.718249102838478,0.7973768257960768,0.3444547089323803,0.6972006598035217,0.2625448853954696,1,1,inf,inf,0,0,1,1,1,0,0,0,2901,2155,194,1,2,0,0,1,4278,4.7,35,1
4.6,21.159999999999997,0,0,740,6.608000625296087,0,0,4,0,1,0,0,0,0,0,0,27.580000000000002,76.3,0.37430603191385303,0.7942772730943123,0.5017424591951238,0.21379786033152248,0.5516015435583397,0.5507377394980698,0.797524481334277,0.3926431558521374,0.7607623494076787,0.4128993790262613,0.3727163125537888,0.6687238743083062,0.5904280584457499,0.3747123481678023,0.17139818311315336,0.37350673741326634,0.6871212648126488,1,0,inf,inf,0,0,1,0,0,1,0,0,4318,3912,334,1,2,1,0,0,740,4.6,3,0
3.5,12.25,0,0,2282,7.733245646529795,0,1,2,1,1,0,0,0,1,0,0,26.650000000000002,76.51,0.4181741116874712,0.9549971821161439,0.182479238387516,0.1890367159880305,0.3598993134066196,0.9143803590014775,0.7276323508847391,0.4598885021915181,0.049973110010914534,0.7480682560002232,0.6951657026925783,0.5911786475799377,0.5605223496695068,0.6819560733495592,0.125819430355126,0.21121709116188914,0.612844971923714,1,1,inf,inf,0,0,0,0,1,0,0,0,8859,2856,277,1,0,1,0,0,2282,3.5,5,1
4.0,16.0,1,0,673,6.513230110912307,0,0,4,0,1,0,0,0,0,0,0,26.7,75.93,0.7227770484277702,0.18738319652145485,0.9775299223016851,0.03924769421215479,0.1261207124636382,0.5699441866680839,0.7707956029128068,0.42636911005727984,0.9087407896285142,0.6258151645411466,0.8315659289525783,0.03491052907227632,0.7321387923648817,0.9461204959111928,0.7084217481175284,0.6916574311888877,0.3332617162051432,1,1,inf,inf,0,0,0,1,0,1,1,1,7198,3474,145,1,1,1,1,0,673,4.0,2,0
4.3,18.49,1,0,2913,7.97728198675515,0,1,1,1,1,0,0,0,0,0,0,27.96,77.23,0.10845755215958541,0.5632649054963348,0.5142160172461898,0.06824305710196399,0.19515815840113915,0.07795205254379367,0.8451014645915124,0.12578073764441733,0.3960317981231788,0.6789414532647077,0.1760675792861558,0.42955679948707304,0.10522127697240513,0.3035796326752115,0.5697063577608282,0.10373813964708489,0.872217096645223,1,1,inf,inf,0,0,1,1,1,1,0,0,6660,3412,346,0,0,1,0,0,2913,4.3,26,1
3.5,12.25,0,0,1522,7.328437352895162,0,1,3,0,1,0,0,0,0,0,0,26.97,76.73,0.7827369369900642,0.28791883226073256,0.08846066526222596,0.8294738963781688,0.493280411698484,0.7513119019713196,0.6509066913885113,0.24531963095837883,0.5692259857563968,0.4093494564875525,0.670063669313433,0.5479562088427059,0.91960589034225,0.5452567522338102,0.9366845584332466,0.32905455425420693,0.7943040684398938,1,1,inf,inf,0,0,0,0,1,1,1,0,685,5,101,1,3,0,0,0,1522,3.5,14,0
3.9,15.209999999999999,0,0,1707,7.443078374348516,0,1,1,1,1,0,0,0,0,0,0,26.22,77.34,0.16687825809444412,0.7712676707903088,0.6670740686443067,0.5534346109555305,0.5329987642020847,0.7003914120661205,0.19525801523879882,0.4628551485914427,0.8439384885337234,0.06604339546186799,0.31751525376313205,0.43611295185852605,0.5615608163595875,0.7212951224064353,0.5833453627966259,0.7495736078295775,0.8331457291552272,1,1,inf,inf,0,0,1,0,0,0,0,0,1693,3138,66,0,3,0,1,0,1707,3.9,38,0
3.2,10.240000000000002,0,0,3973,8.287528423111763,0,1,2,1,1,0,0,0,0,0,0,27.53,76.07000000000001,0.6821807837656502,0.462467426041937,0.42685122065768655,0.0554517815149993,0.5208144998501331,0.944349356835396,0.9959636258881445,0.0040340782969841005,0.5203508785161692,0.28980947255704237,0.09446067369170741,0.27372739312317285,0.8267050679282182,0.8261298509400461,0.8244432862446442,0.6955806286409297,0.9739474803553314,1,1,inf,inf,0,0,1,0,1,0,0,1,614,2142,302,1,1,1,1,0,3973,3.2,38,0
3.0,9.0,0,0,2495,7.822444729489319,0,1,2,1,1,0,0,1,0,0,0,27.35,77.34,0.44304784126671826,0.37175804790227696,0.7741372440245518,0.6670737908195419,0.7360497940235451,0.292951217750818,0.7800122423462061,0.5084069951072498,0.2996805737228594,0.45146306704320804,0.7837015783602154,0.10030088163642137,0.01653928817958228,0.4868892592282549,0.3273876941699929,0.5682532262342539,0.35033101556502433,1,0,inf,inf,0,0,1,1,0,0,0,0,7121,3946,88,0,3,1,1,1,2495,3.0,37,1
3.3,10.889999999999999,0,0,953,6.860663671448287,0,0,2,1,1,0,0,0,1,0,0,26.2,76.65,0.8701689321328101,0.5268774542473326,0.7267000859191232,0.058140957776026014,0.7616438688652432,0.9366984756293859,0.30688668792169327,0.053582530735894585,0.6282625995080027,0.6665471154388235,0.384675042323679,0.02638285902692139,0.8133553309641339,0.7863928844289493,0.18697676274508213,0.5311420043502583,0.014423474041832529,1,1,inf,inf,0,0,0,0,1,1,1,1,5711,4651,243,0,2,1,1,1,953,3.3,0,0
2.9,8.41,0,0,4512,8.414717399827001,0,1,2,1,1,0,0,0,0,0,0,27.94,75.62,0.1807132585005894,0.8927425787855202,0.9780515991193892,0.7062285885361433,0.030952921962641655,0.2614128212605966,0.5935926414305289,0.6451051531940737,0.1620459247913013,0.6389072183640016,0.7661998578900381,0.8518724690538046,0.1841572597425023,0.05607742019821038,0.89253246888417,0.26098099275526343,0.36542691724973664,1,1,inf,inf,0,0,1,1,1,1,1,0,6615,846,148,1,0,1,1,0,4512,2.9,34,1
4.5,20.25,1,0,3368,8.122371243406553,0,1,3,0,1,0,0,0,0,0,0,26.72,77.99,0.772707792241709,0.8202184216696032,0.8190011538748247,0.7849479145536702,0.9058111582765187,0.2872664364214286,0.5948088619164801,0.4878095907809109,0.5703889665003595,0.3678508025424626,0.587351733404456,0.5423318602336256,0.40698515820963477,0.7349653871534707,0.7586286833894668,0.3660247956351045,0.7490373154470531,1,1,inf,inf,0,0,1,0,0,1,1,0,1849,316,85,1,2,0,1,0,3368,4.5,21,1
5.0,25.0,0,1,4127,8.325548307161398,0,1,1,1,1,0,0,0,1,0,0,26.38,76.93,0.5927116033770835,0.9953748215903993,0.8605482819336705,0.1719752479423402,0.7240408679703734,0.2093676330858908,0.951279277234564,0.29701054385269543,0.9296045690372836,0.8478583256731984,0.46702799062395217,0.7869706067735597,0.9171015123614129,0.65726121716448,0.533635229163322,0.5309201239486189,0.514912666607196,1,1,inf,inf,0,0,0,0,0,1,1,1,3625,3053,132,1,3,0,0,1,4127,5.0,14,0
5.0,25.0,0,1,202,5.313205979041787,0,0,3,0,1,0,1,0,0,0,0,27.85,77.96000000000001,0.974097135251733,0.005754664075636962,0.28279832288469464,0.39849041599502955,0.7580304607726778,0.34358307136047717,0.07796350005918262,0.22089015720663585,0.8030937325993942,0.19120028731776406,0.23073897425222745,0.881863969982012,0.9009344457387122,0.5227397435153844,0.3423037947461335,0.5101729746082356,0.5118483447514982,1,1,inf,inf,0,0,1,1,0,0,1,1,4534,4391,120,0,3,0,0,1,202,5.0,4,0
4.3,18.49,1,0,1982,7.592366128519796,0,1,4,0,1,0,0,0,1,0,0,26.71,77.83,0.026624598368688024,0.34462705055944687,0.007785842273963284,0.9555859970103662,0.43049108028459704,0.6148143234406105,0.45627656804563843,0.1308543849327608,0.13444584984548824,0.9561925855754164,0.24088935761490005,0.9501224369252057,0.533598094893352,0.9721155735016208,0.4732261024630535,0.7829719599208191,0.02729939530183989,1,1,inf,inf,0,0,1,0,0,0,0,0,3731,4442,333,1,2,0,1,0,1982,4.3,43,0
2.7,7.290000000000001,0,0,2940,7.9865049385539955,0,1,3,0,1,0,0,1,0,0,0,27.93,75.22,0.8545736526904066,0.5606683090779253,0.9829098770609765,0.9696027862037373,0.7757987447190088,0.2675182347339765,0.6960830450603932,0.8431219276912847,0.25743194955790616,0.9634213916510909,0.09691721227413086,0.19573540837237047,0.9209655992144428,0.03171371453104466,0.040204568327630974,0.6721653261924332,0.21299936632106609,1,1,inf,inf,0,0,1,0,0,1,0,0,3697,63,301,0,3,1,0,1,2940,2.7,28,1
4.9,24.010000000000005,0,1,3174,8.063062911326792,0,1,1,1,1,0,1,0,0,0,0,26.73,75.48,0.1794937018928121,0.40721526196677915,0.7260042832038206,0.6610458950643218,0.19213986574213138,0.6112229290323737,0.11454628260075284,0.6735543527915665,0.04026208564947453,0.303197277629335,0.5244065495116713,0.08035519366689159,0.6419909959639761,0.22715158620361098,0.7858816485946506,0.3289418177126173,0.9599350597234528,1,1,inf,inf,0,0,1,1,1,0,1,0,7812,3716,278,1,1,0,1,1,3174,4.9,8,1
4.3,18.49,1,0,3985,8.29054350077274,0,1,3,0,1,0,0,0,0,0,0,27.8,76.31,0.20251172124080552,0.8497240750703491,0.3253787595145722,0.6043290296167843,0.359679284543021,0.8930421088490695,0.4780202712824537,0.16551570458931475,0.5930580729131788,0.4447520741379415,0.6715989066663752,0.5815684105683592,0.6909296584107499,0.4579376917027369,0.567996323924012,0.7536210179952263,0.054848555014510025,1,0,inf,inf,0,0,0,1,0,1,0,1,4431,3857,28,0,3,0,1,0,3985,4.3,36,1
3.4,11.559999999999999,0,0,283,5.648974238161206,0,0,3,0,1,0,0,1,0,0,0,27.810000000000002,76.5,0.6108157088702839,0.5786292320879407,0.0633634287926853,0.7406320370333263,0.8912592161835137,0.34290995079310616,0.09822168637854956,0.7363884313754948,0.8070935454483368,0.8313993625120822,0.1597696957035738,0.24505940186095132,0.24102641391837087,0.9290900756611211,0.0961530425579522,0.08416399857972512,0.6722759268115033,1,1,inf,inf,0,0,1,0,0,1,1,1,9030,3747,149,1,0,1,0,0,283,3.4,48,1
2.6,6.760000000000001,0,0,1682,7.428333194190806,0,1,4,0,1,0,0,0,1,0,0,26.01,76.2,0.2500037445038181,0.4663352985588566,0.9031463882100479,0.1981152376991403,0.6058244393091207,0.7178521384689164,0.4469756221937309,0.9488846717794337,0.07305777857078077,0.27819569421730006,0.36650227535364666,0.26723956748348754,0.32483921777387637,0.39627152808418253,0.5798905395036816,0.918488676361237,0.2963678876146465,1,1,inf,inf,0,0,1,0,0,0,0,1,2429,3732,276,0,1,0,1,0,1682,2.6,29,1
3.9,15.209999999999999,0,0,1268,7.1459844677143876,0,1,4,0,1,1,0,0,0,0,0,27.080000000000002,75.31,0.6405176964645644,0.39343650935622887,0.9696522272107725,0.6333936331523453,0.6319545771418775,0.7385465019260595,0.5572536342712252,0.5678381777337758,0.32207378074877613,0.1482352386268606,0.9652789142369813,0.19982503641162885,0.6515415428673549,0.6631097704469336,0.8862189009315994,0.21103210817517204,0.8632778794832665,1,0,inf,inf,0,0,0,0,1,0,0,1,1128,1907,132,0,1,1,1,1,1268,3.9,43,0
3.2,10.240000000000002,0,0,1723,7.452402451223638,0,1,1,1,1,0,0,0,0,0,0,27.03,77.51,0.25027167794302585,0.2530115217190152,0.8611163144010698,0.021666366777455814,0.95062294531152,0.9027413926105339,0.36299922858784583,0.5039111219347434,0.15523262124662796,0.6898690106127563,0.14685137685896188,0.47563770996168797,0.5089456380864265,0.06809686201162157,0.1777815151348182,0.5555509016887089,0.6043041173835734,1,0,inf,inf,0,0,1,0,0,0,0,0,8912,3901,217,0,1,1,1,1,1723,3.2,26,1
3.6,12.96,0,0,4835,8.483843211734683,0,1,1,1,1,0,1,0,0,0,0,26.44,77.82000000000001,0.9471798298538958,0.6519023668841808,0.1939994878276542,0.21767163725102623,0.8949007916667419,0.2738882261878268,0.252163262717916,0.8818558287702489,0.9005170349762863,0.02116672966265365,0.2709794031954078,0.4855759082732618,0.00867316106108107,0.7456068638229161,0.3943129986899806,0.6354584335455639,0.6284571249106956,1,1,inf,inf,0,0,1,0,0,0,1,0,7892,1803,359,1,0,1,1,0,4835,3.6,14,0
4.2,17.64,1,0,2456,7.806696372521179,0,1,4,0,1,0,0,0,0,0,0,27.62,75.10000000000001,0.16733166609414885,0.11902728826280451,0.781046960020604,0.5389223804168292,0.11479230811500685,0.7971466136563222,0.2595773048738722,0.45622222440879,0.43247074420828324,0.46211143670698296,0.46847252781313553,0.08585851817063472,0.47761100818926105,0.6787349050605053,0.808256478237669,0.8466793051262863,0.3082882214636147,1,1,inf,inf,0,0,0,0,1,0,1,0,6740,4659,109,0,2,1,0,0,2456,4.2,13,1
3.3,10.889999999999999,0,0,1507,7.318539548567902,0,1,4,0,1,0,0,0,0,0,0,27.41,75.99,0.5265818271122215,0.9356925469956882,0.27520117183569903,0.22398178057141016,0.10184186162092845,0.15112812418249022,0.5694553860597196,0.4564040975721476,0.7529052620919627,0.6287567556359522,0.4176518297265923,0.7310882167437964,0.34849542161706704,0.6080888139300231,0.940770117777966,0.2235212864509607,0.7122605770976742,1,0,inf,inf,0,0,1,0,0,0,1,0,4761,2689,11,0,0,0,1,0,1507,3.3,35,0
3.4,11.559999999999999,0,0,2216,7.7039102096163115,0,1,2,1,1,0,0,0,0,0,0,26.48,75.56,0.7274083605649434,0.9697857298466965,0.08879638957077474,0.6941680188148053,0.42337360645564004,0.019317576066156472,0.44962683857885144,0.9705287259520416,0.910170043893007,0.8703729426712471,0.8464958032358357,0.7865859827368942,0.6037452330293286,0.6730761064246866,0.2440934016328753,0.4889997382913496,0.9531941971996744,1,0,inf,inf,0,0,1,1,0,1,0,1,4686,4398,259,0,3,0,1,1,2216,3.4,11,0
2.8,7.839999999999999,0,0,1371,7.22402480828583,0,1,4,0,1,1,0,0,0,0,0,27.68,76.86,0.7376657309907556,0.29995321620033644,0.9902645480037778,0.34699827798994476,0.3179946418649189,0.46049394767608676,0.8267051275631043,0.18596467012921225,0.9575238614065402,0.7506497044302245,0.6152162606316134,0.7534480264304599,0.3383247512858426,0.7639168222687757,0.9048247951701637,0.7559557588419696,0.41372282478652733,1,1,inf,inf,0,0,0,1,0,1,1,0,8031,646,64,0,1,1,0,1,1371,2.8,30,0
4.6,21.159999999999997,0,0,1897,7.5485559791698735,0,1,1,1,1,0,0,1,0,0,0,27.14,76.58,0.11813062466597757,0.4760686539975356,0.9931008908102961,0.6872326127899495,0.07379210247738632,0.8288143410000534,0.9648720019182064,0.7909563615351066,0.2956431743032557,0.6030883071071935,0.44506562281290596,0.8084365508140927,0.48460023006956143,0.22874110405948278,0.14556979792543923,0.6924321943908821,0.5992057249695582,1,1,inf,inf,0,0,1,0,0,1,1,0,671,1321,114,0,3,1,1,0,1897,4.6,10,0
4.6,21.159999999999997,0,0,4775,8.471358655072438,0,1,3,0,1,0,0,0,0,0,0,26.26,75.77,0.7774936382229072,0.6355287281271247,0.6173147183497033,0.7441101979743481,0.9417038117309748,0.5398582865638901,0.8804815700619767,0.7778488093239505,0.32972466505915654,0.8176414936644684,0.9721370723317629,0.7259004767451934,0.5274051481351902,0.6537885975018165,0.37101311589816854,0.20766166354973914,0.5272732419631897,1,1,inf,inf,0,0,1,0,1,0,0,0,1771,2169,225,1,3,1,0,0,4775,4.6,24,0
2.9,8.41,0,0,4875,8.492080490601163,0,1,1,1,1,0,0,0,0,0,0,26.04,77.62,0.47078779867334586,0.9525237256100828,0.8712686208788217,0.13249488322770486,0.08607840545902778,0.9093665697554429,0.39386995753807397,0.9805821012133292,0.4848679944360381,0.7971172538705374,0.8595192815412797,0.7950856125989123,0.8945904152018643,0.26558748595475534,0.3865791657191413,0.9418573745128512,0.15826088913167058,1,1,inf,inf,0,0,1,0,1,0,1,0,6961,3122,342,0,1,0,0,1,4875,2.9,17,0
3.5,12.25,0,0,1271,7.148345743900068,0,1,2,1,1,1,0,0,0,0,0,26.19,75.95,0.8355478553489862,0.39955952164282194,0.4532242063709818,0.751664162796585,0.19955207104594785,0.20821334312843653,0.24639879517610275,0.229151407998487,0.0684561895721375,0.41208049428291516,0.3367315786814826,0.908267138535884,0.6225263080906027,0.7550694057497271,0.6274549603753534,0.7652704258948182,0.5099286934780095,1,1,inf,inf,0,0,0,0,0,1,1,1,8473,1670,67,0,0,1,0,0,1271,3.5,41,1
2.5,6.25,0,0,4154,8.332067707289548,0,1,2,1,1,0,0,0,0,0,0,27.810000000000002,77.14,0.752568344296297,0.7379368409110146,0.6337343132790976,0.7922239684601297,0.11920367755485206,0.25200294897235287,0.6494513300636549,0.12412999575740391,0.8413919301737436,0.24250977746465974,0.45462922819169593,0.8795703760711406,0.6245071273970105,0.035224756723449935,0.9631381164605677,0.19280256191702327,0.04979253979892828,1,0,inf,inf,0,0,0,0,1,1,1,1,4035,3478,110,0,1,1,1,1,4154,2.5,44,0
3.1,9.610000000000001,0,0,4523,8.41715183723601,0,1,1,1,1,0,0,0,0,0,0,26.38,77.42,0.44108492883823913,0.7199385212440929,0.5734148211884619,0.2802600040023472,0.702449751531406,0.6540162600081213,0.4677552501169506,0.44538771441813996,0.9597700220177439,0.20227862951974895,0.010515862152650102,0.33286895833992813,0.14550359036924276,0.6282879630325914,0.8809619364574193,0.2395745692831307,0.10443583255199662,1,1,inf,inf,0,0,1,0,0,1,0,0,8696,706,170,1,1,1,1,1,4523,3.1,39,0
3.8,14.44,0,0,2971,7.99699040583765,0,1,2,1,1,0,0,0,0,0,0,27.23,76.57000000000001,0.6071158741712804,0.3788863761035749,0.7332535349579256,0.6131782977914346,0.11869556810209925,0.24479755591843033,0.18100449449005307,0.29598021191762647,0.5397831861956887,0.7247283489847864,0.7276148004066919,0.3935211250845322,0.3791370557437257,0.5406033772062268,0.12561160558768036,0.9656140484452581,0.9234980842361256,1,0,inf,inf,0,0,0,1,1,1,0,0,6252,66,67,0,1,1,0,0,2971,3.8,39,1
4.7,22.090000000000003,0,0,1735,7.459338895220296,0,1,2,1,1,0,0,0,0,0,0,26.810000000000002,77.88,0.43827718480582767,0.07472784992517467,0.18286508587775452,0.38842609873443823,0.45554797448287065,0.14678056367502879,0.9272896648377352,0.6532370794002741,0.2683735651995157,0.11070353464904159,0.7713340778271579,0.3618978209904665,0.8473782239695121,0.6416928321972386,0.6032355364582638,0.6555848385518716,0.5258192206140992,1,1,inf,inf,0,0,1,0,1,0,1,0,6615,1944,10,1,2,0,1,1,1735,4.7,16,0
2.7,7.290000000000001,0,0,3696,8.215276958936633,0,1,1,1,1,0,0,0,0,0,0,26.810000000000002,75.86,0.8684884302006798,0.4979730305995146,0.8042136819157716,0.6829742620536797,0.7393329404107306,0.6647885503168881,0.9332115335780967,0.2671842891014714,0.8817449260554264,0.33991155010637886,0.6957439321277498,0.17672422878044125,0.3072757689854937,0.11082952610042462,0.7027853893623282,0.12842317296401906,0.5759430010187601,1,1,inf,inf,0,0,0,1,1,0,0,0,2862,1291,94,0,3,0,0,1,3696,2.7,33,1
3.2,10.240000000000002,0,0,3456,8.148156439921625,0,1,4,0,1,0,0,1,0,0,0,27.62,76.94,0.06117880553613586,0.29726478121551947,0.9002331677877515,0.0626989685163788,0.4081114583324812,0.5121823514722135,0.24683101346477931,0.24180258052267256,0.49537127545440107,0.869212419481799,0.27135029523951815,0.21303492350212117,0.6634211523340445,0.21189230297499073,0.2327234079383509,0.9584672397903103,0.1648412265612874,1,1,inf,inf,0,0,1,0,1,0,1,0,7998,1993,87,1,3,0,1,1,3456,3.2,45,0
2.8,7.839999999999999,0,0,3738,8.226573474977114,0,1,3,0,1,0,1,0,0,0,0,26.5,77.63,0.47776040301138833,0.5417872200065946,0.28284550673529996,0.05570319298818893,0.9954346380305116,0.8004680945135751,0.2217478827189613,0.8330906745493802,0.6005354900379345,0.048017822019362,0.7204298695631296,0.44463212049604395,0.3052821710649638,0.3065733686105331,0.6982390215879569,0.2032397497261147,0.6143148897387049,1,0,inf,inf,0,0,1,1,1,1,0,1,4615,445,173,1,2,1,0,1,3738,2.8,4,0
4.1,16.81,1,0,799,6.684611727667927,0,0,2,1,1,0,0,0,0,0,0,26.7,77.5,0.9983281923383013,0.05622166362464254,0.23864750913157706,0.17413044118869014,0.8969336659551738,0.15061049803105764,0.4600112979452101,0.4301495091046288,0.09906158800026832,0.9933914095404565,0.33099028213502113,0.5518784394316778,0.3433181689676983,0.09614609304655852,0.1414774039450606,0.9427632755536987,0.5331585448877288,1,0,inf,inf,0,0,1,0,0,0,1,0,8634,4010,66,1,2,1,0,0,799,4.1,8,1
3.6,12.96,0,0,2383,7.776535028185241,0,1,3,0,1,0,0,0,0,0,0,27.03,77.67,0.6362052240709418,0.15380831159725095,0.9513859996482023,0.8730864351839864,0.5849906011547253,0.1772337291594136,0.7210275212614587,0.4989275744073194,0.32029712862167636,0.7586793696978335,0.3912275653302191,0.6794590481242987,0.09007727148035738,0.951919111509075,0.7081887120604085,0.06386546724174136,0.3944907392261954,1,1,inf,inf,0,0,0,1,0,1,0,1,4380,888,112,1,1,1,1,1,2383,3.6,6,0
3.9,15.209999999999999,0,0,4342,8.376320632534823,0,1,2,1,1,0,0,0,0,0,0,27.150000000000002,75.53,0.05541749077707003,0.3844132431978189,0.6606525346546558,0.26821109326666503,0.49319149908849846,0.5162535592407798,0.8416081924866066,0.04273250786728744,0.5142374067279784,0.7269335423667529,0.7744883881923916,0.3931570218555025,0.5721713012312817,0.6010309876088601,0.10341535468438201,0.7520083698470948,0.9156389945360599,1,1,inf,inf,0,0,1,0,1,0,1,0,4293,306,7,1,2,0,1,1,4342,3.9,39,1
4.0,16.0,1,0,3280,8.0959035329611,0,1,3,0,1,0,0,0,0,0,0,26.75,76.81,0.07455623234734299,0.07346341059146921,0.19900915880486902,0.6802794997259038,0.9972825300685647,0.4170337898795977,0.8314817341703906,0.49417808987093015,0.47563545389999595,0.2183111405876933,0.7811773646718362,0.06116255666649639,0.5751245832857388,0.48976126235084283,0.8729579514037734,0.07623656967326253,0.1034078442646158,1,0,inf,inf,0,0,0,1,1,1,0,0,1184,2238,337,1,1,0,0,0,3280,4.0,27,1
3.0,9.0,0,0,4196,8.34212526333359,0,1,2,1,1,0,0,0,0,0,0,27.66,76.85000000000001,0.6996795808200437,0.3768325109664178,0.5334047879328022,0.34634190323198866,0.3966557482501234,0.9480307805945535,0.19577751862444215,0.7211620586725468,0.05528093945286172,0.4321893306065583,0.37291308371937315,0.1987475680549382,0.053082552546148576,0.140059088203224,0.13195003391010784,0.5332346467810107,0.31235270883231225,1,1,inf,inf,0,0,0,0,1,0,0,0,2544,500,205,0,1,1,0,0,4196,3.0,13,0
2.6,6.760000000000001,0,0,1606,7.382124365737512,0,1,2,1,1,0,0,0,1,0,0,27.47,77.22,0.250428545183911,0.8328377537680584,0.9574810330984873,0.3279702083523749,0.6788750399221957,0.6195203241747405,0.6498015607145323,0.06248928213102567,0.29279446597675285,0.5737129278670927,0.8037719121182659,0.9438212146446865,0.530950318960105,0.3293971372655876,0.18464181584129713,0.8294272393319106,0.24426739806804254,1,1,inf,inf,0,0,1,0,0,1,1,0,8195,3621,126,1,0,0,0,0,1606,2.6,17,0
5.0,25.0,0,1,1780,7.484930283289661,0,1,1,1,1,0,0,0,0,0,0,26.32,75.11,0.05816115261021715,0.3102624978642401,0.4225522612822027,0.8310466815076955,0.21941410841883224,0.676866317528501,0.8803853499258854,0.8910686469975847,0.15309319833038282,0.7176564406318555,0.6269627367715251,0.8434111253822415,0.2957089933796565,0.2044356857556735,0.37836079788158505,0.7975561751104834,0.9375983030426589,1,1,inf,inf,0,0,1,0,1,0,1,0,8239,3667,34,1,2,0,1,1,1780,5.0,45,0
4.2,17.64,1,0,1727,7.454719949364001,0,1,1,1,1,0,0,0,0,0,0,27.87,76.35000000000001,0.7910598011922177,0.9034519404463963,0.4684412387421022,0.06890684323661855,0.4921807628895979,0.5575662999154076,0.43509804135157604,0.2058559968682323,0.5265084463552918,0.688888741062487,0.14726703795005425,0.8712683153655018,0.022394002195799234,0.10457178949495638,0.2336652491351371,0.983194724402628,0.45792311544500597,1,1,inf,inf,0,0,1,1,0,0,1,1,9410,1984,151,1,1,0,0,0,1727,4.2,13,0
4.2,17.64,1,0,2527,7.8351837552667485,0,1,3,0,1,0,0,0,0,0,0,27.14,77.78,0.2656757003192739,0.2111570014031856,0.4517384542879074,0.3679676871333768,0.7358087183830726,0.9637900031033032,0.12537412423288297,0.6994571264017307,0.05395807984794221,0.20336579823165013,0.2967386748130785,0.23755112879595242,0.665645597158596,0.5625654277154233,0.5252333809171625,0.5319084456174467,0.42643981670369113,1,1,inf,inf,0,0,1,0,0,1,0,0,588,3711,190,0,1,0,0,1,2527,4.2,30,1
2.9,8.41,0,0,2367,7.769800996003896,0,1,1,1,1,0,0,0,0,0,0,26.16,77.04,0.189314547157596,0.5972619399568665,0.5880084578286837,0.841959636239603,0.6916414981429757,0.8824229703022713,0.5548473560014147,0.36056728970159346,0.8518872392158237,0.06143736859723692,0.6634089022296747,0.015554200351275416,0.7243642000050652,0.48401529918731245,0.4314169572773978,0.43664509151337383,0.658437246577126,1,0,inf,inf,0,0,1,0,1,0,0,1,9271,1708,101,0,3,1,0,0,2367,2.9,17,0
2.7,7.290000000000001,0,0,3752,8.23031079913502,0,1,1,1,1,0,0,0,1,0,0,27.66,77.14,0.2075545491948041,0.6446328052807001,0.3416562533456221,0.7338256103317027,0.44460860539242153,0.17054930204889818,0.8893984978308209,0.8522249185827921,0.08610391027170716,0.713804198183327,0.4763240553660234,0.7756515530095449,0.12368937029242055,0.7607530093627817,0.5696134320575313,0.07252413798170498,0.9583365927548839,1,1,inf,inf,0,0,0,0,0,1,1,1,8277,4488,141,0,0,1,1,1,3752,2.7,35,1
3.2,10.240000000000002,0,0,3278,8.095293776844649,0,1,1,1,1,0,0,0,0,0,0,27.85,76.66,0.6361629844729189,0.39903841108169935,0.5627989400787679,0.6682345069989535,0.3439917962246727,0.43937353293335213,0.7011344867012795,0.46177434859386135,0.36882259277653673,0.057389884732234275,0.3102831723361733,0.32625851599086564,0.2642955080115491,0.41734600014301404,0.5325833273716165,0.3086875819689996,0.96578556353799,1,1,inf,inf,0,0,1,0,1,0,0,0,6557,222,307,1,1,1,0,0,3278,3.2,38,0
3.6,12.96,0,0,4289,8.364042011922063,0,1,1,1,1,0,0,1,0,0,0,26.650000000000002,77.21000000000001,0.2879959630915573,0.9413226848273981,0.09194538217448567,0.7071387744097228,0.6473052179918021,0.04188587161708901,0.11731852852256774,0.14534973334632295,0.5381421544218442,0.19111599441546356,0.9414823640153943,0.5871399503165246,0.2139022360031777,0.9639462164229263,0.5367488684038706,0.5813074778707292,0.6590784263211072,1,1,inf,inf,0,0,0,0,0,0,1,0,5872,2770,229,0,3,0,0,0,4289,3.6,29,1
3.2,10.240000000000002,0,0,1863,7.530479995245536,0,1,2,1,1,0,0,0,0,0,0,26.78,75.39,0.36151762660218467,0.19383770661533417,0.09672738128260716,0.8736109470787324,0.0500253993161921,0.4931730125243676,0.8188052452456771,0.8656852427741234,0.43121668394107326,0.37990863912673467,0.412051969964918,0.5462567233520008,0.5712311393052673,0.701181325441918,0.5243130351306499,0.06417320560698436,0.35636986466399045,1,1,inf,inf,0,0,1,0,1,1,0,0,5594,4984,289,0,1,0,0,1,1863,3.2,21,0
3.2,10.240000000000002,0,0,3865,8.259975659768276,0,1,2,1,1,0,0,0,0,0,0,27.17,75.5,0.2090617595028833,0.47164126639202664,0.5311141127115984,0.11234341897996547,0.24028413307854746,0.44894731245195785,0.2329215113878147,0.9644108351185088,0.857399187484538,0.4302740323131856,0.9264922935068148,0.5346209964702203,0.005087799839040841,0.0428751323481491,0.062373596121040986,0.31407825508612297,0.23664104474832048,1,1,inf,inf,0,0,1,0,0,0,0,0,3258,2624,257,0,1,1,0,1,3865,3.2,17,0
4.6,21.159999999999997,0,0,2955,7.991592282068092,0,1,3,0,1,1,0,0,0,0,0,26.57,77.86,0.19378119924090131,0.014099301734507796,0.3564886018154728,0.4301470586645769,0.5044195476193785,0.8692274026689102,0.24776536715221587,0.8363239499526449,0.8293269809884996,0.6818539315348453,0.18053028595024156,0.9380763916900048,0.4280895276365546,0.965397336429857,0.3228262913894847,0.039824490516095934,0.415528576328399,1,0,inf,inf,0,0,1,0,1,0,1,1,219,2903,136,0,2,0,1,1,2955,4.6,6,0
3.5,12.25,0,0,1415,7.255591274253665,0,1,1,1,1,1,0,0,0,0,0,26.09,75.95,0.5727957885507997,0.073355717122782,0.1579032713215539,0.09934114680083028,0.523587400354883,0.699106030023058,0.2264232183042575,0.9448323468168289,0.7822867126887214,0.4111570214908329,0.6848619023689608,0.49762991702830617,0.42588264744646454,0.0272414040609823,0.91663028231489,0.33952212596228304,0.7459175158989599,1,0,inf,inf,0,0,1,0,0,1,1,1,3134,4881,213,0,1,1,1,1,1415,3.5,17,1
4.5,20.25,1,0,1315,7.182352111885263,0,1,3,0,1,0,0,0,0,0,0,27.38,76.76,0.6533862234214732,0.983925188092342,0.2662137478266253,0.0263076998829338,0.9121658004989281,0.747910253036997,0.0984477041422388,0.2370393057791631,0.9822760121664809,0.3809023328790718,0.5289561417455814,0.02553885094150521,0.37033999800083717,0.9617064886179092,0.1505214574164453,0.9766201055741922,0.17748501823848994,1,1,inf,inf,0,0,0,1,0,0,1,1,6254,2152,100,1,2,0,0,0,1315,4.5,45,0
5.0,25.0,0,1,1111,7.013915474810528,0,1,2,1,1,0,0,1,0,0,0,26.84,76.68,0.5546605876757342,0.7384078288492391,0.31525959041981255,0.887767983747231,0.5797404315276613,0.04898979882011101,0.8653876545690562,0.7783085699292035,0.6524524167435866,0.5048027666119639,0.9244975965603056,0.5052868732544455,0.7940681747903621,0.44678048186950614,0.3845004376160761,0.026773718553779413,0.7103161721895648,1,0,inf,inf,0,0,0,0,1,0,1,1,6388,3316,204,1,1,1,0,1,1111,5.0,14,0
3.6,12.96,0,0,4043,8.304989580140361,0,1,1,1,1,0,0,0,0,0,0,27.400000000000002,77.78,0.04268514740271867,0.06084550817323575,0.6054622944708715,0.07732013590711806,0.15919760164125207,0.8170026679487977,0.33336261447404647,0.39372563606638933,0.3122920221239255,0.29773858556787425,0.11635540980077608,0.4476633569021681,0.3243618685019507,0.8979587202265815,0.3051849994324338,0.5148672269025548,0.7581836564813552,1,0,inf,inf,0,0,0,0,1,1,0,1,2569,2571,175,0,2,1,0,1,4043,3.6,45,1
3.1,9.610000000000001,0,0,4573,8.428143374582726,0,1,3,0,1,0,0,1,0,0,0,27.37,77.02,0.5205942110955375,0.7185610682876985,0.21834379147565475,0.8441494126346129,0.39953476740340177,0.8748276820845424,0.21559139307922992,0.5410615700547283,0.976821678643947,0.7820280246760337,0.7753930575801616,0.47156479362087145,0.13912154767088447,0.45780200599441967,0.562776506953041,0.556578109020691,0.13945208132164755,1,1,inf,inf,0,0,0,0,0,1,0,0,6719,3431,332,1,2,0,1,1,4573,3.1,26,0
3.8,14.44,0,0,1686,7.430707082545968,0,1,2,1,1,0,1,0,0,0,0,26.240000000000002,77.24,0.4920306847685919,0.6746702106573658,0.7625811402325776,0.86047565787464,0.12744808101963168,0.66378660046583,0.3150407688001228,0.9990907283291218,0.0980058585542708,0.4740869237221602,0.937465433615176,0.6895522439050118,0.07876611266310529,0.5828044275095551,0.5553959041030203,0.7812448782293814,0.7466117914784047,1,1,inf,inf,0,0,1,1,0,1,0,1,8867,698,239,1,2,0,1,1,1686,3.8,11,1
3.3,10.889999999999999,0,0,4212,8.345930261979017,0,1,4,0,1,0,0,0,1,0,0,27.51,77.39,0.1338846287617551,0.2838051883923335,0.8486690233751994,0.7922391049685785,0.507788215322885,0.5263482859905284,0.7953623658322619,0.25748077996691854,0.33365224637770163,0.6192406462243105,0.8818182938176181,0.2626285071202238,0.8856063151413477,0.889738779161415,0.5254123787010898,0.32167451890020604,0.698290914720271,1,1,inf,inf,0,0,0,0,0,0,0,0,9467,3133,149,1,2,0,1,1,4212,3.3,37,0
4.0,16.0,1,0,168,5.1298987149230735,1,0,2,1,1,0,0,0,1,0,0,26.330000000000002,77.09,0.7385218614263025,0.054131886430690446,0.8407895017635723,0.46982311452356296,0.8946600855966217,0.42695193111765606,0.5084438753058514,0.4343421236595567,0.9796387534343467,0.35666016930738154,0.6070117803328526,0.11555834710113966,0.3149196732883427,0.37939432251666727,0.923917424765517,0.628913017960667,0.062132505585808406,1,1,inf,inf,0,0,1,1,1,0,1,1,9472,3574,24,1,3,1,0,0,168,4.0,2,1
3.2,10.240000000000002,0,0,4257,8.356554845453426,0,1,4,0,1,1,0,0,0,0,0,27.01,75.4,0.3656593551716134,0.6247208721442737,0.044501407586589936,0.6279764724053744,0.835163508427013,0.17201060007229452,0.6635135060031826,0.3554589183814211,0.15046165609226958,0.5188917784926795,0.9765365412377824,0.13998171599625087,0.5279607700196082,0.07764782635367307,0.7100579161922745,0.2340126287929174,0.5739784423461747,1,1,inf,inf,0,0,0,1,0,0,1,0,716,4839,294,1,2,0,1,0,4257,3.2,46,0
4.6,21.159999999999997,0,0,3675,8.209580483475577,0,1,4,0,1,0,0,0,0,0,0,27.650000000000002,76.34,0.1887306503877405,0.7766111725973174,0.8607559077031113,0.08147513679437812,0.32274498997630485,0.3515628791403367,0.14283185341175875,0.913734315428528,0.37198093924234676,0.7848472896830604,0.2745726096682598,0.007001761728828493,0.4802060553872729,0.27102723956558583,0.44898746929499933,0.15309844680015383,0.8908198365008313,1,1,inf,inf,0,0,1,1,1,1,0,1,350,2363,53,0,1,1,1,0,3675,4.6,18,0
3.5,12.25,0,0,1333,7.195937226475569,0,1,2,1,1,0,0,0,0,0,0,27.92,77.38,0.7832113368780586,0.003966848085293129,0.6243578968679693,0.24715313648382042,0.08912249903788494,0.0501240664470709,0.43383841300184434,0.30186744229811924,0.02427400799443269,0.30692769174221735,0.8878038913996835,0.2043975972973333,0.33654091055260105,0.5866096192621554,0.32450885215232284,0.32552036667985984,0.9741644533474317,1,1,inf,inf,0,0,0,1,0,0,0,0,813,2765,164,0,2,1,0,1,1333,3.5,8,0
4.6,21.159999999999997,0,0,4800,8.476579508530941,0,1,1,1,1,0,0,1,0,0,0,26.580000000000002,77.84,0.26625861261492156,0.2555495788570681,0.3456225069307147,0.30735703970171446,0.057243217906005395,0.6683953047695144,0.02410913894214184,0.9014550552245418,0.6477307014323145,0.7726159780106616,0.34883941497323134,0.810085149986641,0.8973127647810183,0.13358615638538007,0.7357803263571029,0.17213788728916735,0.493486705631518,1,1,inf,inf,0,0,1,0,1,1,1,0,855,1928,66,1,2,0,1,1,4800,4.6,28,0
4.9,24.010000000000005,0,1,292,5.680172609017068,0,0,3,0,1,0,0,0,0,0,0,26.11,75.85000000000001,0.5393796968684591,0.06521588950069745,0.770975126665468,0.7543620686118941,0.8166767764530487,0.8165864640952464,0.5205892268566461,0.2363068101353596,0.7661297613489939,0.17929529724586202,0.6137477727273046,0.9339889032935874,0.5315776851507177,0.08213708026540156,0.10612363590657992,0.008115954689175808,0.6930166905239457,1,0,inf,inf,0,0,0,1,0,1,0,0,8883,4810,277,1,3,1,1,1,292,4.9,13,1
3.8,14.44,0,0,2732,7.913155185928068,0,1,1,1,1,0,0,0,0,0,0,27.72,77.96000000000001,0.829831394643116,0.9820432724821719,0.9589510866930604,0.32353673432491403,0.8263707777689616,0.5435560273887573,0.7188997086888037,0.4112786033506317,0.010339312189119432,0.6916330402096408,0.844177094616659,0.21212645956476295,0.2746941060504591,0.02659552095895701,0.22028944695624386,0.23786330752621632,0.630747843369962,1,0,inf,inf,0,0,0,0,0,1,1,0,1006,3661,178,1,0,0,0,1,2732,3.8,32,0
4.9,24.010000000000005,0,1,2985,8.001689978099135,0,1,1,1,1,0,0,1,0,0,0,27.95,76.13,0.24054179886012506,0.5502307526113392,0.16025954456823588,0.9269706699958655,0.622204947105004,0.08439551080760466,0.8216098994805365,0.14489165545774185,0.6656023135742237,0.7488441437914808,0.18497490238910197,0.9717024120967519,0.6869761641136466,0.3392450838796208,0.7380657749087421,0.6973964691339897,0.9100227913129191,1,1,inf,inf,0,0,1,0,1,1,1,1,6237,4112,225,0,0,0,1,1,2985,4.9,18,0
4.4,19.360000000000003,1,0,2241,7.715123603632105,0,1,4,0,1,0,0,0,0,0,0,27.04,75.53,0.48147241200290203,0.9171175002615689,0.7754219419232545,0.5919206659754758,0.40950060191496107,0.161692075833185,0.821504948109586,0.6181357483530371,0.35373093374889697,0.7195691592474167,0.31276455773654566,0.812580710766123,0.645152300261471,0.344727647132246,0.64530541436126,0.2329986555642869,0.2134141667345879,1,1,inf,inf,0,0,1,0,0,1,0,0,2266,1248,312,0,2,0,0,0,2241,4.4,12,1
4.6,21.159999999999997,0,0,3782,8.23827262463303,0,1,1,1,1,0,0,0,0,0,0,27.19,76.85000000000001,0.6716835173382806,0.23104188439540418,0.8042318017678668,0.25859860016285374,0.20004333010035802,0.07539381606766837,0.7776974694697222,0.00488066247858876,0.9340471894338648,0.3211180996580235,0.008894313508464813,0.21724612103969387,0.867004514373067,0.7102757675209649,0.015764651278125874,0.40801808734297085,0.5400502417546029,1,1,inf,inf,0,0,1,1,0,1,1,1,9502,2527,110,1,0,1,0,0,3782,4.6,42,0
4.4,19.360000000000003,1,0,3639,8.199738960630786,0,1,1,1,1,0,0,0,0,0,0,27.2,75.47,0.3766489035664784,0.589143305005973,0.14497380030041385,0.16629736217440605,0.3141993028953277,0.9473190574530185,0.5613378010426481,0.3548803519269025,0.6069892213619644,0.8321725905909433,0.08436758546940215,0.607938598164026,0.7695542136543722,0.6557721698570295,0.7639664825819186,0.15056000214008358,0.31980295842007034,1,1,inf,inf,0,0,0,1,0,1,0,1,2862,4252,119,1,2,0,0,0,3639,4.4,10,0
3.8,14.44,0,0,2926,7.9817332866918855,0,1,3,0,1,0,0,0,0,0,0,27.82,76.07000000000001,0.012840997152353872,0.42121576688947593,0.1248918602919653,0.524149437414318,0.8853433867665953,0.6045499569436165,0.3179692494916888,0.7308562574547136,0.7986347022452293,0.9628707503084706,0.20239333393089365,0.9539451392670517,0.46889756806750127,0.5637048743402278,0.5439501535606811,0.08898355551741233,0.9515299806105537,1,0,inf,inf,0,0,1,0,1,0,0,1,2793,4055,329,1,0,1,1,0,2926,3.8,16,1
4.9,24.010000000000005,0,1,448,6.1070228877422545,0,0,3,0,1,0,0,0,0,0,0,26.53,77.25,0.10821549960692178,0.4334806873469469,0.7476298299771938,0.3183690378755826,0.5597208059801336,0.31368175342422844,0.42955461782893634,0.8907121044045666,0.23752328106716547,0.3659629712790542,0.5348762698898869,0.8618822080087135,0.5084647228607884,0.04924913135426545,0.9297209590292954,0.05371654126982617,0.3692035770667208,1,1,inf,inf,0,0,0,0,1,1,0,0,5186,1707,304,0,3,1,0,0,448,4.9,18,1
2.7,7.290000000000001,0,0,3417,8.136810863675537,0,1,2,1,1,0,0,0,0,0,0,26.34,75.74,0.8568691006169644,0.0317163584834711,0.0899207657626998,0.9431910385378931,0.3515203460618702,0.6939064364337602,0.16108679123011793,0.2685276694786798,0.3567993322964248,0.7918651556939377,0.36835919390853444,0.6999682685816867,0.43896544024216344,0.839824114869373,0.16822045534951946,0.39958017427082904,0.9369966400823226,1,1,inf,inf,0,0,0,1,0,0,0,0,4328,2705,91,0,3,1,0,0,3417,2.7,21,1
4.9,24.010000000000005,0,1,3248,8.0861025356691,0,1,3,0,1,0,1,0,0,0,0,26.810000000000002,75.75,0.2958333489090056,0.036534672087020326,0.8994655310004879,0.5306474850933542,0.7331424810219382,0.42308977054609576,0.17212615969205713,0.5795845818318699,0.0670105025290536,0.44668670994764637,0.53256856295515,0.704030460520125,0.15189873477205407,0.6050026295594219,0.18616536914140347,0.1340022606209772,0.2207193101873145,1,0,inf,inf,0,0,0,0,0,0,1,0,8922,4134,262,0,2,1,0,0,3248,4.9,23,1
4.7,22.090000000000003,0,0,2301,7.741533589281828,0,1,2,1,1,0,0,0,0,0,0,27.46,77.44,0.5364805282571631,0.6812678687433907,0.7222089230584671,0.9975364037047608,0.9493369938019248,0.99694290686802,0.9498193574830429,0.7500189712212223,0.20328150941253154,0.03488362866171357,0.044390269050781694,0.4148648785705915,0.36175166156949723,0.3667169043485188,0.5831890191987054,0.7843877317350636,0.05163927484415487,1,1,inf,inf,0,0,0,0,0,0,1,0,6032,4196,124,1,0,0,0,0,2301,4.7,15,1
2.5,6.25,0,0,2047,7.6246189861593985,0,1,4,0,1,1,0,0,0,0,0,26.1,76.63,0.22892771218106123,0.9577959709502545,0.22177019018313293,0.33929148951991395,0.9117704217405526,0.1234220903701786,0.7421608185939218,0.3033889240831523,0.4142744279985936,0.44779849176585085,0.03020953436703122,0.23221071517200675,0.7680590588239515,0.12206912652453927,0.10352181382324432,0.4560974015038557,0.7518276361520153,1,1,inf,inf,0,0,1,0,0,0,1,1,2993,1144,49,0,3,1,0,1,2047,2.5,31,1
2.8,7.839999999999999,0,0,1867,7.532623618788788,0,1,1,1,1,0,0,0,0,0,0,26.26,75.14,0.0679159834308688,0.7381945785143171,0.192563819645441,0.5025096020148093,0.36152250066312086,0.6851958502691314,0.6862717621516392,0.29207294922637494,0.3109446795941546,0.7927590846668178,0.29473223708157503,0.6862506799837271,0.5834609077506244,0.8706860000127634,0.9885913167024768,0.602157708947361,0.40410003065410904,1,1,inf,inf,0,0,0,1,0,1,1,0,1965,1807,177,0,3,0,0,1,1867,2.8,1,1
2.8,7.839999999999999,0,0,4520,8.416488487294606,0,1,2,1,1,0,0,1,0,0,0,26.310000000000002,76.08,0.1770030542056068,0.9332672353149024,0.7773915000440952,0.7341990177439093,0.18776437291486392,0.2077207685848217,0.2158159567478397,0.6272389357624321,0.2697087941231524,0.2268142064739589,0.7885975932480812,0.33385943843647103,0.13708338879640303,0.44371580455988646,0.19100776205842884,0.9427714598389204,0.8711173799764176,1,1,inf,inf,0,0,0,0,0,0,0,0,5773,2488,315,0,1,0,1,1,4520,2.8,37,1
4.5,20.25,1,0,2129,7.6638772587034705,0,1,1,1,1,0,0,1,0,0,0,27.44,77.15,0.4376797205742121,0.3066698188974293,0.4637776197433866,0.5641075755194399,0.6420820044458001,0.1344424930521413,0.8257503071834986,0.19616425777238522,0.8045959211023471,0.7595831765328097,0.41415203884310725,0.38048106550957805,0.9052010869967451,0.6221961175874922,0.5874257925280911,0.2292070276686068,0.8786643544579728,1,1,inf,inf,0,0,1,0,0,0,1,1,312,3873,309,1,0,0,1,1,2129,4.5,44,1
3.9,15.209999999999999,0,0,4663,8.447628728030327,0,1,3,0,1,0,1,0,0,0,0,26.32,75.84,0.891700634957944,0.1911008102644537,0.7211770319206395,0.005783891223042792,0.8587311026078226,0.23463569794338535,0.54007259007363,0.5852644444368592,0.36653674280865356,0.6836946237462027,0.4347129675422584,0.9745135490875452,0.8796354478858602,0.7051218821332774,0.8766469530162629,0.6229064046769585,0.1667092850775912,1,1,inf,inf,0,0,1,0,1,1,0,0,9260,4208,72,1,3,0,0,1,4663,3.9,27,1
3.2,10.240000000000002,0,0,1344,7.20414929203594,0,1,2,1,1,0,0,0,0,0,0,27.66,75.65,0.22540305325318932,0.9853123928303043,0.2692152037198585,0.20870495479173556,0.3901161303850835,0.48305234826500876,0.8932232228708613,0.7632507529246043,0.5475648408450137,0.6583071247302367,0.8300106534178848,0.33261888038044696,0.7984724612596461,0.9721670533707106,0.6936002019330763,0.2734951886417286,0.1829359491116227,1,0,inf,inf,0,0,0,1,0,1,1,1,6772,3988,230,0,2,1,1,0,1344,3.2,38,1
4.3,18.49,1,0,2897,7.971776122880628,0,1,1,1,1,0,0,0,0,0,0,27.150000000000002,76.38,0.23670145733526682,0.5550686287201767,0.2642815466729922,0.6445363777417308,0.7240764521139863,0.7835504225419612,0.6560886089321997,0.9586412815886829,0.9955165645370718,0.9670724225098349,0.8222184459592422,0.004955473556090939,0.6624776179470914,0.3955786748472899,0.8556145811575955,0.06735358876922415,0.038722225143268174,1,0,inf,inf,0,0,1,0,0,0,1,0,6792,3447,42,1,3,1,0,0,2897,4.3,8,1
4.4,19.360000000000003,1,0,4532,8.41913925094085,0,1,2,1,1,0,0,0,0,0,0,26.02,77.86,0.4190958368331087,0.2514671427019738,0.63437192157886,0.5898226756760097,0.543573026690187,0.914456780040183,0.9622747229832099,0.2199633960423516,0.8401516856771617,0.9404282529218245,0.535778626020253,0.7912965195714622,0.2083579611505203,0.7250232423772419,0.2029926621054372,0.9897260943526786,0.2056603236029555,1,1,inf,inf,0,0,0,0,0,1,0,1,473,3409,215,0,1,0,0,0,4532,4.4,36,1
2.8,7.839999999999999,0,0,3496,8.159660737063376,0,1,4,0,1,0,0,1,0,0,0,27.68,76.26,0.03994009236354257,0.8063337662417812,0.3751320798049904,0.3052949668020607,0.22502788060440837,0.8097077917073333,0.4959661703535003,0.2371402022872674,0.15507124553218754,0.04069540189623966,0.5062780013403282,0.04825185176216562,0.855242680639969,0.49402931764236846,0.08377967181662827,0.38241726682012933,0.14334974687511948,1,1,inf,inf,0,0,0,0,0,1,1,1,4629,2381,353,1,3,0,0,1,3496,2.8,42,0
3.2,10.240000000000002,0,0,1917,7.559038255443384,0,1,2,1,1,0,0,1,0,0,0,27.36,75.46000000000001,0.323834623760344,0.2578212738642708,0.8675097713843111,0.19040250867305553,0.6166436917696124,0.20453407827743453,0.4556168447257761,0.7155101600610037,0.594954395317536,0.3857701737365995,0.17145061365295344,0.8984000357107402,0.48678987181329925,0.9106928681241719,0.007578270578213364,0.9400450117913565,0.16525914868227298,1,1,inf,inf,0,0,0,0,0,1,1,1,7923,2955,197,1,1,0,1,1,1917,3.2,16,1
2.9,8.41,0,0,2732,7.913155185928068,0,1,3,0,1,0,0,0,0,0,0,27.67,75.37,0.44125812338820025,0.6169522656293452,0.17716099058900958,0.6115935828654376,0.967858600904183,0.11017358895589358,0.8874978986048118,0.7781097275187326,0.6935192297107035,0.7621837159890998,0.3911724341308639,0.4008905354649447,0.7734513182392052,0.8688625407571506,0.6463108043122606,0.5045684906087939,0.9492374844282453,1,0,inf,inf,0,0,1,0,1,0,1,0,5040,2773,62,0,3,1,1,1,2732,2.9,39,0
4.1,16.81,1,0,394,5.978885764901122,0,0,1,1,1,0,0,0,1,0,0,26.330000000000002,77.08,0.36059336206207215,0.16259036851126862,0.2744834694937742,0.3505436812897411,0.9597941970279549,0.003022643610627873,0.9146094012784606,0.7639508285927599,0.8760751590309331,0.36843525513754294,0.2811900825157997,0.8848373399434296,0.8955976229744924,0.4480143896523585,0.506939662034863,0.4085510026584275,0.01736036762628468,1,1,inf,inf,0,0,1,0,1,1,0,1,8111,4909,48,1,1,1,0,1,394,4.1,35,0
4.5,20.25,1,0,1389,7.237059026124737,0,1,1,1,1,0,1,0,0,0,0,26.76,76.55,0.6358478049163243,0.07603395899424303,0.24040849764697536,0.517238622611103,0.5457977951439169,0.5312452874183445,0.8488175959051991,0.872272953803225,0.7711286421916114,0.34129845770673595,0.15663991980568603,0.47042870658121827,0.44167388997104706,0.9399825471402324,0.7015313254345145,0.06682402959621447,0.09464067031652368,1,1,inf,inf,0,0,0,1,0,0,1,1,711,230,70,0,3,0,1,0,1389,4.5,19,1
4.7,22.090000000000003,0,0,2726,7.910957382845589,0,1,2,1,1,0,1,0,0,0,0,26.18,77.08,0.18542730947184694,0.8202731729172887,0.3126765077905781,0.23729547759216252,0.7724338716329417,0.8934562087036566,0.3521918669844367,0.31772454716962717,0.6258961512778817,0.4951242047562743,0.38066535749501806,0.5734602415728666,0.9542850457376956,0.9013204526907468,0.7837975076761325,0.45458786200766166,0.6805212755623999,1,0,inf,inf,0,0,0,0,0,0,1,0,1144,493,310,1,1,0,1,0,2726,4.7,0,1
4.9,24.010000000000005,0,1,177,5.181783550292085,1,0,2,1,1,0,1,0,0,0,0,26.46,76.85000000000001,0.5228464171854159,0.134174850768769,0.8277302902433589,0.2141640192183224,0.2953337560532048,0.3273977650627221,0.25447901647553683,0.3175776205893941,0.39783208129971115,0.7742539066466725,0.8587092162158678,0.6116588683703148,0.18950540498724733,0.34313857661272895,0.8107816121075105,0.9024672238942022,0.8293366510187585,1,0,inf,inf,0,0,0,0,0,0,0,0,4023,739,139,1,1,1,1,1,177,4.9,0,0
2.6,6.760000000000001,0,0,4698,8.455104999102815,0,1,3,0,1,0,0,0,0,0,0,27.240000000000002,76.78,0.042634640594680584,0.9750054469553181,0.7342165078844836,0.8762416758904329,0.04176325110225665,0.22705114006336968,0.3272430604021971,0.04281857410325429,0.31765030376991277,0.9488013836899062,0.07777949450612298,0.7495884766030348,0.7528447122419256,0.8279458044934478,0.9740374421493447,0.7070986792438293,0.05039088182639495,1,0,inf,inf,0,0,0,0,0,0,0,1,7808,1428,317,0,3,0,1,1,4698,2.6,2,1
3.8,14.44,0,0,2174,7.684783943522785,0,1,1,1,1,0,0,0,0,0,0,26.990000000000002,77.18,0.48529663082585905,0.07751122353600781,0.4084631400262376,0.04265630203927806,0.6861946582953445,0.11325630330420422,0.09979607459016748,0.8125892322028151,0.8085257122904468,0.15261682654582898,0.9266397791135085,0.4932909941326453,0.7936818438762533,0.6018831630631085,0.08889732181564991,0.9144733461815715,0.23655527241398577,1,0,inf,inf,0,0,1,1,0,1,0,0,4015,968,106,1,1,1,1,0,2174,3.8,0,0
4.3,18.49,1,0,1702,7.440146680662688,0,1,4,0,1,0,0,0,0,0,0,27.97,76.64,0.8654560711049918,0.03535488764115202,0.30193670901069114,0.8606824972306217,0.7837338122519926,0.5800502069091419,0.22078345261415855,0.838515269491652,0.866414481613008,0.08938040333442565,0.26795377287380495,0.05799152816806141,0.9361850570721899,0.9874788243582853,0.34600677647154154,0.03315989549210918,0.9697095763427566,1,1,inf,inf,0,0,0,1,1,0,0,0,9013,2774,54,1,1,1,0,0,1702,4.3,10,1
3.3,10.889999999999999,0,0,289,5.66988092298052,0,0,1,1,1,0,0,0,0,0,0,26.78,75.19,0.7126054128724261,0.5395743082409163,0.5389820447517287,0.6682624904718473,0.15143712284255562,0.853636834621754,0.02870727705420617,0.5091104070889295,0.541352046903039,0.7835006604776245,0.039144431265004886,0.7454481402837922,0.5395672600583264,0.24185145697850563,0.6605653082363094,0.006275464238837958,0.451192304048586,1,1,inf,inf,0,0,1,1,0,1,1,0,8541,2957,26,0,0,0,1,1,289,3.3,21,0
4.5,20.25,1,0,499,6.214608098422191,0,0,1,1,1,1,0,0,0,0,0,27.68,76.69,0.37752340891792324,0.04831261743622495,0.5260060730885178,0.3958495831223222,0.5266998405501959,0.9729045037021682,0.35888899551548115,0.25976532823863374,0.9767884152813673,0.04279113248879696,0.008805271291061345,0.1177964444919013,0.9459777169276258,0.4515323492703537,0.8288060995990615,0.1598416458755646,0.11593091870405181,1,1,inf,inf,0,0,0,1,0,1,1,0,9977,2586,115,0,1,1,0,0,499,4.5,17,0
4.4,19.360000000000003,1,0,1119,7.02108396428914,0,1,3,0,1,0,1,0,0,0,0,27.71,75.42,0.6564514142446001,0.492027106948845,0.06098251425486445,0.7685669413503448,0.1980937674056451,0.7194247303717259,0.7766698745454953,0.9444539228722609,0.6688771888296395,0.1908457854126735,0.8657227901545387,0.6664903638434441,0.2228604114068795,0.44858615288647485,0.5559751736986366,0.09446875117188902,0.6040725563691784,1,1,inf,inf,0,0,1,1,1,1,1,1,371,436,41,0,3,1,1,1,1119,4.4,18,0
2.5,6.25,0,0,2111,7.655390644826152,0,1,4,0,1,0,1,0,0,0,0,27.28,77.60000000000001,0.9440175144533021,0.8487480698043501,0.3371853206901193,0.8393027312747435,0.7471012009878891,0.27458526790380267,0.7735215768002017,0.5922222097519181,0.34218854762616613,0.24691475530200335,0.6866768729216451,0.015534557870498733,0.7587551118399368,0.8242622358399516,0.1258008081677442,0.4577425323817508,0.44921226260043523,1,1,inf,inf,0,0,1,1,0,1,0,0,2205,2095,272,1,0,0,1,0,2111,2.5,1,0
2.7,7.290000000000001,0,0,4674,8.449984441722787,0,1,1,1,1,0,0,0,0,0,0,26.42,76.09,0.4481361797136356,0.09595821229470958,0.19199940632730472,0.3216705061984685,0.988280238463668,0.22954788754662647,0.19210310429077582,0.5083901959807587,0.49523880445037327,0.9984982172674647,0.7379301993192209,0.18038573642393574,0.7239437353278628,0.8572374175079153,0.24716255050542324,0.4321160290145337,0.4517683246544192,1,1,inf,inf,0,0,1,1,0,1,0,0,8063,1401,171,0,2,0,0,1,4674,2.7,1,1
3.1,9.610000000000001,0,0,3672,8.208764045819667,0,1,3,0,1,0,0,0,0,0,0,26.2,75.22,0.4022151449677268,0.6697604997049547,0.09518033096347478,0.14577830655281976,0.8739865646872242,0.5146611202394712,0.3102073213913038,0.8320152534497149,0.8365331928429404,0.9261368403456117,0.7555726572633219,0.16853479754916145,0.12185449948428828,0.6080855209141712,0.3952765296303552,0.9445063597662796,0.10841924055775654,1,1,inf,inf,0,0,1,1,0,1,0,1,5706,2653,178,0,0,1,0,1,3672,3.1,37,0
3.0,9.0,0,0,4400,8.38958706681109,0,1,2,1,1,0,0,0,1,0,0,27.94,75.57000000000001,0.23334276337078097,0.1367930402336871,0.8521729911406208,0.039957542211916386,0.3027235579263602,0.9877851886803343,0.31362753154621026,0.4277764044226945,0.5778844487627846,0.6202072810237186,0.4606588142751473,0.8831771424864137,0.5250108159538922,0.9504301720205235,0.30357909873741773,0.5205699902945555,0.2637768127291683,1,1,inf,inf,0,0,0,1,0,1,0,1,6564,3555,244,1,2,0,0,1,4400,3.0,37,1
3.2,10.240000000000002,0,0,3317,8.10711747075039,0,1,1,1,1,0,0,0,0,0,0,27.650000000000002,77.71000000000001,0.006137453118608693,0.6887072800462902,0.8720834714546016,0.7348145396461678,0.6912334814800369,0.09341907459875154,0.5740429962787688,0.27496222097841483,0.9571658009011476,0.4556184179126803,0.7474454256065128,0.7368204462173914,0.3377302577035268,0.20946005064678852,0.8560328443109957,0.6397311550060837,0.790786996377131,1,1,inf,inf,0,0,1,0,1,1,0,1,909,3565,288,1,2,0,0,0,3317,3.2,17,1
4.1,16.81,1,0,4909,8.499029220788566,0,1,3,0,1,0,0,0,0,0,0,26.62,76.21000000000001,0.07462952641433751,0.3232479919960306,0.213985139496913,0.7814454415008211,0.134893574785095,0.834920294586212,0.31551206443463664,0.9390564919498648,0.29167159216410743,0.4144255308200867,0.5971537678152423,0.2628975165248766,0.8106426100723474,0.4774673640676722,0.6334855626933598,0.9442058965358383,0.310540218339194,1,1,inf,inf,0,0,1,1,0,1,1,1,8104,2742,151,1,0,1,1,1,4909,4.1,42,1
4.6,21.159999999999997,0,0,2576,7.854381210652365,0,1,1,1,1,0,0,1,0,0,0,26.310000000000002,76.99,0.1259284207413931,0.9663822550091464,0.5054941961096572,0.5311490047210335,0.37370904426658125,0.24686047676376877,0.23651228694132242,0.028353025982376434,0.49478771229180185,0.019964529497625283,0.8116640567117611,0.8605160165221842,0.04479902685068193,0.2709382348292976,0.8998703887994995,0.020671517080748214,0.12019455419148906,1,1,inf,inf,0,0,1,1,1,1,0,1,8509,4737,358,0,0,0,0,1,2576,4.6,17,1
4.8,23.04,0,1,190,5.25227342804663,1,0,1,1,1,0,0,0,0,0,0,26.01,76.53,0.3885527100068751,0.5005062008118575,0.7703895403037717,0.6525936148264807,0.6440162647009545,0.7488982782873222,0.0016514283565958188,0.2681384446983389,0.3803476270466699,0.8031461800141922,0.5019029187768048,0.8156151870077146,0.2569277845793968,0.19219432734991293,0.1145518224336236,0.03306216630716741,0.4371546931178979,1,0,inf,inf,0,0,1,1,0,1,1,0,6751,2622,103,1,0,0,1,1,190,4.8,3,0
3.2,10.240000000000002,0,0,4836,8.484049972822984,0,1,3,0,1,0,1,0,0,0,0,27.55,75.08,0.8121103426925561,0.020708800575797937,0.7591832107795998,0.19036333781960724,0.2229337508122573,0.778827502234353,0.06981317987080193,0.964197615365328,0.33171623681235585,0.42137941384895217,0.6791434869508538,0.77910760149354,0.8237650397940436,0.945037930995045,0.27226476709407166,0.5615900306622125,0.6349403329410594,1,1,inf,inf,0,0,1,0,0,1,0,1,7005,2480,284,1,1,1,0,0,4836,3.2,20,1
3.6,12.96,0,0,1725,7.453561871643373,0,1,1,1,1,0,0,0,0,0,0,26.87,75.49,0.8525162295300831,0.15290398651806858,0.3096813623136635,0.041162681536645596,0.9390609576478709,0.240958731704626,0.8095499672034603,0.6607750908170071,0.23123507725690196,0.345489387153172,0.236969636598108,0.45393951762121665,0.10728402286675465,0.2166447165625891,0.03915632378980172,0.08062830218503358,0.821978044271804,1,1,inf,inf,0,0,1,0,0,0,0,0,8120,1110,329,1,2,0,1,0,1725,3.6,7,0
3.2,10.240000000000002,0,0,1344,7.20414929203594,0,1,3,0,1,0,0,0,0,0,0,27.59,76.36,0.8483919339645308,0.25933361244152775,0.8808217421817601,0.9200431024384744,0.5100166783527871,0.8445769861645347,0.5214877664909034,0.3353623658015549,0.03382605249688164,0.9313265080638631,0.9175475318130297,0.5476706304998785,0.8511641360653415,0.7067976108988221,0.6393082131225039,0.5300529705807396,0.30959088866899676,1,0,inf,inf,0,0,0,1,0,0,0,0,7074,1896,307,1,3,0,1,0,1344,3.2,1,0
3.3,10.889999999999999,0,0,805,6.692083742506628,0,0,4,0,1,0,0,0,0,0,0,27.17,75.37,0.7313562330331959,0.7999228892830715,0.6699368632448729,0.09447782783172709,0.8191914358383243,0.9990159844340105,0.6303753172334879,0.25624488706078663,0.8859257692042268,0.9909479848340637,0.7939844708990047,0.9893258015590495,0.5074833960930195,0.49420865081876353,0.17284223416898314,0.4630947840798709,0.361980745924806,1,1,inf,inf,0,0,1,0,1,1,1,1,7683,3649,213,1,2,0,1,1,805,3.3,47,1
2.8,7.839999999999999,0,0,927,6.833031732786201,0,0,4,0,1,0,0,0,0,0,0,27.810000000000002,75.59,0.5237168212565054,0.22383502123773769,0.970908179046171,0.5892499382149188,0.8305604970009912,0.9557524457944601,0.897247605114075,0.9459187205276495,0.3775671066573837,0.2624134219982258,0.24705752066154518,0.7908979346626154,0.8448587351987691,0.3897779977955268,0.259892823021032,0.7139962796550149,0.9887101721940184,1,1,inf,inf,0,0,0,0,1,1,1,1,9940,4198,272,0,2,1,1,1,927,2.8,2,1
3.6,12.96,0,0,2546,7.842671474979457,0,1,2,1,1,0,0,0,0,0,0,27.7,76.99,0.2339030071360666,0.7833527896827429,0.771377528615289,0.24249860987252936,0.6725542258669349,0.7948385671927927,0.9745253372784229,0.37683218883046066,0.09057083639274921,0.33544140417079094,0.18002158504231958,0.15317196609267603,0.08982622658977546,0.39962846977230093,0.3546934578793344,0.9580575973617611,0.44821794720557373,1,1,inf,inf,0,0,1,0,1,1,1,0,6055,3035,289,1,0,1,0,0,2546,3.6,25,0
4.5,20.25,1,0,983,6.891625897052253,0,0,4,0,1,1,0,0,0,0,0,28.0,75.64,0.4101349587847877,0.5528769786843306,0.324173209348123,0.9233182108061011,0.2731116647462072,0.4636661182916666,0.3943083534449173,0.8005519369405274,0.3563114689076686,0.14431043466811233,0.45635063541504484,0.31185347339792724,0.7377089655176382,0.8834910974160178,0.44087208981577874,0.17958519577868381,0.4940313985314124,1,0,inf,inf,0,0,1,0,1,0,0,1,2835,1474,242,1,3,1,1,0,983,4.5,17,0
2.6,6.760000000000001,0,0,4715,8.458716261657262,0,1,3,0,1,0,0,0,0,0,0,27.7,76.18,0.4400388158953662,0.6935177005245026,0.9557509982549123,0.8565852423025566,0.0871133429428339,0.7144007346110143,0.05933901838149669,0.8649148677773167,0.623404979309087,0.20658412433218298,0.5528921519981009,0.9059531836010343,0.0011310333223315538,0.7815583095444816,0.8913142539234067,0.3443631376538756,0.7125644719348249,1,0,inf,inf,0,0,1,1,1,1,0,1,2265,3862,97,1,3,0,0,1,4715,2.6,22,1
5.0,25.0,0,1,3707,8.218247926685745,0,1,2,1,1,0,0,0,0,0,0,27.1,76.21000000000001,0.042998791113123436,0.6582379081672612,0.6982088320580772,0.1826513795673288,0.6448566488885915,0.10478246588810203,0.5476848789673184,0.6881714263633232,0.9140579928547967,0.5495485923674132,0.8111876378264478,0.7891841650942037,0.03558711857034236,0.9806744323539794,0.44921502000489577,0.16303345499377087,0.056384254687093405,1,1,inf,inf,0,0,1,0,0,1,1,1,8753,4597,200,0,2,1,1,1,3707,5.0,15,0
3.4,11.559999999999999,0,0,2356,7.7651449029361315,0,1,1,1,1,0,0,0,0,0,0,26.96,77.81,0.5821051483924835,0.2784940809783941,0.5963124873596021,0.26032586762308263,0.3093343983241488,0.3321852500716289,0.17316067827137116,0.26876825566933227,0.42168134351424946,0.03245610050824477,0.3363340830232038,0.7552443202812004,0.16605818368597747,0.2308846748018717,0.5102842583310453,0.5691849338042289,0.007369613648922968,1,1,inf,inf,0,0,0,0,1,0,1,1,1428,1455,25,1,0,0,0,0,2356,3.4,37,1
2.6,6.760000000000001,0,0,2231,7.710653323501202,0,1,4,0,1,0,0,0,0,0,0,27.52,77.56,0.5300358525892322,0.3583599606622041,0.46213956379953103,0.17304356209479532,0.4841923894210238,0.47885360379921216,0.19468047344153294,0.19426000016041955,0.27565968760735693,0.3936262579546952,0.4331206093467793,0.4699815272389639,0.4257873317528442,0.8580199953111995,0.5366575572681759,0.47671776642307695,0.5982000635718134,1,1,inf,inf,0,0,0,1,1,1,0,1,5838,2863,19,1,1,1,0,0,2231,2.6,29,0
3.2,10.240000000000002,0,0,1865,7.531552381407289,0,1,3,0,1,0,0,1,0,0,0,27.240000000000002,76.89,0.6934745337339075,0.306859752291056,0.2381879424958846,0.7805396543785099,0.21667122381730852,0.7150752510462742,0.7437845646892732,0.9268290175850205,0.977051043240638,0.20556074201406538,0.37650835435254504,0.11560745431642894,0.25377172636549483,0.31517876746047924,0.032694469694836914,0.15200129828675013,0.1752795451270679,1,1,inf,inf,0,0,1,1,0,0,0,0,3511,601,151,1,2,1,0,1,1865,3.2,16,0
3.0,9.0,0,0,2662,7.887208585813932,0,1,3,0,1,0,1,0,0,0,0,27.44,75.06,0.16777615139593183,0.2337568042246898,0.6387504558619493,0.19002191393434742,0.1263306407393605,0.865237710174029,0.9074811991943845,0.42673480583168033,0.11629206907670198,0.7937235438702996,0.7742295994793166,0.9607856305498937,0.558532598613505,0.1129650757573476,0.7194974840518706,0.7330486281708748,0.3649103213159446,1,0,inf,inf,0,0,0,0,1,1,1,1,8797,1302,53,0,0,1,1,0,2662,3.0,27,1
2.6,6.760000000000001,0,0,21,3.091042453358316,1,0,2,1,1,0,0,0,0,0,0,26.69,77.94,0.29555621451973224,0.8344374815667207,0.7538783582857974,0.9977545080070497,0.2550620672217514,0.23632743215476792,0.11161301227954379,0.5900403456063167,0.8283142810470537,0.12801692840503376,0.6023299745029344,0.31943548515584774,0.5744478405140887,0.6584568102835171,0.358051910480346,0.5848305699084555,0.955745391983955,1,1,inf,inf,0,0,1,0,1,0,0,0,6730,4180,147,1,2,1,0,1,21,2.6,16,0
2.9,8.41,0,0,2111,7.655390644826152,0,1,1,1,1,0,0,1,0,0,0,27.3,77.63,0.7243110605712061,0.49163339622114755,0.9472586140722119,0.7079647080217025,0.8588189026368853,0.18368908419185304,0.6623083628068056,0.6230030677182029,0.985541925501919,0.10255750145775944,0.2641370638542824,0.8728758459471496,0.7017410317074815,0.4650827008990681,0.2120688286050617,0.35565586054871956,0.851779550160956,1,0,inf,inf,0,0,0,1,0,0,1,0,691,1737,241,1,0,1,0,0,2111,2.9,42,0
4.5,20.25,1,0,3247,8.085794701281568,0,1,3,0,1,0,0,0,0,0,0,26.26,76.66,0.6815986913698725,0.8856465578135425,0.46512852433280805,0.10903963783901638,0.5423855403542888,0.11134581137945143,0.4896009342553146,0.12488442096606012,0.667121323218286,0.5647500727213102,0.5149120643976652,0.4921237190890433,0.6613234802994019,0.20999503242985518,0.9000441139179193,0.82973087171428,0.4046175295282045,1,1,inf,inf,0,0,1,1,1,0,0,0,4870,1937,275,1,3,0,0,1,3247,4.5,12,0
3.0,9.0,0,0,4718,8.459352191726387,0,1,2,1,1,0,0,1,0,0,0,26.84,77.85000000000001,0.06595771883827639,0.9888637449041109,0.98771119053971,0.9395425541082746,0.7442244926524816,0.09273167084303136,0.2797791417399118,0.6682321266633985,0.47264517083093494,0.45090778919553387,0.8140479307681893,0.5862054300732085,0.042836104180899226,0.5864454980210623,0.24712079862253522,0.5629060067349282,0.5815032683098723,1,0,inf,inf,0,0,1,1,1,0,1,1,1711,1489,246,0,0,0,1,1,4718,3.0,49,0
4.6,21.159999999999997,0,0,1719,7.450079569807499,0,1,1,1,1,0,0,0,0,0,0,27.51,75.60000000000001,0.7384623310657529,0.39220321853168927,0.5442922151181919,0.8695984095853603,0.6651202170381906,0.5661028587128647,0.2173037630780027,0.04478332344660618,0.5717534795075121,0.13143986115555129,0.35476008132438297,0.14975461191478423,0.12971726454917154,0.5732756759870874,0.03121976116205638,0.019558484099130746,0.8770525176181636,1,0,inf,inf,0,0,0,0,1,1,1,0,4203,1212,153,1,0,1,1,1,1719,4.6,8,0
3.3,10.889999999999999,0,0,3972,8.287276755814599,0,1,4,0,1,0,1,0,0,0,0,27.86,76.93,0.15377491341503913,0.9402121176350533,0.6157003233146875,0.9367641777798095,0.10230105690216773,0.7116510792131943,0.7275517155909802,0.76498726221044,0.7620917918702568,0.6118826872739971,0.20421651101455818,0.4826077233204138,0.821956814805181,0.6922392704078821,0.6279891095458036,0.07334747708592326,0.6110282936289332,1,1,inf,inf,0,0,0,0,0,0,0,0,36,2160,23,0,1,0,1,0,3972,3.3,9,1
3.3,10.889999999999999,0,0,122,4.812184355372417,1,0,2,1,1,0,0,0,0,0,0,26.490000000000002,76.7,0.2261607516528169,0.4066457340755082,0.510471578144844,0.46220414870249327,0.15006166757425887,0.02325018781678445,0.5657178171178134,0.8527577465533716,0.4069435689619971,0.5596582978260877,0.9218371999589734,0.6730978840978198,0.7539948386438313,0.30945130562208656,0.8403721029913962,0.558841304879901,0.6294136642997438,1,0,inf,inf,0,0,1,0,0,0,1,0,6395,2115,148,0,3,1,0,0,122,3.3,9,1
4.4,19.360000000000003,1,0,1642,7.404279118037268,0,1,4,0,1,1,0,0,0,0,0,27.36,76.15,0.4180929866274935,0.8952989428723839,0.7231997800261921,0.661959993344756,0.36886493011153365,0.1573642445598673,0.036255963134589564,0.03369270103425137,0.02215459380117768,0.5026726615930146,0.7854225860487845,0.37353909971014276,0.7598216918547347,0.6831456005204417,0.6030393250160092,0.10152922364443773,0.14854898501576452,1,1,inf,inf,0,0,1,0,0,1,0,1,4845,3285,289,1,3,1,1,0,1642,4.4,22,1
4.7,22.090000000000003,0,0,431,6.068425588244111,0,0,1,1,1,0,0,0,0,0,0,26.3,77.41,0.3223037268803387,0.5559532448362703,0.016759788734988734,0.6388949926690909,0.7141620113101158,0.7125897695989996,0.9949823457372619,0.3893040497399646,0.9778408978351071,0.8061952710667267,0.7874595338393787,0.3772637851996308,0.6773898729364486,0.6803983547625552,0.1587686626650492,0.9658084775429953,0.9722110475569014,1,1,inf,inf,0,0,0,1,1,0,1,1,5096,2058,164,1,0,1,0,1,431,4.7,44,0
3.8,14.44,0,0,2544,7.841885928984623,0,1,4,0,1,0,0,0,0,0,0,26.28,77.07000000000001,0.707404248710126,0.7335426211540949,0.7998484804993705,0.7098201993201803,0.9565222688202731,0.15564167034441756,0.9911497191439368,0.7559559473457793,0.2719544781817562,0.5528160869087996,0.5235110033825139,0.3975208403650736,0.39738383512240016,0.14524802231564193,0.1722180243830117,0.20864041688661117,0.5396744500517507,1,1,inf,inf,0,0,0,0,0,0,0,0,8314,2856,38,0,2,0,1,1,2544,3.8,33,0
3.7,13.690000000000001,0,0,953,6.860663671448287,0,0,4,0,1,0,0,0,0,0,0,26.98,75.94,0.8101816452880939,0.37006032436245695,0.45901234568656624,0.8948795427232541,0.06201348811381524,0.33929239480557216,0.6069899067118227,0.3086802064643458,0.6118739340330646,0.8418785512044981,0.34779596459378115,0.8326260429727244,0.7543865565068778,0.27989479670402084,0.08659407878191394,0.04796201146994916,0.2918082521651638,1,1,inf,inf,0,0,0,0,1,1,1,0,8017,1959,235,0,2,1,1,1,953,3.7,15,1
2.9,8.41,0,0,3025,8.014996894348302,0,1,2,1,1,1,0,0,0,0,0,27.75,77.5,0.4131067151507002,0.627910041449302,0.6245154768844277,0.7558442342850337,0.6309593526686949,0.4365308385690533,0.6243222260823991,0.005988335083737306,0.9857958197032696,0.9680034109004718,0.2464958071560419,0.9714745520104998,0.013752897720132218,0.9143934273705072,0.36695852855441036,0.9384666808781558,0.06453491621524088,1,0,inf,inf,0,0,1,0,1,1,1,0,8008,1073,89,0,1,1,1,0,3025,2.9,34,1
3.9,15.209999999999999,0,0,3308,8.104401307921613,0,1,1,1,1,0,1,0,0,0,0,26.71,75.99,0.23685133557347782,0.21477346984598145,0.6785903477393345,0.29727890168198257,0.5464202317366013,0.49838554077585806,0.5158885354445583,0.813435477597482,0.630035905334603,0.41466353805983514,0.7511749375988508,0.46495198042309227,0.4851837411474288,0.5633652829368088,0.8896966046662591,0.6295547861871249,0.2205239992749869,1,1,inf,inf,0,0,0,1,1,0,1,0,5266,480,136,0,0,1,0,1,3308,3.9,4,0
3.9,15.209999999999999,0,0,1577,7.363913501405819,0,1,3,0,1,0,0,0,0,0,0,27.35,76.37,0.677225786884758,0.7632759469919507,0.8320468010103071,0.10604371981699601,0.39883123704267187,0.16517958213368844,0.09908941030187912,0.426541228623855,0.8896080934603224,0.4003563455204745,0.5456174680824529,0.9056652105223862,0.982719351675038,0.7420199792344394,0.28924062127206096,0.7675933999114393,0.7188736153407881,1,1,inf,inf,0,0,0,1,0,1,0,1,5496,615,283,0,1,0,0,0,1577,3.9,47,0
3.2,10.240000000000002,0,0,2936,7.98514393119862,0,1,2,1,1,0,0,0,0,0,0,27.77,75.75,0.2544836205108788,0.9929638213079196,0.33017021377387523,0.7480237408451242,0.835599025598549,0.9432753588234085,0.19854369393615745,0.6819685751156009,0.8599852152664825,0.03537466787781618,0.7561243641438044,0.28337762049045356,0.32493508842718455,0.8451542091989902,0.6842469857766768,0.6021680135648977,0.8686289014189594,1,0,inf,inf,0,0,0,1,1,1,1,1,2656,1501,214,1,0,1,0,0,2936,3.2,20,0
5.0,25.0,0,1,3034,8.017966703493599,0,1,2,1,1,0,0,0,0,0,0,27.14,75.97,0.9982126404782466,0.07250918297623388,0.5925935950197713,0.7642892639309592,0.04071059488836504,0.08162930310406569,0.7885686095634237,0.13943110624462662,0.18366957851626198,0.9369784282160284,0.7294822158390409,0.16516939356640803,0.628615996721505,0.21449161517742432,0.8358056261558431,0.8919592786014604,0.29704334054427783,1,1,inf,inf,0,0,0,1,0,0,0,0,8568,4521,141,1,2,0,1,0,3034,5.0,25,0
4.3,18.49,1,0,1790,7.490529402060711,0,1,3,0,1,0,0,0,0,0,0,27.560000000000002,77.39,0.38193891073762243,0.557697133720434,0.8739777932027447,0.09879034275803433,0.716333496929922,0.80494730077338,0.12713535851751523,0.6386146276357836,0.9076993193033082,0.806522281564843,0.5760419515617701,0.37210128460280356,0.9307822303933208,0.3972138944819985,0.7888997790929594,0.282003818411376,0.8382463506155776,1,0,inf,inf,0,0,0,0,1,0,0,0,9484,3193,243,0,0,0,0,1,1790,4.3,11,1
3.9,15.209999999999999,0,0,324,5.783825182329737,0,0,4,0,1,0,0,0,0,0,0,26.95,75.63,0.7427115501348428,0.4008834167693476,0.4008116472054327,0.9519970654786554,0.22182768343051518,0.8103076427204914,0.32238027145013826,0.040179902674421064,0.6905545663103944,0.7481449606316986,0.05574120604019439,0.25374218640371426,0.22022728465135144,0.08143518999516808,0.2485933630692001,0.06752455776598787,0.5557403815395544,1,1,inf,inf,0,0,0,0,0,0,0,0,6712,1757,127,0,2,0,1,0,324,3.9,12,0
4.8,23.04,0,1,3507,8.162801353492073,0,1,4,0,1,0,0,0,0,0,0,27.0,76.14,0.9348641937279619,0.034652353731408736,0.07674066602507956,0.252376612916404,0.2712086738164211,0.6856948075879711,0.6485603253754316,0.9386289529856929,0.04264789473012054,0.663012753057397,0.7885381571491292,0.2988873156509879,0.8729004044922783,0.19371666281315225,0.8070490684048776,0.29246988062205614,0.8201388291309237,1,1,inf,inf,0,0,0,0,1,0,1,0,6481,3344,297,1,1,0,1,1,3507,4.8,26,0
2.8,7.839999999999999,0,0,673,6.513230110912307,0,0,2,1,1,0,0,0,0,0,0,27.97,75.60000000000001,0.6546898212640915,0.8552493195161286,0.15507489879136738,0.3400041542488845,0.22152677952217814,0.14501602002160707,0.2928709727001124,0.0053651318102767576,0.7415077291836896,0.41545599239404685,0.22678946926572685,0.8244626228083387,0.8441129758103023,0.9902109304836052,0.9500491381257554,0.4193946382570869,0.6376746195985272,1,1,inf,inf,0,0,0,0,1,1,1,1,6105,2370,319,0,2,1,0,1,673,2.8,8,0
3.0,9.0,0,0,2310,7.745435610274381,0,1,1,1,1,0,0,0,0,0,0,27.88,77.8,0.9277008666328741,0.7542808162906376,0.14082029558226772,0.6579387125768602,0.38675422803403803,0.07471137200667555,0.7627787824549037,0.1422160198218161,0.8536772767872447,0.14488474044485145,0.021588829791976072,0.965489095799865,0.9220568993444981,0.2689584986243365,0.9985808775598363,0.03297471421866094,0.031407659173549596,1,1,inf,inf,0,0,0,1,1,0,1,0,8937,4203,240,1,1,1,1,1,2310,3.0,5,1
4.1,16.81,1,0,2213,7.7025561132685825,0,1,1,1,1,0,0,0,0,0,0,27.6,77.92,0.6151275642327069,0.32478809845996837,0.0896576783352886,0.6885177953676872,0.6611243200260503,0.2223870050696929,0.08869081243644605,0.617269134891937,0.7533582453642208,0.04779402711513103,0.01004356618240787,0.14083728347820745,0.7284391838578178,0.8751394087460368,0.43630813083276654,0.8012761095384574,0.06976778562973907,1,1,inf,inf,0,0,1,0,1,1,1,1,8960,2893,339,1,2,1,0,0,2213,4.1,18,1
3.6,12.96,0,0,1240,7.123672785204607,0,1,3,0,1,0,1,0,0,0,0,27.04,75.61,0.00308241512069396,0.7106809986572751,0.43451562463253357,0.6307683476220314,0.6058875417731457,0.35762483927976996,0.7270375186171751,0.03578416156408626,0.14610657250744152,0.47378222865625463,0.2740225002226787,0.9464411032276682,0.6040844047522093,0.4363629147712539,0.3605777244926138,0.8353233111309439,0.8104034663335984,1,1,inf,inf,0,0,1,0,1,0,1,0,2494,570,279,0,1,1,0,0,1240,3.6,22,0
4.1,16.81,1,0,1323,7.188412736496954,0,1,1,1,1,0,0,0,0,0,0,27.54,76.86,0.26234926109763257,0.30791535971505757,0.9247957447681409,0.6132680022373566,0.9687712618313932,0.19273860476236548,0.5980856402682526,0.3834817068848999,0.8025853329651125,0.1407438902092899,0.5656525784415809,0.33572308674032925,0.6130708027596438,0.9063832839377405,0.8744625997325937,0.8092533932129438,0.408049321141293,1,0,inf,inf,0,0,0,1,0,0,1,0,436,2757,357,1,0,1,0,0,1323,4.1,40,0
3.5,12.25,0,0,1787,7.488852955733459,0,1,2,1,1,0,0,0,0,0,0,26.86,77.63,0.7084806503719336,0.6567195786764501,0.47445723478799706,0.7158319719564503,0.9942431247252305,0.9883243036223629,0.8414253240660836,0.012577226560347654,0.5857226560438529,0.13444529929366478,0.3383996174967012,0.9437609838484344,0.46664617168978506,0.17222230444539421,0.4084348519508967,0.9201761237125823,0.3234031943801281,1,1,inf,inf,0,0,0,1,1,1,1,1,8502,3606,206,0,1,1,0,1,1787,3.5,28,1
4.3,18.49,1,0,540,6.293419278846481,0,0,1,1,1,0,0,0,1,0,0,26.150000000000002,77.84,0.7537669659319214,0.29352706209110047,0.5065548266700115,0.4811163056329719,0.8831577102783621,0.12542021421025185,0.01706844943953678,0.8811638572005633,0.09229429497394293,0.7845261944181523,0.563200989276853,0.09259669727885367,0.4581877766587291,0.8397698771275218,0.5780998340917193,0.9281925649635201,0.4904977273167733,1,1,inf,inf,0,0,0,1,0,0,1,1,4678,11,339,0,0,0,1,1,540,4.3,28,0
4.3,18.49,1,0,1623,7.392647520721623,0,1,2,1,1,0,0,0,0,0,0,27.93,75.3,0.8063757280791681,0.7432286139148357,0.796199959347967,0.5139371568592478,0.28328580127502323,0.22650406577797155,0.67506717136987,0.9444973745184353,0.8225675665775244,0.8919888318478455,0.03273984512910377,0.9345153719260203,0.018799780654538023,0.4308473494762697,0.013550371612360168,0.8639558278700655,0.36644014358623556,1,1,inf,inf,0,0,0,1,1,0,1,0,9735,3448,280,0,0,0,1,1,1623,4.3,15,1
4.8,23.04,0,1,4135,8.327484416188264,0,1,2,1,1,0,0,0,0,0,0,26.64,75.01,0.8433949674530256,0.0032882938843559195,0.07796419652975262,0.04462285750599837,0.5210630890234847,0.07604973704664242,0.43584000982607296,0.36273202337486854,0.37076264685200977,0.1783665309022413,0.6689466526447054,0.8049010008162184,0.264209096238039,0.90134122583257,0.41517591799309483,0.9691199706779229,0.5692524946865264,1,1,inf,inf,0,0,1,0,1,1,0,0,832,2355,303,1,1,1,1,0,4135,4.8,41,0
2.7,7.290000000000001,0,0,539,6.29156913955832,0,0,1,1,1,0,0,0,0,0,0,26.32,75.07000000000001,0.1644095989809623,0.24532439769785552,0.6111761996069945,0.7870777889652955,0.10804457284015634,0.14783057388647192,0.5659139124942647,0.522902764291411,0.42619601872404034,0.8256175664501801,0.04655414814673453,0.9616552432004296,0.7149343083161432,0.06500197730573565,0.14472183937671101,0.990225648316378,0.5764835271951703,1,1,inf,inf,0,0,1,0,0,1,1,0,4136,2047,68,0,3,0,1,1,539,2.7,46,1
3.7,13.690000000000001,0,0,4947,8.506738733512378,0,1,4,0,1,0,0,0,1,0,0,26.29,77.28,0.6849666834268283,0.5847267405495935,0.5238051356780036,0.3623202948587234,0.766398297204763,0.46524801480480915,0.3320794773043453,0.676543391446209,0.6790126894067245,0.9082113225361307,0.8477133825669465,0.9069783134768498,0.8791187262320025,0.7464461553013317,0.7676833164965152,0.15078044747877006,0.41505030477869,1,0,inf,inf,0,0,1,1,1,1,1,0,2316,2043,335,0,1,0,0,1,4947,3.7,0,0
4.3,18.49,1,0,2003,7.602900462204755,0,1,1,1,1,1,0,0,0,0,0,27.17,77.32000000000001,0.8514665766988901,0.6603921378017886,0.39880148610927246,0.20278889645441134,0.9886199263411469,0.9234859393454354,0.5853418316412917,0.6002992888923786,0.32921506538948686,0.9007280384872992,0.8209822241551239,0.9688452060715732,0.6858142485293333,0.3196093000466931,0.4375422053110072,0.5742395756829899,0.8179000528719862,1,1,inf,inf,0,0,1,0,1,1,1,1,2622,2055,44,1,3,1,0,1,2003,4.3,19,0
2.9,8.41,0,0,2511,7.828834527588089,0,1,1,1,1,0,0,0,0,0,0,26.07,76.01,0.6451747052877447,0.895699785975255,0.9844814293256778,0.5973098668218055,0.5203651889478342,0.8969912230837535,0.07031812827885653,0.9608392153842932,0.15597973993434733,0.47332951536452383,0.7231953881957931,0.7003536624557377,0.20237886882772016,0.47464852835945515,0.5254954264675701,0.9131366283399797,0.039130102835348235,1,1,inf,inf,0,0,0,1,0,0,0,1,1172,165,356,1,0,0,1,1,2511,2.9,20,1
4.6,21.159999999999997,0,0,2970,7.9966538754626075,0,1,3,0,1,0,0,0,0,0,0,27.27,77.28,0.25696895344743753,0.4382401560034914,0.6904087106146044,0.3161213296714751,0.07194210728935102,0.45379760736492236,0.3991511081545781,0.7998936534539608,0.06230206027900709,0.5400444358264697,0.3886542612436611,0.09551746374066306,0.447886037045503,0.2519621287477778,0.20133547630837634,0.6008941377082007,0.46605926552079635,1,0,inf,inf,0,0,0,0,1,0,1,1,9029,3385,333,1,0,0,0,1,2970,4.6,28,0
2.5,6.25,0,0,4541,8.421122722665503,0,1,2,1,1,1,0,0,0,0,0,26.22,77.91,0.31911101866164227,0.6869440027539114,0.07443957457997175,0.2582058410068908,0.741308989936789,0.7484986985523437,0.8384048417380472,0.6501263978953544,0.17382877486296966,0.2239211543348245,0.664606262967424,0.07668482950026934,0.7150728427707255,0.797264288400447,0.6789146566816604,0.32125532086496034,0.7573117738517053,1,1,inf,inf,0,0,1,0,1,1,0,1,9758,3839,62,1,2,0,1,0,4541,2.5,15,0
3.1,9.610000000000001,0,0,3182,8.065579427282092,0,1,1,1,1,1,0,0,0,0,0,27.02,76.98,0.2758161220672426,0.47583756455746784,0.7629878310035481,0.3699033538940165,0.3857320852399112,0.9710609113032047,0.49671400799860443,0.5640880737654718,0.28734353720390315,0.6034485132285097,0.4272181661130895,0.4000846609328448,0.8584122967783117,0.10220541459316723,0.6361601069739772,0.8691580292293232,0.2733349465814505,1,0,inf,inf,0,0,0,0,1,1,1,1,8912,2977,27,0,0,1,0,1,3182,3.1,47,1
4.7,22.090000000000003,0,0,952,6.859614903654202,0,0,3,0,1,0,0,0,0,0,0,26.66,76.46000000000001,0.0699021557187558,0.08631288969913309,0.9066510784895846,0.4786411349872508,0.5014199864573734,0.6494945131415001,0.06815688130563502,0.021882338988601813,0.23060858913615812,0.9136440910172866,0.17068863524980715,0.6881220134203726,0.8086195911628682,0.3421346995488429,0.33885019106818504,0.04265688283149771,0.4817473564272995,1,1,inf,inf,0,0,0,1,0,0,0,0,8018,1683,35,0,2,0,1,0,952,4.7,26,0
3.8,14.44,0,0,626,6.440946540632921,0,0,3,0,1,0,0,0,1,0,0,27.17,76.35000000000001,0.8752030005760896,0.17035825633266832,0.5667287999804481,0.9983379440651204,0.9071844527119974,0.5199404788965104,0.7391696601640007,0.10913509965798907,0.08384554668977395,0.0461340108501469,0.5489631721164265,0.30898929994341706,0.482594924008967,0.9228169480502313,0.6904318396317491,0.11384479502987865,0.1853057511682602,1,0,inf,inf,0,0,0,1,0,1,0,0,7133,1966,67,0,0,0,0,1,626,3.8,38,0
2.7,7.290000000000001,0,0,1229,7.114769448366463,0,1,3,0,1,0,0,0,0,0,0,27.55,75.86,0.180312942469538,0.6351272125896598,0.5261679426426934,0.1285589140256873,0.6477558907520455,0.18809265513562023,0.9833365761141085,0.25337581432249046,0.4154042986736879,0.033654189141007484,0.2861170895229712,0.5396656882298572,0.2619804245209739,0.3414135423559118,0.7943984011372025,0.2531584784264921,0.35346523442546607,1,1,inf,inf,0,0,0,0,1,0,1,0,263,3857,2,1,1,1,0,0,1229,2.7,20,1
3.0,9.0,0,0,3521,8.166784289056151,0,1,4,0,1,0,0,1,0,0,0,27.94,77.95,0.962017999898106,0.31217453861515687,0.6030914791718562,0.9546800771587253,0.10745297346851068,0.11630636640525083,0.18143938244090507,0.17330398947546155,0.08022323647534679,0.05268949142141899,0.9620939231321176,0.411146435200458,0.5797357621295188,0.9488829726745215,0.06644966177881917,0.4341911955853126,0.6492459167723647,1,1,inf,inf,0,0,0,1,1,0,1,1,4696,792,313,0,1,1,0,1,3521,3.0,6,1
4.4,19.360000000000003,1,0,1334,7.19668657083435,0,1,3,0,1,0,0,0,0,0,0,27.45,76.3,0.9151985525805978,0.7075171460274002,0.04256424685810145,0.8642329094004436,0.8277942397114648,0.8682213132330588,0.7153253649023031,0.7575021907803842,0.4610230067114762,0.7433121785284073,0.2650005595235445,0.4301497007867985,0.4329475657110595,0.14304644556231516,0.12772432950020451,0.606014165769855,0.3028988598506511,1,1,inf,inf,0,0,1,0,1,0,0,0,8380,3868,131,0,0,1,1,1,1334,4.4,31,1
2.9,8.41,0,0,940,6.846943139585379,0,0,2,1,1,0,0,0,1,0,0,26.93,75.99,0.1093751058060316,0.41800523211564533,0.8350978750483237,0.37427109048934937,0.5343429944187773,0.027990776219861013,0.0834548437197078,0.22779024574917395,0.23569655683234414,0.558468445562072,0.17732291237337805,0.8444874893157751,0.9285060419761003,0.48417058132045854,0.1312726574510138,0.23365848804135547,0.7937453703026223,1,1,inf,inf,0,0,0,0,1,1,1,1,609,1446,264,0,2,0,0,0,940,2.9,13,1
3.2,10.240000000000002,0,0,3170,8.061802274538348,0,1,1,1,1,0,0,0,0,0,0,26.97,76.15,0.46472199964334526,0.9566818836318643,0.7546386758254088,0.6949931358266329,0.28592953287142675,0.62688576601043,0.6249650554297232,0.44014504319105807,0.37964544833567826,0.8820787552764604,0.027713286061150533,0.26549172495325724,0.3687269235490487,0.5616006580895091,0.9180022315339932,0.3528768389872221,0.10238116099802808,1,1,inf,inf,0,0,1,1,0,0,1,0,5811,3695,18,0,2,1,1,0,3170,3.2,3,1
4.2,17.64,1,0,2553,7.845416036592485,0,1,4,0,1,0,0,1,0,0,0,26.47,75.11,0.179873287636793,0.5526262654576232,0.4626268541616957,0.172171594486911,0.5166893348993962,0.4803100582063041,0.38387211827249823,0.8101729450120265,0.9393896420108737,0.6978305643077615,0.9029491407068819,0.7676612151105732,0.05270175830692114,0.4457409814782556,0.7091370241459954,0.12498601212100091,0.44428090025959877,1,0,inf,inf,0,0,0,0,1,0,0,1,2365,3437,353,1,3,1,0,0,2553,4.2,23,0
4.6,21.159999999999997,0,0,85,4.454347296253507,1,0,3,0,1,0,0,0,0,0,0,26.55,76.04,0.7413753389681582,0.9637204214304531,0.2730474873468909,0.17130692460555785,0.8699246961041253,0.8572381322670389,0.6258258260049413,0.9539738350376243,0.3789982810161229,0.2864481661075383,0.6820705493082353,0.3956107128799613,0.7459081720715174,0.41784271856423993,0.18661950370041558,0.7222907571094985,0.7565232804313221,1,0,inf,inf,0,0,0,1,1,0,0,1,9202,4017,163,0,3,0,1,1,85,4.6,47,0
2.7,7.290000000000001,0,0,3903,8.269756947532983,0,1,3,0,1,0,0,0,0,0,0,27.16,76.0,0.9344606580015303,0.23918783897498064,0.35885215317412056,0.10416948646786328,0.8031658814850192,0.9106226267696405,0.8545373390844019,0.4866216934003381,0.8586656060470055,0.3526672214829406,0.5059466370690466,0.2763821534202372,0.6674094421055653,0.176484270381701,0.5223876410874934,0.7184449017099426,0.07986971575679436,1,0,inf,inf,0,0,0,0,1,1,1,0,1007,1881,1,1,0,1,0,0,3903,2.7,47,0
3.1,9.610000000000001,0,0,1178,7.072421900537371,0,1,4,0,1,0,1,0,0,0,0,26.810000000000002,76.4,0.8554402166627999,0.18824415039396947,0.3583640571838551,0.7142838918751523,0.5653586058738365,0.6783951499986594,0.606982167901503,0.7564483218457326,0.9875593690349446,0.7519924520558687,0.9466445487799008,0.515472685371532,0.5657105845398711,0.19530436536712104,0.11983295540406957,0.3815703255259043,0.6729434373976506,1,0,inf,inf,0,0,0,0,1,1,0,0,5448,2793,230,1,0,1,0,1,1178,3.1,0,1
2.6,6.760000000000001,0,0,4334,8.374476889214643,0,1,3,0,1,0,0,0,0,0,0,27.25,75.31,0.10411152940013169,0.1322021058021785,0.009207067362857146,0.3060169558570319,0.7872208873103607,5.605317265411358e-05,0.653323323496189,0.7913317990047586,0.9529796734125479,0.13466487028325835,0.657299442683801,0.4572351300531302,0.023965891815020846,0.42606601264166777,0.28833464608044923,0.13219620534499843,0.3149142560897208,1,1,inf,inf,0,0,0,0,0,0,0,0,2646,2652,288,1,2,0,1,1,4334,2.6,4,0
2.9,8.41,0,0,1011,6.919683849847411,0,1,3,0,1,0,0,0,0,0,0,26.94,77.56,0.5047212637092772,0.8378476795617765,0.1230824466107352,0.7320914968240756,0.34030325568151343,0.9164273047626283,0.9441742360550872,0.5229169860872842,0.538034204370152,0.4767760274267614,0.2478377727266703,0.4264811045995842,0.632091998130386,0.25617944636203493,0.892026388424946,0.6992716083266879,0.5373686093970792,1,0,inf,inf,0,0,0,1,0,1,1,0,8336,1812,216,0,0,1,0,0,1011,2.9,30,0
3.0,9.0,0,0,2951,7.990238185720363,0,1,1,1,1,0,0,0,0,0,0,27.61,77.65,0.3161054472395055,0.2977043758242176,0.19946713857732545,0.0036940600129431456,0.6712492849602627,0.9348448430205316,0.42455277728166696,0.6417955155206467,0.09736153703053596,0.6192122607445724,0.5989779817576172,0.8384650296044325,0.24297725841704443,0.6544373096031547,0.455642487691847,0.609906151324399,0.7874475880221128,1,0,inf,inf,0,0,0,0,0,1,0,1,1251,1243,260,0,2,0,0,0,2951,3.0,15,1
4.0,16.0,1,0,3272,8.09346227450118,0,1,4,0,1,0,0,1,0,0,0,27.93,77.49,0.608634180780309,0.8568312078826126,0.806187953200092,0.33927659363290086,0.2533240587335206,0.3029590938239697,0.5929144690181983,0.05956832220104524,0.32606117309815474,0.37605771488853357,0.32151002505009385,0.8272008129547965,0.6390062698172883,0.37298114260744586,0.10105344099271096,0.8629364650258886,0.5563996364289286,1,1,inf,inf,0,0,0,0,0,0,0,0,9929,1054,326,1,0,0,1,1,3272,4.0,39,0
5.0,25.0,0,1,2989,8.003028666384733,0,1,4,0,1,0,0,0,0,0,0,26.5,75.04,0.3996687652885196,0.79771545210635,0.22285683568477743,0.7604662475357158,0.6167284532197352,0.8821804689816489,0.14157399215027,0.7550098025715302,0.36730742240316516,0.33052601508953183,0.5235282021807022,0.5720458238623866,0.33477804851001725,0.5111035085284598,0.36699894707486813,0.36159910202373025,0.9180928784338377,1,1,inf,inf,0,0,0,0,0,1,0,0,4095,3387,42,0,3,1,0,1,2989,5.0,6,1
3.6,12.96,0,0,4395,8.388450315523512,0,1,4,0,1,0,1,0,0,0,0,27.98,76.89,0.9571988795983537,0.3908250900750504,0.49152440495939276,0.35243150543562907,0.6014881231727409,0.4943936542346218,0.7501778506272938,0.8450733653703232,0.3203968887626356,0.7760096371210146,0.46139680658450133,0.41407975971594446,0.8267552363791614,0.35797424070143447,0.1950992477125979,0.07771495377369975,0.6824004951162861,1,0,inf,inf,0,0,1,0,1,1,0,1,9703,4573,84,0,1,0,1,0,4395,3.6,45,1
4.2,17.64,1,0,2337,7.757051142032013,0,1,1,1,1,0,0,0,0,0,0,27.78,77.85000000000001,0.43125162169043263,0.30425733959036727,0.42702522850729596,0.5878623064167013,0.812160222706041,0.45029858259245537,0.9747002392512688,0.23487144151530692,0.18225020163349637,0.8243156034992548,0.3174162668159478,0.5940227273875449,0.7839123195198336,0.0874509465215606,0.36583417068077007,0.31166356779419213,0.5489414230695333,1,1,inf,inf,0,0,0,0,0,1,0,0,4862,1304,226,1,0,1,1,0,2337,4.2,46,0
4.6,21.159999999999997,0,0,2999,8.006367567650246,0,1,2,1,1,0,1,0,0,0,0,26.03,76.51,0.1546721882586668,0.8858728350860858,0.13919568110122194,0.9546285987559114,0.27850657069677665,0.6646311316428889,0.9775379046586081,0.19395919958337127,0.9121805476471042,0.7605581750739563,0.08616850012833477,0.27025428973484256,0.9829190896198948,0.9063910379724625,0.3091797921331285,0.4419950445991597,0.3706491079324039,1,1,inf,inf,0,0,0,0,0,1,0,0,4454,1892,272,0,1,1,1,1,2999,4.6,47,0
3.9,15.209999999999999,0,0,2225,7.70796153183549,0,1,4,0,1,0,1,0,0,0,0,27.810000000000002,77.85000000000001,0.8809799874835675,0.18871965046392336,0.4402924418024142,0.5762958596648071,0.02451482189874299,0.2649950521183846,0.6882531721600956,0.0452927574551486,0.510184311497599,0.5626659873146613,0.22804300052923576,0.8952665681278289,0.14333302399609527,0.6751984317459111,0.7352978866661901,0.9159996748044719,0.42185454882185625,1,1,inf,inf,0,0,1,0,1,0,0,1,4192,2500,214,1,2,0,1,0,2225,3.9,35,0
2.5,6.25,0,0,1422,7.260522598089852,0,1,3,0,1,0,0,0,0,0,0,27.68,77.42,0.2789622142072484,0.9244726216728705,0.6122632583641534,0.4674742973871201,0.03408325425404435,0.02762781089017774,0.37249403455319574,0.5244790971427076,0.5353242537002721,0.6850043877686753,0.5583924910140247,0.9296961564467189,0.9839107967161987,0.6417524260465037,0.7822429836660947,0.49436530695645453,0.5650441571085735,1,0,inf,inf,0,0,1,0,1,1,0,0,1998,4352,310,0,1,0,1,0,1422,2.5,11,1
3.9,15.209999999999999,0,0,3705,8.217708406845306,0,1,4,0,1,0,0,0,0,0,0,26.22,75.45,0.749073652859032,0.8187401512307345,0.9186726962824724,0.22856803320113284,0.9967048947981337,0.7076932565768906,0.2586393184924286,0.7203700410775273,0.8618796696673293,0.14917848847614634,0.5546026521293078,0.2825709046585192,0.676355564130744,0.8821440343585895,0.12104326909505714,0.30126024484577985,0.057677500002676685,1,1,inf,inf,0,0,1,1,1,1,1,0,9553,217,13,0,0,0,1,0,3705,3.9,14,1
3.5,12.25,0,0,4936,8.504513138258863,0,1,1,1,1,1,0,0,0,0,0,27.86,75.02,0.27171058329177444,0.11878847485673405,0.9241874159789966,0.4371877603258868,0.7119314593621889,0.9061410787365627,0.7626195502656163,0.9249634993824686,0.26804300341307585,0.7704276759165998,0.28254149573650966,0.20489486991069505,0.27777143817609273,0.10156541089891247,0.7788115980140391,0.3234391242674993,0.6214096463797196,1,1,inf,inf,0,0,0,0,0,0,0,0,6776,2727,316,0,0,0,0,0,4936,3.5,39,1
3.5,12.25,0,0,2140,7.669028288589683,0,1,2,1,1,0,0,0,0,0,0,27.57,76.45,0.7224224942355575,0.1863536595937091,0.4584756342037093,0.4100316179811675,0.3731416000983441,0.5257952113733608,0.8528161493766822,0.04758397876029663,0.2853417375550017,0.6736983997617969,0.6642539448550743,0.14964464655637277,0.4583257800926065,0.4697149690945155,0.08408670903279758,0.5455118946107961,0.2286635800177491,1,1,inf,inf,0,0,0,0,1,1,1,1,2297,2515,147,1,3,1,1,1,2140,3.5,20,1
3.3,10.889999999999999,0,0,3675,8.209580483475577,0,1,2,1,1,0,0,1,0,0,0,27.28,76.39,0.5384292157828093,0.9012591981745629,0.1387528273077645,0.127884635581888,0.0009404121471161542,0.52864162312286,0.6422884529929748,0.9282013610212211,0.2616975125949287,0.5039656618202176,0.3415928758211604,0.9756279111502171,0.7061550203909568,0.18058001084234776,0.33907602012822424,0.33765050251069073,0.9296713390664237,1,1,inf,inf,0,0,1,1,0,1,0,1,7940,2224,316,1,2,0,1,0,3675,3.3,38,0
5.0,25.0,0,1,1445,7.27655640271871,0,1,2,1,1,0,0,0,0,0,0,26.95,76.24,0.571814918080955,0.8110037317886097,0.2562943079054687,0.8797112824814838,0.6719964824455922,0.5450471658487251,0.543509895014199,0.6962032826997948,0.12046196067926129,0.6519268697037337,0.20209467882560805,0.8825991895821975,0.5836668367602325,0.6811206645963109,0.08582590302065751,0.6713260846298421,0.3601832087003982,1,1,inf,inf,0,0,1,0,0,1,0,1,688,652,193,1,1,1,0,0,1445,5.0,25,1
2.9,8.41,0,0,727,6.590301048196686,0,0,4,0,1,0,0,0,0,0,0,26.560000000000002,77.89,0.5982899212071883,0.8218272419696817,0.4484402656808002,0.524557857997279,0.6875663487831686,0.09405321354028884,0.14467883180481822,0.4345414714546828,0.14882970313727995,0.7464405174177156,0.5520169113394203,0.7954017177484805,0.5368034038831025,0.33397505360564894,0.4573531768487902,0.36241756079986853,0.6268209374471277,1,0,inf,inf,0,0,1,1,1,0,0,1,7255,2561,79,0,1,1,0,0,727,2.9,29,1
4.6,21.159999999999997,0,0,641,6.464588303689961,0,0,4,0,1,0,0,0,0,0,0,27.82,77.59,0.1479923468784029,0.06489757448309508,0.18610469203036917,0.11940767717225664,0.9391303646625502,0.5491603820878189,0.19999377073712654,0.23428116115459985,0.6907540558522927,0.8271352412162448,0.9109813796473316,0.9598155015521631,0.020302181773073635,0.7879879948412892,0.7516738346995541,0.06704054525842462,0.5459400960284706,1,1,inf,inf,0,0,1,0,1,0,1,0,2118,4848,125,0,3,0,1,0,641,4.6,5,0
3.0,9.0,0,0,1229,7.114769448366463,0,1,1,1,1,0,1,0,0,0,0,26.57,76.97,0.9201246438118282,0.7079734634350773,0.5606187855099363,0.5237441105735163,0.396768022720128,0.44069391342570996,0.38404833880254163,0.6819604460249393,0.3991604728082365,0.08800493849481705,0.48036633674245766,0.03890718985232733,0.11120710450383053,0.9593585428828145,0.46720722343480536,0.0408165146766204,0.666183017058324,1,1,inf,inf,0,0,1,0,0,0,0,0,4085,4372,226,1,2,0,1,0,1229,3.0,36,0
4.9,24.010000000000005,0,1,2049,7.6255950721324535,0,1,3,0,1,0,0,0,1,0,0,26.01,77.0,0.8904206529756008,0.429297892784544,0.7879687979522078,0.9636884983606065,0.8989594093878491,0.8316597504354336,0.4347466147869198,0.20161154246770618,0.8968679038567179,0.024397472429937284,0.0704929759041586,0.0300883097611917,0.7851666852053615,0.5853333634075508,0.9763506636983467,0.001651571681958175,0.8104976756231346,1,0,inf,inf,0,0,0,0,1,1,0,1,2773,4501,99,1,2,0,0,0,2049,4.9,35,0
2.8,7.839999999999999,0,0,4620,8.438366410870266,0,1,2,1,1,0,0,0,0,0,0,26.66,77.85000000000001,0.36118626386245234,0.9617799399598054,0.2397990434261581,0.17006746321748167,0.5204799318651431,0.5669705024574332,0.08784858990497812,0.3936678189941124,0.5651067157379567,0.5818427521665144,0.9984751935241221,0.4770946789423275,0.6948935074545423,0.7060751634026721,0.4777427160492519,0.48952155084668414,0.4799924012393617,1,0,inf,inf,0,0,1,1,1,0,0,1,381,1653,171,0,3,0,1,0,4620,2.8,7,1
3.3,10.889999999999999,0,0,4490,8.409830673087738,0,1,2,1,1,0,0,0,0,0,0,27.53,76.32000000000001,0.4847339272713952,0.00771666919339542,0.7794346441743703,0.04893661630921897,0.5627580260465382,0.08222661567914968,0.27938849026545476,0.08458945765531045,0.8443554195579943,0.9450723558719247,0.9289448093824727,0.35822047883182684,0.3459857390484993,0.713129770096058,0.1877382503174847,0.7652431124449867,0.5867789411877319,1,1,inf,inf,0,0,1,1,1,1,1,0,7399,1001,234,0,2,1,1,0,4490,3.3,32,1
3.0,9.0,0,0,2985,8.001689978099135,0,1,3,0,1,1,0,0,0,0,0,27.21,76.69,0.9234599216204438,0.991667926740182,0.5853987385608311,0.5649561404195732,0.6017476666450534,0.5830228974260103,0.6838465550507834,0.047473753107923455,0.29006557681893586,0.3574082044951631,0.17942609106113339,0.5975661242303502,0.550976839133686,0.1431027422331005,0.39675097544880933,0.7593794802994358,0.45973535716307934,1,1,inf,inf,0,0,0,1,0,1,0,1,609,1174,298,1,1,0,1,1,2985,3.0,20,0
4.0,16.0,1,0,764,6.639875833826536,0,0,3,0,1,0,0,0,1,0,0,26.89,76.17,0.7649739012884927,0.45906376261254067,0.5294279139765234,0.39496949539319515,0.6851022318505994,0.15425346438156873,0.9432094220188454,0.8857344847879307,0.4975544798024091,0.5226293436133425,0.7190078667306853,0.9461094441441101,0.9911138109119572,0.7437886287142956,0.20320926363679237,0.24538368843580893,0.5217680969533917,1,1,inf,inf,0,0,1,1,1,0,1,1,1869,213,129,0,0,0,1,0,764,4.0,28,1
4.4,19.360000000000003,1,0,166,5.117993812416755,1,0,4,0,1,0,0,0,0,0,0,26.990000000000002,76.99,0.758896389805624,0.01724237533254147,0.8401205472106077,0.9804309470816698,0.30868256089813684,0.29412121064882535,0.4769667850950978,0.30775518764042487,0.4643173675116812,0.32751387611265925,0.549285838504997,0.7709626628735023,0.6615744486859375,0.28306291629241065,0.984352198282333,0.8488775669072318,0.8093271498545059,1,1,inf,inf,0,0,1,0,1,0,0,1,4195,1371,185,1,2,0,0,1,166,4.4,41,0
3.6,12.96,0,0,154,5.043425116919247,1,0,1,1,1,0,1,0,0,0,0,26.02,75.09,0.5480492467090141,0.6209964417038271,0.4873055921009185,0.5335344834535106,0.07967023017920405,0.42413088521472364,0.8819687197852099,0.9374524516921556,0.3742288509347047,0.42481797644477715,0.6060523273598991,0.8666924424639698,0.6853327951182758,0.5999493269880811,0.6963936095845814,0.8757844561359795,0.47868269541467456,1,0,inf,inf,0,0,0,0,1,0,1,1,2138,1803,37,0,2,0,1,1,154,3.6,10,0
3.2,10.240000000000002,0,0,2711,7.905441649060286,0,1,2,1,1,0,0,0,0,0,0,26.77,75.91,0.1406962463135153,0.9895723096856687,0.10121353498404351,0.26422116866655954,0.8095773593873359,0.04805936917067821,0.21185546687346835,0.050604690413691755,0.17626622545895465,0.6129264505300741,0.30303648629985236,0.1809618571230196,0.6211882758365947,0.4725243522748115,0.5750045882297948,0.5939697863495943,0.6800747161090108,1,0,inf,inf,0,0,1,0,1,0,0,0,6709,2608,244,1,0,0,1,0,2711,3.2,27,0
3.8,14.44,0,0,2030,7.616283561580385,0,1,4,0,1,1,0,0,0,0,0,26.25,77.09,0.6616723433429968,0.6436656546352277,0.44656420705649547,0.3871414111710858,0.01437125526313554,0.6521960630695447,0.27036557610714573,0.024171353201974055,0.2374164288082321,0.9160174926346484,0.6500914159868179,0.31251097672652906,0.605572424088925,0.1464848142534747,0.0891735775617748,0.09853667933621013,0.1389113296015665,1,1,inf,inf,0,0,1,0,1,1,1,1,5293,2673,36,1,1,1,1,0,2030,3.8,48,1
3.5,12.25,0,0,468,6.150602768446279,0,0,3,0,1,0,0,0,0,0,0,26.09,75.96000000000001,0.6868236747598654,0.16127165097423457,0.45131896703764673,0.1472467293183637,0.6602010694822641,0.1526036340209943,0.1995022561276989,0.766945582974498,0.8579263093876323,0.6470194696865663,0.8404753983703479,0.1398163183449963,0.7424370987378243,0.25969888620081216,0.47263291271301366,0.06767687534863198,0.08839922999164229,1,1,inf,inf,0,0,1,0,0,0,0,1,243,2767,297,1,1,1,0,1,468,3.5,44,0
3.9,15.209999999999999,0,0,2919,7.979338895262328,0,1,1,1,1,0,0,0,0,0,0,26.25,75.77,0.8858512648203496,0.09830200662859534,0.7805794503637633,0.9570197785038435,0.4809295748198319,0.9524451396519366,0.4633964768805341,0.25740428210249,0.46748007290047955,0.947941469475398,0.7555084385067921,0.7431819150646654,0.36470634257536005,0.3691812179544418,0.49943524102702597,0.7010397543721517,0.8072073745592934,1,0,inf,inf,0,0,0,0,0,1,0,0,1231,705,308,0,3,1,1,0,2919,3.9,24,1
3.7,13.690000000000001,0,0,1357,7.213768308118642,0,1,2,1,1,0,0,0,0,0,0,26.82,77.16,0.4518817542363631,0.4959451958199208,0.760282909508327,0.46659765045381374,0.6685184029601825,0.822533419430923,0.48481801834234195,0.6433132849940202,0.2552985200364343,0.3895712699709848,0.39439309752945795,0.25430197440906044,0.9729471115865856,0.8762006221837159,0.4988053769493721,0.835741122779796,0.3491696057313336,1,1,inf,inf,0,0,1,0,0,0,1,1,2776,4692,167,1,2,0,1,0,1357,3.7,42,1
4.1,16.81,1,0,36,3.6109179126442243,1,0,2,1,1,0,0,0,0,0,0,26.66,75.78,0.625156354107923,0.628430483226998,0.10800407031617265,0.6283537274353275,0.2209050560722451,0.4775861326488592,0.11549307173000312,0.5436882615844439,0.3317724903710534,0.5260711931627096,0.12797699500731252,0.1746957639839508,0.41713921619928485,0.8828729036019587,0.29310870534721467,0.6170461445218928,0.15517045025438236,1,0,inf,inf,0,0,1,0,0,0,0,1,6316,3948,34,0,2,0,1,0,36,4.1,12,1
2.5,6.25,0,0,2294,7.738488122494646,0,1,4,0,1,0,0,0,0,0,0,27.85,77.34,0.912167181715957,0.9462141166342312,0.9815546455137597,0.4080280066286013,0.04897581589240718,0.9695730559637361,0.044966853389509454,0.7492495106626992,0.4074829199716109,0.20156039466387665,0.07391946027231233,0.5889028902581211,0.5242502740809001,0.796813529364806,0.9564232051764637,0.7319589679842871,0.38067003193156446,1,1,inf,inf,0,0,0,0,0,0,1,0,4402,2578,182,0,3,0,0,0,2294,2.5,27,0
3.9,15.209999999999999,0,0,3767,8.234299635696253,0,1,1,1,1,0,0,0,0,0,0,26.45,77.97,0.6434476966037382,0.4123436280583842,0.8140418029346413,0.2594934407883136,0.06528484872808338,0.47789367772740066,0.5909401618688319,0.0597161679406053,0.5359367710226983,0.1235549962195559,0.10074295858442928,0.4843586506808958,0.7803252683458055,0.9637799591032769,0.5183849493728293,0.967816182904647,0.8932754447029196,1,1,inf,inf,0,0,0,1,0,1,1,1,3898,3562,112,0,2,0,0,1,3767,3.9,13,0
4.7,22.090000000000003,0,0,3264,8.09101504171053,0,1,4,0,1,0,0,0,0,0,0,27.16,77.28,0.7674709240535245,0.44329867163604997,0.6936903814410533,0.31791464788404045,0.743092416844214,0.018706682165310018,0.459459297718094,0.930697631186141,0.3063519262311277,0.5004677768386359,0.9504003671114089,0.8199838476108511,0.04925500392407833,0.9001648527836924,0.8670516961718187,0.8221143092088904,0.3810047648051449,1,0,inf,inf,0,0,0,0,0,1,1,1,1782,2963,79,0,2,0,1,1,3264,4.7,34,1
3.1,9.610000000000001,0,0,3870,8.261268150577648,0,1,4,0,1,0,0,1,0,0,0,27.05,75.24,0.151756704600287,0.5591738817690678,0.1596019459116429,0.025737857161573285,0.34199846481244545,0.25711779135401425,0.30460993012790394,0.05645048023191346,0.9373837224918087,0.34918605438811134,0.6920130182073164,0.18000977821570374,0.288896804369539,0.027916079838597008,0.6956956842614465,0.41739549813873833,0.04499241256107367,1,1,inf,inf,0,0,0,1,0,1,1,1,2003,2715,192,0,0,1,1,0,3870,3.1,47,1
3.4,11.559999999999999,0,0,1638,7.40184157874383,0,1,3,0,1,0,0,0,0,0,0,27.3,76.10000000000001,0.2760001642169275,0.05777197905586284,0.8520258730325612,0.04492019139051395,0.5188866374011545,0.16722919703199435,0.9270553745482433,0.6112877805071153,0.3896724645482851,0.4014273739921528,0.7596395786728241,0.5310352741266998,0.29414431620419945,0.8469145519106018,0.3664203830439311,0.30741609971905637,0.4083501424248037,1,1,inf,inf,0,0,1,0,0,1,1,1,5406,2318,53,0,1,1,0,0,1638,3.4,23,0
4.9,24.010000000000005,0,1,3598,8.188411308079031,0,1,4,0,1,0,0,0,0,0,0,27.87,75.23,0.8439603394153388,0.03885972232661372,0.23429838973897454,0.12408494372945389,0.13840931638705933,0.6401457811218155,0.7903004102080792,0.9820319368925595,0.7012158090668407,0.04878453563818519,0.5724318216078363,0.16724314988357436,0.4962580900709551,0.49793230391880994,0.6190647470402332,0.7240176869909692,0.9722642298334616,1,0,inf,inf,0,0,0,1,0,0,1,0,5929,2622,281,0,2,1,0,1,3598,4.9,6,1
4.8,23.04,0,1,1187,7.080026499922591,0,1,2,1,1,0,0,0,0,0,0,26.07,76.74,0.9518803726647708,0.4998094901890211,0.34792807719254226,0.44537313655985444,0.22344436152047598,0.5180386208872781,0.14003210387273035,0.8385800023432933,0.29297696513420834,0.16099991500779098,0.1286642139419022,0.665207864727818,0.4625209048435497,0.6736574977502807,0.8165223499122025,0.3495596384791131,0.19568226602659688,1,1,inf,inf,0,0,0,0,0,1,1,1,1643,1001,254,1,3,1,0,1,1187,4.8,26,0
2.6,6.760000000000001,0,0,4363,8.381144346952961,0,1,2,1,1,0,0,0,1,0,0,26.07,76.87,0.08612970015070254,0.5192721664629191,0.9944327424564409,0.08896033821002369,0.07447744715178695,0.7523616975355277,0.79847762916279,0.709939432581486,0.8076845742536046,0.8336124491478991,0.008417124877182935,0.4968701932072682,0.2551934102374189,0.5822736554901647,0.05871938206243843,0.8329030461767376,0.43221002487306326,1,1,inf,inf,0,0,0,0,0,1,0,1,3416,2307,201,1,2,0,0,1,4363,2.6,24,1
3.1,9.610000000000001,0,0,1536,7.337587743538596,0,1,1,1,1,0,0,0,0,0,0,26.63,76.98,0.434073163696178,0.896928430601868,0.5885645647897119,0.8006795881452197,0.8839492618630811,0.928846615947418,0.20986274737767907,0.4889314882371931,0.11137168156197863,0.6108169063611695,0.9136547593943244,0.9556799767664745,0.47112912369615834,0.4552592189513216,0.26650177435036215,0.3296231347875225,0.5091330602448397,1,1,inf,inf,0,0,0,0,0,0,0,1,5240,3376,182,1,3,1,1,0,1536,3.1,9,1
4.5,20.25,1,0,2273,7.729295674310482,0,1,1,1,1,0,1,0,0,0,0,27.7,76.24,0.6758528984951931,0.674977403554304,0.9997253586530177,0.49929576603587866,0.34379969148943956,0.9214831684716199,0.8705480348757674,0.4801820080364412,0.6130531398145546,0.8088147337936014,0.3767465650797819,0.8717292599006338,0.17964929309839162,0.9821223224758314,0.7862691020706284,0.27082448600661047,0.994457598149348,1,0,inf,inf,0,0,1,1,1,1,1,1,4601,1612,237,0,2,0,1,0,2273,4.5,42,1
5.0,25.0,0,1,3903,8.269756947532983,0,1,4,0,1,0,1,0,0,0,0,27.64,76.38,0.6768290272170339,0.5133886552487164,0.9000115256551816,0.5254623512401195,0.3592942495560082,0.400600521967426,0.16291757714855026,0.42777177292802115,0.564553416284643,0.15865636441975373,0.17249831617924538,0.8460722132783146,0.3558315828963441,0.6973540524996537,0.20553833674515443,0.14122119775149278,0.2714736488179802,1,1,inf,inf,0,0,0,1,1,0,0,1,7894,1265,28,1,1,0,1,0,3903,5.0,5,0
3.6,12.96,0,0,4619,8.438149984075784,0,1,1,1,1,0,0,0,0,0,0,26.580000000000002,77.08,0.33892739541838934,0.588595115891021,0.6481367718762131,0.14501762900416204,0.7382015440185129,0.6531551493887413,0.9903736425770198,0.7771602123539235,0.3592303588883491,0.4260919594803164,0.5275410166623751,0.7127795536317991,0.9941597105724475,0.342611291697687,0.9453838133079089,0.7958743361852553,0.6170298043653244,1,1,inf,inf,0,0,0,1,1,0,1,1,5817,1478,89,0,1,0,1,1,4619,3.6,38,1
4.7,22.090000000000003,0,0,1578,7.364547014255642,0,1,1,1,1,1,0,0,0,0,0,27.79,77.60000000000001,0.2230156753645849,0.4901989528743176,0.49831450346354644,0.8915831810650755,0.9925283386566573,0.08674700195503515,0.05005795391158163,0.037771160382722324,0.12120778738370941,0.4813279086207164,0.5481150885242484,0.3735617104282748,0.3350576171789841,0.8510464042232191,0.2549894861682015,0.21732102645344842,0.0611035826483024,1,1,inf,inf,0,0,0,1,0,0,1,0,1220,2331,306,0,3,0,1,1,1578,4.7,39,0
4.7,22.090000000000003,0,0,84,4.442651256490317,1,0,2,1,1,1,0,0,0,0,0,26.5,77.86,0.33147468820403236,0.8446938074877299,0.9970407852943118,0.2804782929222215,0.6289019253333119,0.4049446996740306,0.923584747695206,0.6657392683904753,0.47229376526241695,0.34928430463743654,0.07996560406832764,0.6513470183315018,0.6775527158410662,0.37649874485267065,0.7447525841615492,0.6967757432522161,0.826479059787252,1,1,inf,inf,0,0,0,0,0,1,0,0,9290,895,270,1,2,0,1,0,84,4.7,35,0
4.8,23.04,0,1,2493,7.821643126239982,0,1,2,1,1,0,0,0,1,0,0,26.43,77.83,0.7351395195788841,0.11456383928846481,0.34036755178123423,0.9957418398432089,0.18927397213370778,0.0894952939014022,0.887411661612382,0.06864746981741243,0.6582063481764227,0.7376690492872183,0.5234838720215745,0.578532947560713,0.570413714230752,0.08670975110605927,0.6600430727179653,0.2589776394351362,0.687443746578657,1,1,inf,inf,0,0,0,0,1,0,0,0,9997,4038,354,0,0,0,1,0,2493,4.8,43,1
3.0,9.0,0,0,3155,8.057060681965766,0,1,4,0,1,0,0,0,0,0,0,27.09,75.21000000000001,0.5683220877307181,0.8514233745028906,0.8497494495149528,0.032956732061147465,0.2011428154984365,0.2433285486078387,0.2594582542704231,0.17313867172931885,0.8094452597202145,0.2858196456474633,0.8391778245160992,0.5656994249022227,0.8032942777763813,0.34816448422016166,0.5943055596302816,0.5847485587968487,0.615327723651983,1,1,inf,inf,0,0,1,1,0,1,1,0,9081,759,29,0,3,0,1,1,3155,3.0,18,1
3.3,10.889999999999999,0,0,4870,8.491054533806542,0,1,4,0,1,0,0,0,0,0,0,26.62,77.07000000000001,0.3010800807479832,0.5580279215535057,0.6280516997824297,0.6146893237773383,0.5678033945384727,0.9767497435141813,0.9292361092415139,0.6801024526824054,0.0610095704865975,0.9952201746856733,0.1917040639964266,0.5408641319374954,0.45927388737893593,0.9244516373459934,0.12398315178293395,0.07309713076342295,0.2811259847778331,1,1,inf,inf,0,0,0,0,1,1,0,0,4547,4751,57,1,0,0,0,1,4870,3.3,20,1
3.0,9.0,0,0,4950,8.507344855361422,0,1,2,1,1,0,0,1,0,0,0,27.12,75.22,0.9316983526088629,0.09779320133119951,0.9729143841842023,0.45224057459200906,0.07666425709912583,0.8273307142277803,0.8226066277999114,0.5414253827114285,0.2592493248802481,0.7105385627302341,0.09850926367650714,0.1448563980944183,0.3982335553384121,0.4844962908781141,0.7827452306831326,0.8877029193425161,0.6439691623125291,1,1,inf,inf,0,0,0,0,0,1,1,1,6788,4171,298,1,0,1,0,1,4950,3.0,45,0
4.7,22.090000000000003,0,0,3235,8.082093278178382,0,1,4,0,1,0,0,0,0,0,0,27.35,75.79,0.33105309970679564,0.5960003454142807,0.7907718042944815,0.8770577251542815,0.21801938605922477,0.12709831163629293,0.9687826214901238,0.8515057330439726,0.45324509989201267,0.5885399457452251,0.2941926858126168,0.47134069324258243,0.522858585316298,0.3222078554722789,0.16178826029033544,0.6759781747833451,0.9466157461527791,1,1,inf,inf,0,0,0,0,1,0,0,0,5291,4991,291,1,1,1,1,0,3235,4.7,13,0
2.8,7.839999999999999,0,0,708,6.5638555265321274,0,0,4,0,1,1,0,0,0,0,0,26.26,76.0,0.3340522314270171,0.36937757615318334,0.5000351413994827,0.4018584426263643,0.7019961211613147,0.8970375583395918,0.9122312767700175,0.3157014096047408,0.199529032070767,0.4535066287581442,0.2169346355930184,0.7004268749219307,0.9531793769565623,0.46821042701441684,0.5381028923618276,0.29658203572054487,0.36904269513142773,1,0,inf,inf,0,0,0,1,0,0,0,0,9630,245,270,1,2,1,1,0,708,2.8,1,0
4.5,20.25,1,0,3544,8.173293438966228,0,1,2,1,1,0,1,0,0,0,0,26.64,76.84,0.9495327610522843,0.8402583665792087,0.7313324325438719,0.07594686413748164,0.35513248776111095,0.7950794677052946,0.6655136326453177,0.5295140355224327,0.20809127152811957,0.960105538239999,0.9053932033857026,0.5165780712880583,0.4506241584894046,0.9864266783137732,0.9054651428815208,0.7170915886415238,0.6235815385275325,1,1,inf,inf,0,0,1,0,1,0,1,1,930,883,50,1,1,1,1,1,3544,4.5,5,1
4.4,19.360000000000003,1,0,278,5.631211781821365,0,0,3,0,1,0,0,0,0,0,0,27.580000000000002,77.04,0.523918655419401,0.6745237386742676,0.3844555671224462,0.7408434368449636,0.717483364042878,0.47133092720288394,0.43254704797803245,0.5117773443321589,0.12314499167926762,0.6127877362204842,0.8944399931143058,0.7240101565852172,0.9234975329279135,0.4971985495083565,0.46076323355919624,0.91060488384421,0.08146775156527819,1,1,inf,inf,0,0,0,1,0,0,1,1,7634,3417,195,1,2,1,0,0,278,4.4,37,1
4.0,16.0,1,0,1714,7.44716835960004,0,1,2,1,1,0,0,0,0,0,0,26.96,76.48,0.1361187025009214,0.3584333424852003,0.733927863047507,0.9777355692046165,0.547621571898758,0.29553161962807994,0.04021378398074493,0.4836507378308007,0.19228015486525551,0.12347887169132377,0.1842877404899912,0.7312380677762131,0.800193355921502,0.054213819608153524,0.5742086552807729,0.2834164377719738,0.9053096043088853,1,1,inf,inf,0,0,0,1,1,0,0,1,2256,2164,299,1,1,0,1,1,1714,4.0,42,1
2.8,7.839999999999999,0,0,169,5.135798437050262,1,0,4,0,1,0,0,1,0,0,0,26.67,75.72,0.01363149130822583,0.9189099066987928,0.8201279092064474,0.21437795135347204,0.4673877559964319,0.2083700757982957,0.7123034171314624,0.043962347291473525,0.5327803758760185,0.9631806853395852,0.6333315802452488,0.2755766911660128,0.8202452046871137,0.08656818907185815,0.781684449771245,0.03158043753032491,0.45300244761231734,1,1,inf,inf,0,0,1,0,1,0,1,1,1632,966,182,0,0,0,0,1,169,2.8,6,1
4.9,24.010000000000005,0,1,3605,8.190354403763262,0,1,2,1,1,0,0,0,0,0,0,27.38,76.2,0.9914061654896313,0.4748309705903351,0.9253587550877832,0.28354540759297986,0.06297518130589674,0.004202396801634589,0.818376160243302,0.24022422082689854,0.3208653402304401,0.36451570358049334,0.7661749301109028,0.13255724386309298,0.9281519892399444,0.1603619686282559,0.4037497842181206,0.4417266729277287,0.48118735898230314,1,1,inf,inf,0,0,1,0,0,0,1,0,2133,2622,256,1,2,0,0,1,3605,4.9,33,1
3.8,14.44,0,0,2960,7.993282328101591,0,1,3,0,1,0,0,0,0,0,0,26.900000000000002,76.4,0.897824080186078,0.05733352854195184,0.9214667362084624,0.04120298033132119,0.2380132053695806,0.7963495083945618,0.40598524771607236,0.9763319267235875,0.2711416048612134,0.5231696259938968,0.9380542694108805,0.9763678700457357,0.28266472505648443,0.7059784031826515,0.9399895446423095,0.8794267903117035,0.7485922627655968,1,0,inf,inf,0,0,1,0,0,1,0,0,4244,1896,231,0,3,0,0,1,2960,3.8,17,1
3.1,9.610000000000001,0,0,2637,7.87777633327726,0,1,4,0,1,0,0,0,0,0,0,27.0,77.61,0.39668306164358025,0.8833094086225493,0.12670941983647244,0.9034555276883984,0.7368778853647893,0.6414577343918315,0.4202280171377534,0.9747043765487049,0.7731878675485626,0.7488295412717488,0.4144370252001759,0.21858047374191092,0.6501478456384736,0.30145217407241776,0.7837683695850743,0.38201964864650684,0.6312236106961235,1,1,inf,inf,0,0,1,1,1,1,1,1,8687,533,61,1,2,1,1,1,2637,3.1,27,0
4.7,22.090000000000003,0,0,3002,8.00736706798333,0,1,2,1,1,1,0,0,0,0,0,27.88,76.46000000000001,0.6570979889047756,0.7620099802403887,0.9207677171289954,0.8845840041791099,0.8191572517734756,0.23390204717187046,0.18114660978468222,0.34222272579695134,0.907950251878489,0.1329774845278192,0.8114979775106667,0.08782433494134112,0.2605522053397592,0.5461248962473165,0.2708618892831831,0.7251147455051721,0.5496168348121483,1,0,inf,inf,0,0,1,1,0,0,1,0,906,1472,60,0,0,0,0,0,3002,4.7,38,1
3.7,13.690000000000001,0,0,2024,7.613324979540639,0,1,3,0,1,0,0,0,0,0,0,26.12,76.96000000000001,0.5836611172159345,0.5812321762849177,0.7225093074391516,0.6471819130768619,0.06093814534928732,0.31401636049689474,0.7221236641818122,0.3967833991432007,0.25464166938057764,0.4623861534164414,0.5902059630811187,0.9143680235806015,0.8873937582150822,0.6240744406643298,0.4744161906728396,0.8076598861011407,0.9925302690072985,1,1,inf,inf,0,0,1,1,1,0,1,0,9884,1582,283,1,3,1,1,0,2024,3.7,43,0
2.9,8.41,0,0,810,6.698268054115413,0,0,1,1,1,0,0,0,0,0,0,27.43,76.18,0.6762049247206294,0.3219624017794782,0.8937318982075666,0.5596945252410187,0.9931002794598653,0.6535471365839197,0.42534602097117435,0.1626263733919472,0.28702628905971617,0.25231388055362836,0.5037075333883192,0.6975139539554043,0.6982709812497561,0.2849723802775739,0.15389712749987183,0.262477777339414,0.9179574348976028,1,0,inf,inf,0,0,0,0,0,0,1,0,6129,4023,50,0,0,0,0,1,810,2.9,38,1
4.1,16.81,1,0,4807,8.478036476215044,0,1,2,1,1,0,0,0,1,0,0,26.34,75.88,0.5357827521281939,0.2336142423450125,0.6846607938796891,0.7321982576531759,0.19956700422677442,0.14062276029113707,0.3475643556904955,0.8943415683719819,0.061316747176395237,0.18316430522078064,0.9785596808016096,0.8472778097816609,0.6371421221304778,0.5259308573235254,0.20401360936108526,0.4328641756038476,0.11787604046597222,1,0,inf,inf,0,0,1,0,1,1,0,0,8642,4950,113,0,1,1,0,1,4807,4.1,11,1
4.8,23.04,0,1,3454,8.14757773620177,0,1,2,1,1,0,0,1,0,0,0,27.34,76.97,0.46735099166642313,0.448737076626034,0.8390571498190196,0.5502194624157309,0.9722610305735749,0.9980332251896382,0.8118373470024627,0.7078962579528898,0.6755166439780479,0.304269246876677,0.9455356096828826,0.9011513924439284,0.960084074679186,0.6001438060766505,0.4715341925973696,0.6792628916139637,0.0806765644154408,1,1,inf,inf,0,0,0,1,1,0,1,1,1402,4275,259,1,3,0,1,0,3454,4.8,11,0
4.7,22.090000000000003,0,0,4972,8.511778558714738,0,1,2,1,1,0,0,1,0,0,0,27.150000000000002,77.31,0.8878770363145846,0.4968657961609183,0.26224264633109884,0.3017145224709584,0.8767492298140932,0.5030160465033687,0.3660660758059383,0.13331481061333839,0.9914832647326478,0.33794923910650376,0.4819479543559527,0.49637928894315275,0.42935950148607505,0.5708392488760516,0.017266997145917062,0.2833208239963628,0.6142206908098901,1,1,inf,inf,0,0,1,0,1,0,1,0,827,879,282,1,2,1,1,0,4972,4.7,23,0
3.3,10.889999999999999,0,0,1052,6.959398512133975,0,1,3,0,1,0,0,0,0,0,0,27.560000000000002,77.65,0.9566950369642244,0.5731272858628061,0.5293745720423013,0.5772906967493424,0.1999925895041217,0.010623870760369636,0.4952634645318841,0.7039951469335337,0.4190094996432586,0.8462308500058787,0.7833258336298903,0.8841166343987552,0.383704524850658,0.35186633612569584,0.9138743387249515,0.5507474116624334,0.5575708290956564,1,1,inf,inf,0,0,0,1,0,1,0,1,1339,1886,59,0,1,0,1,0,1052,3.3,6,0
2.6,6.760000000000001,0,0,1237,7.121252453244542,0,1,3,0,1,0,0,0,0,0,0,27.52,77.55,0.45556135837211154,0.5633571443213731,0.5561310626487976,0.8251431169793763,0.9280836358224656,0.5259248294249927,0.7029301776039317,0.6048189529816157,0.1431420017832813,0.5749198548290506,0.5322221765069859,0.6833562861435765,0.13180004943639,0.9755521943392942,0.14677659837164336,0.21204668696355966,0.5071953283811061,1,1,inf,inf,0,0,0,0,0,1,0,0,7096,675,270,1,3,0,1,1,1237,2.6,28,0
2.9,8.41,0,0,3507,8.162801353492073,0,1,2,1,1,1,0,0,0,0,0,26.29,76.34,0.9342520392989377,0.30789259235341915,0.6381171179597065,0.7262963562711786,0.08586791925216974,0.7591989788939181,0.5782868948959201,0.7910438890602157,0.20270921660984498,0.722463709237042,0.47622035498303883,0.178132543435079,0.9485813974896937,0.5909919183981701,0.2212515237765703,0.3052571638488045,0.38260505033482706,1,1,inf,inf,0,0,0,1,0,1,0,1,5066,3482,148,0,0,1,0,1,3507,2.9,2,1
3.5,12.25,0,0,182,5.209486152841421,1,0,1,1,1,0,0,0,0,0,0,26.69,75.54,0.6461761110500941,0.45712580869422015,0.582275894103398,0.7394306455179852,0.21740234792039614,0.494899207464895,0.26447878769374433,0.7207619865711459,0.519382783030053,0.9378265858116557,0.2863808353653515,0.1379698076709076,0.018512588244575023,0.19593877877757937,0.7997447547231386,0.4013740197566884,0.04320705865193819,1,1,inf,inf,0,0,1,0,1,0,0,1,7799,4934,92,0,0,1,1,0,182,3.5,15,0
3.7,13.690000000000001,0,0,145,4.983606621708336,1,0,2,1,1,0,0,0,0,0,0,26.51,77.63,0.233437610891587,0.3699671707230576,0.015729719705006806,0.6809580987870014,0.923080366779933,0.6082976422711023,0.029417273532665766,0.795866793604014,0.935972177861086,0.1159763306564141,0.4808955551985439,0.16595105863707071,0.08163497925999141,0.47501842660714955,0.8651775381498445,0.43769512082344264,0.23513225301843288,1,0,inf,inf,0,0,1,0,1,1,1,0,447,1317,362,0,0,0,1,1,145,3.7,11,1
5.0,25.0,0,1,954,6.86171134048073,0,0,2,1,1,0,0,0,0,0,0,26.78,76.02,0.988274759655429,0.9071162871207775,0.6047843122350121,0.5690280023351973,0.27848390256909805,0.49083418880703267,0.13818261279532407,0.6866425410145863,0.5278684141748962,0.6159530643393921,0.9359131642206644,0.29502310944765964,0.19284820020652538,0.4598908757334069,0.2112073769566284,0.5589091705543364,0.007833872811419451,1,1,inf,inf,0,0,0,1,0,0,0,0,3104,4657,19,1,0,1,0,0,954,5.0,27,0
2.8,7.839999999999999,0,0,4653,8.445482343862237,0,1,2,1,1,0,0,0,1,0,0,26.59,76.48,0.6156039560806977,0.7666258230706721,0.09017250298585167,0.26258664073589666,0.670451735960754,0.20590087338503094,0.802686429900405,0.5488425762317029,0.6926892408034255,0.495430303070287,0.3872455533488429,0.9613191658859158,0.6667738094163338,0.7888233606632591,0.432085017909398,0.026118065042978977,0.26741727008978555,1,0,inf,inf,0,0,0,0,0,0,1,1,6023,3071,45,1,3,0,0,0,4653,2.8,24,0
3.1,9.610000000000001,0,0,3595,8.18757739559151,0,1,3,0,1,0,0,0,0,0,0,26.19,75.03,0.8154761871591506,0.9673175471847757,0.4010224096113394,0.773324806244707,0.6083004137759596,0.2692054925674129,0.32082578662172945,0.0545711270215854,0.9489432900854691,0.22256143258825545,0.641068841030583,0.06712858106427622,0.5207490300360601,0.8247291422372878,0.008247889160311273,0.24689537084234647,0.6412235703394099,1,1,inf,inf,0,0,1,1,1,0,0,0,4122,1825,192,0,3,1,0,0,3595,3.1,3,1
2.8,7.839999999999999,0,0,4169,8.335671314792847,0,1,2,1,1,0,0,0,0,0,0,27.32,76.16,0.43149210747793,0.5765770433466156,0.5871485799222684,0.18119435138366746,0.47307634613440874,0.12386741402281654,0.6417386495742916,0.09544367663177389,0.5112919918006253,0.38671391738118466,0.7735817257561179,0.12110528614307048,0.4939891127906839,0.1678841118818334,0.6294553589246698,0.146856202714143,0.9203805084420226,1,1,inf,inf,0,0,0,0,1,1,0,1,8202,1695,118,0,2,1,0,1,4169,2.8,41,1
2.7,7.290000000000001,0,0,4896,8.496378051702317,0,1,3,0,1,0,1,0,0,0,0,27.55,76.57000000000001,0.03348982626279462,0.2609264022667459,0.23741823371362192,0.8038216789003694,0.13940245935246598,0.8718136225984906,0.59709330155732,0.961358793668658,0.06038414989079044,0.335660089268388,0.6660318524011862,0.4306975768585636,0.43584783086382806,0.911634495284472,0.6311163831187239,0.8741775365200365,0.13984837353907076,1,1,inf,inf,0,0,0,1,0,1,1,1,7475,3280,99,0,3,1,1,0,4896,2.7,27,1
4.3,18.49,1,0,2425,7.793999089503996,0,1,1,1,1,0,0,0,0,0,0,27.76,77.53,0.05565861434636343,0.5694630367640209,0.740351185705528,0.48322526366679464,0.01735864794355646,0.07264418006011719,0.2394733705456924,0.2799622025129975,0.1412184488299637,0.9679645344205806,0.7272484614537063,0.16460654829293997,0.9233015979982645,0.4066072552142638,0.9103834966134783,0.6105515010143818,0.711269710847553,1,1,inf,inf,0,0,1,1,1,1,0,1,9424,3626,54,1,3,0,0,0,2425,4.3,17,0
4.1,16.81,1,0,862,6.760414691083428,0,0,3,0,1,1,0,0,0,0,0,26.62,75.4,0.41767788692711694,0.32333913447978724,0.942878564825746,0.00383878468732457,0.11892172965809644,0.11050042639366686,0.3740163618097928,0.37249917492782614,0.4357075707857354,0.14477225472263944,0.9063067539574431,0.4329464032317375,0.14603101885765768,0.5484983890264679,0.08304344283097254,0.9207363874299808,0.04911705020323698,1,1,inf,inf,0,0,0,0,1,0,1,0,5501,1064,242,1,2,1,0,0,862,4.1,29,0
4.7,22.090000000000003,0,0,2693,7.898782356970309,0,1,1,1,1,1,0,0,0,0,0,26.42,76.35000000000001,0.2310454754673228,0.9784114805632624,0.06834671963042971,0.5143416574398373,0.39024799694405876,0.9378692515128906,0.44076366969114456,0.36240681970888833,0.14862614315882527,0.2520753010344363,0.38813768727314857,0.36120099409569584,0.06891965042130099,0.3811789076805695,0.44231436626653586,0.10717211697883311,0.7727944633640349,1,1,inf,inf,0,0,0,0,1,1,0,0,2880,68,312,0,3,1,0,1,2693,4.7,34,0
3.1,9.610000000000001,0,0,4054,8.307705966549513,0,1,2,1,1,0,0,1,0,0,0,27.63,76.47,0.7478691635407805,0.9368021873231553,0.45424878023737747,0.12367843965053604,0.875299225355117,0.2005221359788698,0.1442455735805951,0.37962148764990966,0.13994120094327223,0.5225168958774297,0.8845980687116934,0.8017909815258951,0.0971336189042693,0.09751570188461367,0.6109948642118251,0.23182871448635944,0.722940465382008,1,1,inf,inf,0,0,0,0,1,0,0,1,915,74,85,0,1,1,1,0,4054,3.1,44,1
3.5,12.25,0,0,1362,7.217443431696533,0,1,4,0,1,0,0,0,1,0,0,26.27,75.8,0.35307692856757633,0.3300151334187983,0.15972299595007855,0.92792232267264,0.13589697503624765,0.33920579058396516,0.6911051268707088,0.8886622078271041,0.10180757655357031,0.5505334062084974,0.8109601016273428,0.5557193466778194,0.5389819780722274,0.3420443440317851,0.6470250760362373,0.7929672275867425,0.48499165476916173,1,1,inf,inf,0,0,1,1,0,0,1,1,3918,786,85,0,3,1,0,1,1362,3.5,24,1
3.0,9.0,0,0,2768,7.926241523170962,0,1,3,0,1,0,0,1,0,0,0,27.44,77.13,0.998121596259627,0.019216273990419253,0.846276226653252,0.4551212517743115,0.6968178102165201,0.7274870900254901,0.2169842284260297,0.9073654489043487,0.854111198243669,0.13521310375098794,0.2917100491707152,0.10870760610775865,0.6883270078403202,0.06392663962170142,0.6847089843431675,0.6222626108709305,0.47262464448279173,1,1,inf,inf,0,0,1,1,1,1,0,0,4871,2490,347,1,3,0,0,1,2768,3.0,45,1
4.4,19.360000000000003,1,0,1302,7.172424577124845,0,1,2,1,1,0,0,0,0,0,0,26.32,75.58,0.10921009637994794,0.8781641961732716,0.5758259028650039,0.46137808346139997,0.31326911840424243,0.5448750071409495,0.9762086025849009,0.8956508437293964,0.1017280825122161,0.43488068617494935,0.6105005573620309,0.37351058055402975,0.9689401632652157,0.8484282224811948,0.14722841394566888,0.14654399084873815,0.23691567974292216,1,0,inf,inf,0,0,0,1,0,1,0,0,2148,3207,115,0,1,0,1,1,1302,4.4,43,0
2.7,7.290000000000001,0,0,4262,8.35772841676521,0,1,2,1,1,0,0,0,0,0,0,26.11,76.05,0.29888719066942304,0.5810590287273405,0.9655034581692838,0.13235205653331839,0.7802587781064383,0.5854193236090484,0.4343602281030463,0.863319345533837,0.666851479377553,0.2688652060690625,0.4983322168621094,0.4655818324233888,0.1749865810268072,0.5719755196833097,0.9204490475414875,0.15509922890230643,0.08669822682654182,1,1,inf,inf,0,0,0,0,1,1,0,1,6806,3672,285,1,2,1,1,0,4262,2.7,3,0
4.1,16.81,1,0,485,6.186208623900494,0,0,1,1,1,0,0,0,0,0,0,26.97,75.09,0.42654022127881996,0.30812795451983466,0.5085095684355408,0.6397880135447827,0.5860806041724101,0.07225557998607746,0.7214926444515449,0.5128467429855332,0.5815977588288773,0.6288145635144655,0.4557642584193278,0.6594221336546903,0.531802205030044,0.6654165047550303,0.9814914463593968,0.1588808891263893,0.6193022363705523,1,1,inf,inf,0,0,1,1,1,1,1,0,4121,3537,45,1,0,1,0,0,485,4.1,38,0
2.6,6.760000000000001,0,0,4638,8.442254104751743,0,1,4,0,1,0,0,0,0,0,0,26.41,77.21000000000001,0.23799718129108205,0.23039979421839096,0.7166287564912361,0.24825225361062842,0.9375416461948872,0.43577880445876727,0.9280860538261154,0.42484338213985406,0.12856774284053518,0.6710370539396003,0.11452756155179866,0.5909989989278944,0.2432392249782629,0.16468539606977872,0.5637750330226746,0.7258926046435875,0.8529569499707526,1,1,inf,inf,0,0,1,0,1,1,0,0,6416,897,200,0,0,1,0,1,4638,2.6,31,1
4.7,22.090000000000003,0,0,326,5.7899601708972535,0,0,2,1,1,0,0,0,0,0,0,26.34,77.3,0.6827756126500044,0.5903600254944751,0.08350254134620405,0.8733548285465196,0.6317632877097324,0.07814217523399347,0.7553773136275926,0.1441531746463517,0.8191942228820025,0.8939702341495447,0.380496207245993,0.6841124257149054,0.6333647956310612,0.8448153907595044,0.24227003780320755,0.8271614265691719,0.8746278844582318,1,1,inf,inf,0,0,1,0,1,1,1,0,2398,3422,128,0,1,1,0,1,326,4.7,1,0
2.6,6.760000000000001,0,0,3587,8.185350223178686,0,1,1,1,1,0,0,0,0,0,0,26.560000000000002,77.79,0.9577143256534119,0.8776303953834427,0.17087921486673763,0.2908403708341605,0.35399392521723994,0.7904470329202443,0.30743831349633055,0.25770089270012675,0.8700519858496757,0.39866134021259236,0.9036522624965249,0.665683921670233,0.8321003406203277,0.7184191998756936,0.6581017474343053,0.12816328259049614,0.23451741823813466,1,1,inf,inf,0,0,1,1,0,1,0,0,2592,4732,134,0,2,0,0,0,3587,2.6,12,0
4.6,21.159999999999997,0,0,4637,8.442038517815478,0,1,2,1,1,0,0,0,0,0,0,26.79,75.4,0.21977317471282276,0.1348919798341509,0.6208518419864043,0.34250211335052694,0.5499423479770948,0.9167449066245129,0.898004926114803,0.07063855545453168,0.11445125584546012,0.6242244403446165,0.8300224735058983,0.9899569163006109,0.3103863943652563,0.6079600609878534,0.7220585452175705,0.5815967152610312,0.21450876988232304,1,1,inf,inf,0,0,0,1,1,0,0,1,8412,2331,6,1,1,0,1,0,4637,4.6,17,0
3.3,10.889999999999999,0,0,1035,6.943122422819428,0,1,1,1,1,0,0,0,1,0,0,26.98,75.78,0.6353500015342388,0.5384569543673191,0.25013242446210426,0.380240039735509,0.4447373380504145,0.6176575088116733,0.3112470820558644,0.12209502916540094,0.6067208463861737,0.4959224365494489,0.38542194110853667,0.8229694101940932,0.712075252446167,0.14939799507823726,0.15949714042348706,0.08201810739316728,0.05130428765047368,1,1,inf,inf,0,0,0,1,0,0,0,1,409,4556,118,0,1,0,0,0,1035,3.3,23,1
2.7,7.290000000000001,0,0,3579,8.183118079394745,0,1,2,1,1,0,0,1,0,0,0,27.59,75.83,0.303631617766126,0.9741535158044037,0.11465640356406159,0.9956909270910739,0.23582241968266393,0.9616374153917782,0.9443030597840283,0.6852822870378625,0.8472824976195205,0.974453883849807,0.23860221356883426,0.6542778915671212,0.010879789837699994,0.8276380115883143,0.43428765528744295,0.7442529080820709,0.6407451876693685,1,0,inf,inf,0,0,1,1,0,0,1,0,5291,1804,135,0,3,0,0,1,3579,2.7,31,0
2.9,8.41,0,0,969,6.877296071497429,0,0,2,1,1,0,0,0,0,0,0,26.830000000000002,77.85000000000001,0.16306584442604144,0.45639750992534067,0.06302005195264615,0.18130040803465375,0.14079120996962668,0.9553112478194566,0.8857946938424046,0.8866624426129217,0.018807214909443037,0.9992237080503643,0.7234871626733759,0.9118201150916223,0.7104156912772035,0.4409939517796658,0.5673327006871266,0.5754519313198955,0.4924942184494566,1,0,inf,inf,0,0,0,0,0,1,1,0,1610,2432,252,1,1,0,0,0,969,2.9,0,0
4.2,17.64,1,0,3165,8.060224240440958,0,1,1,1,1,0,0,0,0,0,0,26.79,75.19,0.037664540616906494,0.2677449951890375,0.6116944121820098,0.863167624383541,0.38575945978084814,0.23223604360029537,0.049496430211699805,0.04860309583155331,0.7028888280824048,0.49660616406134317,0.179744571259978,0.1537547854495328,0.09671132887451905,0.33424035836803256,0.0362595384008626,0.13282641709117315,0.8731076702705073,1,1,inf,inf,0,0,1,0,1,1,1,1,3142,467,77,1,0,1,1,1,3165,4.2,18,0
3.2,10.240000000000002,0,0,1290,7.1631723908466425,0,1,4,0,1,0,0,0,0,0,0,28.0,75.12,0.624879298101558,0.435515596248341,0.201109911961333,0.5591536787968021,0.8113207820947976,0.8457324204872764,0.7531623262359975,0.7842107231764389,0.711414023619478,0.6664881912534032,0.7352014214240203,0.05463485829057335,0.556144971104508,0.7056038010351879,0.07099078578049733,0.1224716403160454,0.3559208523204862,1,1,inf,inf,0,0,1,0,0,0,0,1,3073,1847,323,0,1,0,1,1,1290,3.2,48,0
3.6,12.96,0,0,23,3.1780538303479458,1,0,1,1,1,0,0,0,0,0,0,26.78,76.60000000000001,0.7690385723961384,0.43037355206839256,0.22654171568789805,0.2845674328115415,0.11642798063216109,0.523508140809259,0.9578244065845345,0.8425701385717425,0.2234157731748646,0.347491772828738,0.5748372109578679,0.19325480312190224,0.4336667785202182,0.17717090713363004,0.3122577490678945,0.6045474771241534,0.2749622856478704,1,1,inf,inf,0,0,1,1,1,1,1,1,8614,1000,109,1,1,0,1,1,23,3.6,42,1
3.9,15.209999999999999,0,0,4706,8.456806041401142,0,1,3,0,1,0,0,0,0,0,0,26.150000000000002,77.64,0.01612744178928982,0.0036045772292693234,0.5850719573325764,0.021825638332900632,0.8774177226693352,0.6926167591297521,0.6507389643015029,0.6248436759267327,0.136666842917343,0.843555605356948,0.42361743809529107,0.9797653446178777,0.8227206549281876,0.6426583212306665,0.26804263295146724,0.17873058969814093,0.9955995363850806,1,0,inf,inf,0,0,0,1,0,0,0,0,7556,571,279,0,0,0,1,1,4706,3.9,3,0
3.5,12.25,0,0,4495,8.410943391573527,0,1,3,0,1,0,0,0,0,0,0,27.46,75.73,0.42608546341418885,0.32889373322851556,0.6886021990364353,0.641508794656849,0.406677271984325,0.34214975081424026,0.6606043204910405,0.3817213602771019,0.7486522577679376,0.6770549630647273,0.5571507135234527,0.22925512123778558,0.9890882297068075,0.8858901629771112,0.2600384566049757,0.6882525468696181,0.831560329145466,1,1,inf,inf,0,0,0,1,1,0,0,0,4010,3756,88,0,2,1,1,1,4495,3.5,25,1
4.5,20.25,1,0,456,6.124683390894205,0,0,3,0,1,0,0,0,0,0,0,27.05,75.79,0.026481479294160448,0.012873046695062174,0.7775837430109883,0.38034323163113193,0.5788473807754492,0.12016099778565537,0.08713449276578056,0.945647163279478,0.7922145822557706,0.24437009840650092,0.5349887054456421,0.08974723259258777,0.42581637426005936,0.6927286735203628,0.6238628970972987,0.5358475337752527,0.21800479151827346,1,0,inf,inf,0,0,1,1,0,1,0,1,2983,2280,17,0,2,1,0,0,456,4.5,15,0
3.4,11.559999999999999,0,0,4341,8.376090350438238,0,1,1,1,1,0,0,0,0,0,0,26.02,76.04,0.7822899126904901,0.1814480604049291,0.19764961814294113,0.718404420459809,0.307019633627968,0.10602112572433153,0.381330234677681,0.30488823160406076,0.6567033904308223,0.32012245722664356,0.24061096051562247,0.9554702175629682,0.738101506829696,0.31917971541287904,0.8816727152567704,0.5613713084710226,0.9470511301372788,1,1,inf,inf,0,0,0,0,1,0,1,0,1553,658,168,0,1,0,0,1,4341,3.4,23,0
4.8,23.04,0,1,377,5.934894195619588,0,0,3,0,1,1,0,0,0,0,0,26.04,76.59,0.07087864161027979,0.6460915914057858,0.41110520443860976,0.37633597350076664,0.6297555927335118,0.07441316195364389,0.25154516018888573,0.21603653629165442,0.7118707864061093,0.030624230484051163,0.4219555258837474,0.6765480714455129,0.42323947562370545,0.37055837406943437,0.7622554659763546,0.1408835141456677,0.3464639274680118,1,0,inf,inf,0,0,1,1,0,0,0,1,546,4682,139,0,0,1,0,1,377,4.8,24,1
4.3,18.49,1,0,2935,7.984803389734406,0,1,2,1,1,0,0,0,0,0,0,27.23,77.37,0.8251500027284202,0.862970000982004,0.9380960364061032,0.6950807224418297,0.24725027200108873,0.6158025017542759,0.6972704403411036,0.609727472267569,0.33121100674662796,0.34978274966705647,0.08187867407389726,0.21184391504711486,0.8054096266974012,0.8463554533668067,0.4223417936469832,0.17458988508236606,0.04449667129485113,1,1,inf,inf,0,0,1,0,0,1,0,0,6407,1576,251,0,1,1,0,1,2935,4.3,41,0
3.3,10.889999999999999,0,0,4703,8.456168489578463,0,1,1,1,1,0,0,1,0,0,0,26.51,77.78,0.6679010101868907,0.6687688068655775,0.6716294064801756,0.016541372354954897,0.9045677550488858,0.9735440098260734,0.41180607283256176,0.8799321061310031,0.15160654842572396,0.5207281311769051,0.9495504137828515,0.618771354565484,0.26069375943030215,0.9586124842053341,0.3462851314249221,0.43883787629045623,0.1933524242798903,1,1,inf,inf,0,0,1,1,1,1,0,1,6203,4563,350,1,1,0,1,0,4703,3.3,5,0
3.5,12.25,0,0,1726,7.454141078146678,0,1,3,0,1,1,0,0,0,0,0,27.330000000000002,76.3,0.8674325851365435,0.7646295218842355,0.58314822117698,0.3057658589887444,0.379089694740806,0.5006885822478774,0.32376327996602416,0.8480681232599263,0.820837460892902,0.793559301832673,0.784944091659422,0.23685680269589005,0.4867511951034367,0.8556341110822241,0.9378547706229111,0.8816368354833977,0.9158482966619835,1,1,inf,inf,0,0,1,0,0,0,0,0,1468,3224,337,1,0,0,1,0,1726,3.5,42,1
2.7,7.290000000000001,0,0,4831,8.48301573961465,0,1,1,1,1,0,0,0,0,0,0,26.03,76.06,0.18070883805667415,0.5199634687449209,0.45827597649753016,0.4572641650417897,0.8157060884738423,0.9482065760452206,0.8744310560352893,0.29374487772951463,0.9042057281053613,0.2639788532299533,0.3265980967293931,0.10023025013204279,0.8429004642454612,0.7302306418960761,0.3124157726030493,0.6392683383343846,0.959985823501529,1,0,inf,inf,0,0,1,1,1,0,0,0,8039,1024,266,1,0,0,0,1,4831,2.7,3,1
4.1,16.81,1,0,454,6.12029741895095,0,0,2,1,1,0,0,0,0,0,0,26.6,75.13,0.7463657262866962,0.8150887467125304,0.7167625391477648,0.6061527685536384,0.9562343068700272,0.929476740774464,0.1375971186920414,0.1346886071172535,0.1729241569048635,0.9728650003637748,0.8587783954494705,0.4326783550575556,0.05319469259354492,0.3669635094189304,0.7860246619884236,0.9016165635995848,0.7854878632003732,1,1,inf,inf,0,0,0,0,0,1,1,0,8139,3594,158,0,0,1,1,1,454,4.1,29,0
3.7,13.690000000000001,0,0,2275,7.730174795246222,0,1,4,0,1,0,0,0,0,0,0,26.150000000000002,77.44,0.1712168776925781,0.5701889261138006,0.7330075210472781,0.9700296681180314,0.5468865677302763,0.07215611289580914,0.14200565828575185,0.3109565280394907,0.33324800159293533,0.8415911712307333,0.6281578788314979,0.926909142550732,0.3813996411816645,0.29583056954086984,0.839636189215319,0.10967456676128284,0.8387176578629094,1,1,inf,inf,0,0,0,1,1,0,1,1,6927,906,147,1,3,1,1,0,2275,3.7,7,1
3.9,15.209999999999999,0,0,2409,7.787382026484701,0,1,4,0,1,0,0,0,0,0,0,27.03,75.11,0.7546930041494594,0.6657336826889911,0.8540865014148347,0.8322555151690941,0.9596987349146485,0.009302789075237627,0.9924251975787345,0.25498389836076496,0.52184230466305,0.14877820460386182,0.9202502152820706,0.5320681304166539,0.0800880938984686,0.196171224736839,0.3718148746456056,0.48557039355720755,0.0013479550396322537,1,1,inf,inf,0,0,1,1,0,1,0,1,6113,2923,182,1,1,1,1,0,2409,3.9,23,0
3.8,14.44,0,0,783,6.664409020350408,0,0,3,0,1,0,0,0,0,0,0,27.85,76.18,0.6184989718287355,0.7234026025735718,0.11701439941436842,0.9461617448022078,0.8060201509168814,0.8422811520651678,0.40665864362280124,0.2873661856879899,0.2829542232849922,0.8323767529737739,0.7907271650376373,0.9308386075889914,0.5310569627235792,0.603000351269309,0.3958650440692856,0.8191590329037433,0.28209659700766365,1,1,inf,inf,0,0,1,1,0,0,1,0,8216,1063,338,1,2,0,0,1,783,3.8,47,1
4.9,24.010000000000005,0,1,1365,7.2196420401307355,0,1,4,0,1,0,0,0,0,0,0,26.38,75.35000000000001,0.29388206356191027,0.5989688997037445,0.8097157050815887,0.1775338628355997,0.03587413111182103,0.477109110282687,0.29312579022356455,0.7908793322614467,0.06084171599873023,0.03114094044064375,0.44203518341512105,0.1758016920412072,0.09869196402203784,0.3262235475059535,0.21135358037721608,0.8130813417854601,0.42265345118344455,1,0,inf,inf,0,0,0,0,1,1,0,0,6246,856,112,0,2,1,0,0,1365,4.9,9,0
4.4,19.360000000000003,1,0,4067,8.31090675716845,0,1,3,0,1,0,0,0,0,0,0,26.52,76.41,0.054177305846145773,0.4487176843399834,0.012161502089672704,0.6592067583878874,0.7887271186492111,0.009454994131533279,0.3169231797867722,0.13856718266095325,0.6120726592563144,0.07572333588768732,0.9080578098286776,0.8520058877552557,0.17581721682516938,0.6056462937899406,0.5573711305439067,0.9889610973460053,0.7884364757695016,1,0,inf,inf,0,0,1,1,1,0,0,0,3959,485,199,1,3,0,0,1,4067,4.4,34,0
3.4,11.559999999999999,0,0,2229,7.709756864454165,0,1,2,1,1,0,0,0,0,0,0,26.46,76.39,0.8586256454226194,0.2070771221804656,0.5652506529764997,0.6885788698502056,0.1384206741831201,0.15143265040964815,0.7869754518862658,0.6179722913957498,0.5135005806711527,0.2020047335578652,0.45771925039691297,0.270519238856764,0.7744869471979503,0.5944968205437919,0.23978411400875643,0.08080262093185209,0.3394853048571391,1,1,inf,inf,0,0,0,0,0,1,1,1,1006,109,81,1,0,0,0,1,2229,3.4,34,1
3.1,9.610000000000001,0,0,415,6.030685260261263,0,0,3,0,1,0,0,0,1,0,0,26.17,76.48,0.42926474587245944,0.5712173989512009,0.3212208634443122,0.5588137403661426,0.00653703844358533,0.7599514639364104,0.5149326739037621,0.3662777235556509,0.021846192919377727,0.7559092790337649,0.04100101349552043,0.05018157209038565,0.4586548678290693,0.8724079071783206,0.05209151056491568,0.20946089224089826,0.877116930436107,1,1,inf,inf,0,0,0,0,0,1,0,0,9148,4104,228,0,0,1,1,1,415,3.1,11,1
3.9,15.209999999999999,0,0,2767,7.92588031673756,0,1,1,1,1,0,0,0,1,0,0,26.37,77.5,0.2890471345351242,0.9798147386066312,0.5582234559087536,0.22039844737881198,0.48758134197571945,0.09527112542390304,0.1215447044973128,0.4810539893495521,0.6053749404578926,0.07821565816339238,0.340540031316403,0.4264163895551494,0.34180313987300903,0.6467311180776437,0.9788745854760599,0.26880020162407736,0.6114107156161845,1,1,inf,inf,0,0,0,1,1,0,0,1,9904,1213,350,1,1,1,1,1,2767,3.9,44,0
4.5,20.25,1,0,625,6.439350371100098,0,0,3,0,1,0,0,0,0,0,0,27.35,76.82000000000001,0.7744374635680437,0.8463053891779053,0.2924078819055682,0.03323418201733663,0.23999491114150528,0.15510479605514105,0.6978719508602698,0.04401841426812825,0.03771848261930266,0.09992421529011453,0.4568291581286239,0.6352390253946274,0.9043648115556807,0.11357155491752002,0.6607589650377542,0.802607748173362,0.8609828123974721,1,0,inf,inf,0,0,1,1,1,1,0,1,8896,3394,206,1,0,1,1,0,625,4.5,25,1
3.9,15.209999999999999,0,0,1888,7.543802867501509,0,1,1,1,1,0,0,1,0,0,0,27.88,76.9,0.21163209025533491,0.34251571025092564,0.5268858642665492,0.48477287842492156,0.7242166596042628,0.015883831011902494,0.9928848809894422,0.6101246172659983,0.1669382143403505,0.16215789806326553,0.9438966836315184,0.30263362084228107,0.2687285112326834,0.4346680986494714,0.01364580536768023,0.5963751128772402,0.8856153890936234,1,1,inf,inf,0,0,0,0,1,1,0,0,1645,4186,252,0,0,0,0,1,1888,3.9,22,0
5.0,25.0,0,1,1073,6.97914527506881,0,1,4,0,1,1,0,0,0,0,0,26.8,75.06,0.48998881227929947,0.7163042974530078,0.20772056953040285,0.7343542488288928,0.3774450534664623,0.6431856389045548,0.5664084549462528,0.2774047649669832,0.7516086710574513,0.7842457064593058,0.6355014728767471,0.21210822200857926,0.8886587507264629,0.7404257591626701,0.9935783953930223,0.9306230635830575,0.3476050355507644,1,0,inf,inf,0,0,1,0,1,0,0,0,4728,2993,243,1,2,0,0,0,1073,5.0,46,0
3.3,10.889999999999999,0,0,3947,8.280964400553373,0,1,4,0,1,0,0,0,0,0,0,27.82,77.56,0.38194794207949656,0.136592265823419,0.9677772042502352,0.7029702769017133,0.7626988016252616,0.4109717266610582,0.8932856822050889,0.21567221846559925,0.936428922215695,0.860547595864307,0.6479087392798595,0.6454232625948151,0.9096641811850915,0.3612667371854297,0.6145494487506621,0.08895170117328655,0.08489096286346454,1,1,inf,inf,0,0,0,0,0,0,1,0,9976,1347,286,1,0,1,1,1,3947,3.3,47,0
3.4,11.559999999999999,0,0,2164,7.68017564043659,0,1,2,1,1,0,0,0,0,0,0,27.7,76.02,0.6885662052967731,0.8151317947645774,0.10759802803943619,0.44225841232207797,0.9776918027394844,0.8062857815672287,0.8053572533487254,0.6589185364970626,0.651771952838856,0.6839046034980926,0.134733166376512,0.9158391029257597,0.27181593772783785,0.5309033575677641,0.6271279618314072,0.3794061890486561,0.6182725307028952,1,0,inf,inf,0,0,0,0,1,0,0,0,8571,4980,60,1,2,0,1,0,2164,3.4,42,1
4.2,17.64,1,0,4830,8.482808764554406,0,1,1,1,1,0,0,0,0,0,0,27.41,77.28,0.1242426491976345,0.33244430340445597,0.4733257822092515,0.1769692689311142,0.43620699170288557,0.10736748627516057,0.9477074347852232,0.5887639494270964,0.3169945073607128,0.6334991630830962,0.09176109247002506,0.6796219980361036,0.9956715210362881,0.4000789912144497,0.1422585514268464,0.451718330317296,0.739815293261338,1,1,inf,inf,0,0,1,1,0,0,1,0,7430,4171,24,0,3,1,1,1,4830,4.2,20,1
4.1,16.81,1,0,2710,7.905072849498666,0,1,1,1,1,0,0,0,0,0,0,27.85,77.33,0.04866809109195347,0.4668072415052761,0.6185398148228486,0.2914866794815607,0.8832872116512901,0.010343000369601896,0.9272577819600135,0.43710253411616184,0.9791770130577471,0.46094138040357246,0.08085582007475856,0.7531634152083361,0.38764804875695025,0.3343613403187602,0.8315377936285788,0.8958904163959988,0.8780919740613965,1,0,inf,inf,0,0,1,1,1,0,1,0,8524,4701,205,0,3,1,1,0,2710,4.1,10,0
4.0,16.0,1,0,1036,6.9440872082295275,0,1,3,0,1,0,0,0,0,0,0,26.3,75.77,0.7183769059004896,0.1757590049804404,0.4508546900019026,0.7490620305321188,0.9032265517352991,0.8871875686105872,0.6339240140832184,0.07059864832792084,0.12338812664246412,0.6995448810580934,0.3444190054760702,0.5919848150593996,0.7018914016967129,0.09493883372128697,0.2988558750774053,0.9716893448011691,0.6007118649055271,1,1,inf,inf,0,0,1,1,1,1,1,0,9301,2818,257,0,1,1,0,1,1036,4.0,41,0
3.2,10.240000000000002,0,0,4885,8.494129251817686,0,1,3,0,1,0,0,1,0,0,0,26.310000000000002,77.8,0.5111543219958675,0.7322238330378124,0.965838544193354,0.9122791325568842,0.8866443377587621,0.45605708560863234,0.5216980265622336,0.5566806989495944,0.4959167902596521,0.6858031398721091,0.34266384484959,0.27164982973712226,0.6221060008709429,0.8914743511549494,0.2510211904446601,0.3674999278065656,0.11953220258568287,1,0,inf,inf,0,0,0,1,0,1,1,0,5591,2940,24,0,2,0,0,1,4885,3.2,9,1
4.3,18.49,1,0,3393,8.129764445794171,0,1,1,1,1,0,0,0,1,0,0,26.12,75.63,0.4958786175981711,0.8814750363225959,0.6676700252156648,0.12930421487966626,0.5432432272984329,0.19110707865984333,0.7158157822963399,0.37288081953055763,0.3880448396079721,0.20257956812732336,0.35916420143799865,0.5566592482989053,0.5764545157639716,0.14282961860934007,0.3146298082973906,0.9225583035686785,0.24409385117915205,1,0,inf,inf,0,0,0,1,0,1,1,1,1953,1630,88,1,3,1,1,1,3393,4.3,15,1
2.8,7.839999999999999,0,0,2146,7.671826797878781,0,1,2,1,1,0,0,0,0,0,0,27.02,75.26,0.9320178815658484,0.8753886840337745,0.9602112237938313,0.20940618008226874,0.4147109294705469,0.014454645002075495,0.19642247152173387,0.9517974391199964,0.10184227438057036,0.3191305673376461,0.6396042268934623,0.3185148124871835,0.33201459976403835,0.6314994978456069,0.3747566345335943,0.3727509990940472,0.9371441183149377,1,1,inf,inf,0,0,0,0,0,0,0,1,8971,3478,219,1,0,1,0,1,2146,2.8,7,1
4.3,18.49,1,0,1440,7.273092595999522,0,1,3,0,1,0,0,0,1,0,0,27.060000000000002,76.34,0.18746980115781597,0.6139837719298717,0.970463932275895,0.0975770389650128,0.599816545874131,0.9063311095517826,0.5456866750389082,0.3791200301653127,0.8689759864144128,0.6467880116854468,0.48328912230388277,0.1315793836775495,0.7715392488124326,0.012928389620302516,0.5411302721452053,0.03127485259361751,0.7767198711867492,1,0,inf,inf,0,0,0,0,0,0,0,0,4250,4477,221,1,0,0,1,0,1440,4.3,8,0
4.4,19.360000000000003,1,0,3802,8.24354550792826,0,1,3,0,1,0,1,0,0,0,0,26.18,76.81,0.9202414496666194,0.5904846415101959,0.6894661177771446,0.024675401140085373,0.2877961175606919,0.44856300541282856,0.6167242244165786,0.5012077637994936,0.26960648836232726,0.15257516519385173,0.24461648390476975,0.2410232828169132,0.3291236828772719,0.8834796560319912,0.9632941644264303,0.16967667854774926,0.7532776200525979,1,0,inf,inf,0,0,1,1,1,1,0,0,9839,1211,14,0,2,0,1,1,3802,4.4,18,0
3.6,12.96,0,0,3166,8.06054004653864,0,1,3,0,1,0,0,0,0,0,0,26.27,77.37,0.5046671436911926,0.04541567131765911,0.11340771877870248,0.5705623275348113,0.39767986712491066,0.894073297397716,0.14486605096164507,0.6129038995367473,0.5754877154225947,0.34167231994844316,0.5040057237465797,0.018633114641581128,0.7126774409619085,0.5152319412375599,0.19506513395588565,0.7953512193565856,0.02098014030705242,1,0,inf,inf,0,0,0,0,0,1,1,1,5899,2306,162,0,1,1,1,1,3166,3.6,47,1
4.5,20.25,1,0,1325,7.189922170745808,0,1,4,0,1,0,1,0,0,0,0,27.85,76.59,0.5907936197207649,0.5883899061010983,0.14037218974774002,0.534324234982383,0.7047116463085675,0.16622958648521513,0.3202293134498677,0.017197178558688075,0.38050021555238633,0.8655991734284814,0.2759408471456388,0.033136553511878164,0.6860679990774244,0.43253810476007126,0.8499782250876525,0.5128750505147741,0.6516478548525827,1,1,inf,inf,0,0,1,0,1,1,0,0,8820,4282,287,1,3,1,0,1,1325,4.5,1,0
2.6,6.760000000000001,0,0,3620,8.19450550976564,0,1,1,1,1,0,0,0,0,0,0,27.330000000000002,75.06,0.35349462901274686,0.5746812668804994,0.11353610300334893,0.22607052577415976,0.6460454648232589,0.37765504255792215,0.06149292701051201,0.1430154825234884,0.5850063898726491,0.8942772610306227,0.6664621356478689,0.041468335622055985,0.4209715876284321,0.6218852676553032,0.011189513710502585,0.05258050579457818,0.7291006250420453,1,1,inf,inf,0,0,1,0,0,0,0,1,9200,3342,349,0,0,1,0,1,3620,2.6,14,0
2.8,7.839999999999999,0,0,3754,8.230843564198235,0,1,2,1,1,0,1,0,0,0,0,26.91,76.75,0.8637885405356769,0.2188118849074091,0.39719663422547824,0.5922321996405043,0.6594349701398884,0.5860394623248366,0.15550885753192611,0.9352983044449655,0.9900787477161695,0.8123104702483839,0.0777983094617406,0.01037643011359457,0.742281963352832,0.40674354046597383,0.4561632908202723,0.7588984735954063,0.36504023722445833,1,1,inf,inf,0,0,1,1,0,1,0,1,9860,4975,121,0,2,1,0,1,3754,2.8,6,1
3.0,9.0,0,0,1341,7.201916317531627,0,1,2,1,1,0,1,0,0,0,0,26.29,75.27,0.7942476111012862,0.4861614415538076,0.6966129979845478,0.6982286018751935,0.9020808243500392,0.8770584547504681,0.099854289943483,0.974298737566905,0.8189694276953267,0.0005102682194709773,0.796698489927708,0.37407793336068784,0.7431374150856354,0.4816705266757332,0.3917163822071934,0.2667715184204692,0.18848630700079738,1,0,inf,inf,0,0,0,1,1,0,1,0,8667,46,109,0,0,1,0,1,1341,3.0,17,0
3.8,14.44,0,0,748,6.618738983517219,0,0,1,1,1,0,1,0,0,0,0,27.37,77.24,0.5412650176883506,0.37838874852983895,0.2795878772167165,0.2981110629355501,0.6989215418321868,0.45399102746549735,0.5900311631744599,0.20587994226231665,0.936210517867631,0.41205572686958836,0.6482657492312177,0.3979562501243855,0.28136445780356556,0.6101605909876784,0.059513466227483325,0.21997093935212908,0.5929663058768739,1,0,inf,inf,0,0,1,0,1,1,1,0,7881,3944,77,0,3,1,1,1,748,3.8,23,0
3.1,9.610000000000001,0,0,4357,8.379768515504566,0,1,2,1,1,0,0,0,0,0,0,27.04,77.11,0.6795581768298997,0.10485617650628032,0.5262934416298426,0.9003413512935062,0.1740967380974232,0.10800139708571121,0.4616052234510698,0.6775254882834503,0.46581681259045893,0.29101622084538914,0.9199317416315284,0.5556787452203265,0.20349734877173997,0.6917133704886103,0.16556129315504864,0.0327035824116203,0.4549859464197329,1,1,inf,inf,0,0,0,0,1,1,0,0,8865,1310,268,1,2,0,1,1,4357,3.1,13,0
4.2,17.64,1,0,3161,8.058960017769417,0,1,4,0,1,0,0,0,0,0,0,26.43,76.71000000000001,0.5015138985911979,0.7202261376473902,0.7278418147363876,0.10939744015684993,0.39263738506431745,0.9530543991229103,0.6234885878180654,0.25916630388968986,0.6389127471293392,0.1375427401605115,0.7982705914082789,0.8802625211553767,0.03780813725692278,0.04732811499581702,0.6670588540956728,0.054829776930855445,0.3427032758721775,1,1,inf,inf,0,0,1,1,0,0,0,1,9572,4290,160,0,0,0,1,1,3161,4.2,27,1
3.0,9.0,0,0,762,6.637258031284457,0,0,2,1,1,0,0,0,0,0,0,26.740000000000002,77.73,0.9604039186904002,0.15437108896103502,0.501361338828908,0.8280189458878497,0.8389480652061029,0.19580542721510852,0.35844647867818547,0.1483162246794426,0.6489558016401162,0.8977599395109743,0.5490928558511942,0.9888543250693425,0.8984873542677119,0.7934980754685865,0.09997423755162249,0.8405555257270481,0.9046500239961016,1,1,inf,inf,0,0,1,0,1,0,0,1,8406,382,238,0,2,0,0,0,762,3.0,40,0
4.6,21.159999999999997,0,0,3314,8.106212902619962,0,1,2,1,1,0,0,0,0,0,0,26.97,77.95,0.9035445828101386,0.1969952669227042,0.10517238998077383,0.7761702523836731,0.7225819741485993,0.5479853957138021,0.1184517833960651,0.9899745083247468,0.49831114048348435,0.5562155618817994,0.8620870508750486,0.36513436090529683,0.4140895000924262,0.5336781902328684,0.050568829595318165,0.7135847679011046,0.8908821424616276,1,1,inf,inf,0,0,1,1,1,0,0,1,6476,913,201,0,1,1,1,0,3314,4.6,10,1
3.3,10.889999999999999,0,0,3605,8.190354403763262,0,1,4,0,1,0,0,0,0,0,0,26.03,77.76,0.7206515512992598,0.8068859328553711,0.024539098399627757,0.16509607744010302,0.9110714371468154,0.17634260622544828,0.6105538730576114,0.005458919441715948,0.5394862267464765,0.8647948660991485,0.19089675150464258,0.0725245175643986,0.9050104949284992,0.5590086268765808,0.040002804011580184,0.14825307951576383,0.8055990166657706,1,1,inf,inf,0,0,0,1,0,0,0,0,5592,3266,357,1,0,0,1,1,3605,3.3,37,1
2.8,7.839999999999999,0,0,2961,7.993619994827744,0,1,1,1,1,0,0,0,0,0,0,27.72,76.0,0.3072274420319967,0.892229125746622,0.18290717051929217,0.9880296659789294,0.04378887802830245,0.40490136491383244,0.3353633328786719,0.8093896588961915,0.5465822778993726,0.7008197834627846,0.4678014489800779,0.2498993773830055,0.37448174601471274,0.9713260981685871,0.5849894259197103,0.9257511179973514,0.5903574900238037,1,1,inf,inf,0,0,1,1,0,0,0,1,157,1236,269,0,2,0,0,1,2961,2.8,30,1
4.7,22.090000000000003,0,0,2554,7.845807502637805,0,1,3,0,1,0,0,0,0,0,0,26.990000000000002,75.10000000000001,0.39447364298011556,0.03988617941518258,0.696722878034064,0.4713728856304078,0.41176840063142484,0.6891166835062678,0.2983171720886013,0.8338121193424268,0.5088701002676964,0.9070630296260755,0.2652501085600889,0.5789131997662782,0.2946137119380816,0.9097900195677893,0.3431841581908577,0.3754114047770697,0.5809197901693594,1,0,inf,inf,0,0,0,1,0,1,1,0,2800,1449,231,0,3,0,0,0,2554,4.7,48,1
4.0,16.0,1,0,2183,7.688913336864796,0,1,4,0,1,0,0,0,0,0,0,26.560000000000002,75.18,0.7442833585039339,0.9963353230145816,0.24051864859958283,0.9440225476709684,0.37637487757805677,0.809874112545819,0.6442843533869305,0.555678835549437,0.9834619674652507,0.6467655753304344,0.5645301891692909,0.6459497631709025,0.31372731922731634,0.10184021748424488,0.30141230079148107,0.658741558195565,0.9611178752839029,1,1,inf,inf,0,0,1,1,0,0,0,1,1099,2494,189,1,2,1,1,0,2183,4.0,28,0
3.2,10.240000000000002,0,0,3744,8.22817689595132,0,1,4,0,1,0,0,0,0,0,0,26.91,76.29,0.7135925423613593,0.5348809552195811,0.29200910890145304,0.5837470755314407,0.9721790675845624,0.9501000120300727,0.24609598607871197,0.689906391394631,0.29655502405769996,0.21241867114499957,0.15876357099251337,0.07714980146531236,0.4782456972000808,0.837411778687941,0.7258820501933353,0.7456825285466979,0.11864540148113023,1,1,inf,inf,0,0,1,0,0,0,1,0,1251,946,122,1,0,1,0,0,3744,3.2,32,0
2.7,7.290000000000001,0,0,3218,8.076826031298808,0,1,1,1,1,0,0,1,0,0,0,27.18,75.79,0.9831083201571414,0.9387338245641393,0.10699737553438327,0.124536814539573,0.44916741157191364,0.6769471700960308,0.10980177207982034,0.6135839942134579,0.2927702821459046,0.4347524137820533,0.7785830515890996,0.6784474093496963,0.18383135707371767,0.6454183879653735,0.4265646300757928,0.3357438529989262,0.6616729582545873,1,1,inf,inf,0,0,0,0,1,1,0,1,7613,931,229,1,2,1,0,1,3218,2.7,41,1
4.7,22.090000000000003,0,0,675,6.516193076042964,0,0,1,1,1,0,0,0,0,0,0,27.68,76.3,0.6518051197265027,0.9131830397214941,0.1955049403149004,0.5372268264781238,0.31465818864380835,0.17647610710485584,0.6880124499565906,0.2103887137824607,0.2969463586511508,0.6165033732213776,0.8526629919570738,0.6745556434090985,0.5906284161139811,0.6401015456476128,0.9003959899993367,0.23418199346532387,0.18724330908158726,1,1,inf,inf,0,0,1,0,0,0,0,0,2448,504,71,1,2,1,1,1,675,4.7,0,0
3.6,12.96,0,0,180,5.198497031265826,1,0,3,0,1,0,0,0,0,0,0,26.900000000000002,77.97,0.7937163141693587,0.13906006718435515,0.023622936287609364,0.4071750250036762,0.6860698133664369,0.7934831466329053,0.8356484649131545,0.7024575576286749,0.7877591741201805,0.2385602609591264,0.5799360087294877,0.8464619216450655,0.23127021066188824,0.8099947744705487,0.3709289494811807,0.8779198404724531,0.935965488917285,1,1,inf,inf,0,0,1,0,0,1,1,0,7623,1222,125,0,3,1,1,0,180,3.6,48,0
3.8,14.44,0,0,4631,8.440744019252831,0,1,4,0,1,0,0,0,0,0,0,27.810000000000002,75.96000000000001,0.9790441726660911,0.9015244061839225,0.7946311096137936,0.8384779037924652,0.3687189074909283,0.28484929658994806,0.3123156110750721,0.21408844773054625,0.5500713536397269,0.4834400270009398,0.4573935685663826,0.3373373479924976,0.540360702175375,0.4699403703267315,0.4662118643098737,0.785503441986008,0.9206291712019357,1,1,inf,inf,0,0,0,1,1,1,1,1,1364,1569,197,1,3,0,1,0,4631,3.8,31,1
3.2,10.240000000000002,0,0,4733,8.46252579007393,0,1,2,1,1,0,0,0,0,0,0,26.73,75.34,0.2313259215693131,0.4060936530104198,0.09188261648067453,0.3914619653827355,0.4627652299480526,0.48370277771218906,0.9589257302131947,0.7436955520506564,0.5954536177357865,0.6870385867137836,0.9384720577670078,0.9791531423738152,0.7072417797178862,0.24198847269418355,0.7806168695413973,0.765491710026657,0.9094556140864312,1,1,inf,inf,0,0,0,0,1,0,1,0,793,1689,326,0,1,1,1,0,4733,3.2,16,1
3.6,12.96,0,0,3820,8.2482674474469,0,1,3,0,1,0,0,0,0,0,0,26.57,76.05,0.8271481139899456,0.8241172278366552,0.3274897803687029,0.3662614936146421,0.2395137386162458,0.5747209271889044,0.4836973085491134,0.9994706559156137,0.14391033708646872,0.2708539158403148,0.7435199378127086,0.5615705914949779,0.07318720867377826,0.8348632728497374,0.084512470509997,0.2794213282073693,0.33391919671076586,1,1,inf,inf,0,0,1,0,1,0,1,0,4759,2572,207,0,2,1,1,0,3820,3.6,19,1
3.6,12.96,0,0,323,5.780743515792329,0,0,2,1,1,0,0,0,0,0,0,26.18,75.74,0.26588838612476107,0.24677464369772706,0.6959833113629814,0.13427267515669938,0.6231150268210441,0.4195283853825629,0.345438075460473,0.683362876840504,0.44837832040742776,0.17722652906132708,0.9406567506468229,0.2766346638170394,0.6015414506179131,0.3238396643814232,0.688859685937347,0.7531729025676643,0.1801913632543194,1,0,inf,inf,0,0,1,1,0,0,1,0,1237,4693,96,1,1,1,0,1,323,3.6,21,1
4.5,20.25,1,0,1959,7.580699752224563,0,1,4,0,1,0,0,0,0,0,0,28.0,76.63,0.2924612101186146,0.7786680450668859,0.9891144650620508,0.4839273488112945,0.13289911230685403,0.649080913355107,0.929598932567443,0.15522407529220172,0.8809891863229803,0.7389889360178029,0.7276479153694482,0.5910135118985979,0.8601866497497025,0.9658714657370752,0.8206766925352815,0.028188639882524513,0.14771788102978112,1,1,inf,inf,0,0,0,1,0,0,0,1,3137,4992,120,0,2,0,1,0,1959,4.5,18,0
4.7,22.090000000000003,0,0,3282,8.096512917501594,0,1,4,0,1,0,0,0,0,0,0,26.68,76.63,0.6994238587260538,0.6428880083487408,0.045678391604726976,0.011089957044396193,0.4180075403029845,0.6158851313361379,0.5235604124694607,0.09957509734356496,0.26517613710018906,0.02303413075727112,0.3387543401475469,0.21602078204459785,0.4632504692717553,0.7698797150565728,0.9117835830250415,0.9682522124776932,0.7965694588831373,1,1,inf,inf,0,0,0,1,0,1,0,0,3944,1623,85,1,2,1,0,1,3282,4.7,41,1
4.1,16.81,1,0,3929,8.276394704863307,0,1,4,0,1,1,0,0,0,0,0,27.810000000000002,76.22,0.033624307027735556,0.7321880216358065,0.7072886663270359,0.12874926222320238,0.26736416257111684,0.7290510780776279,0.2468429272272421,0.6108592622049065,0.27908724438075116,0.43749551294661515,0.8280923016383345,0.3856114723971299,0.4239004768158411,0.5740089767074771,0.6491982022271439,0.6305465693141792,0.9324033041023425,1,1,inf,inf,0,0,0,0,1,0,0,1,1605,2239,223,0,2,0,0,0,3929,4.1,37,0
4.6,21.159999999999997,0,0,2660,7.886457270977689,0,1,3,0,1,0,0,1,0,0,0,27.400000000000002,77.26,0.8731106609218355,0.0034095482228847507,0.4379814038876183,0.555898682378409,0.3046160896506641,0.9957229141079258,0.31119272302057743,0.9943617840229287,0.3790718173684442,0.8336020954737503,0.5520693465225731,0.8796054829946423,0.5495974111292609,0.6387879961552786,0.6264605528762174,0.3080652672903095,0.7061717518984134,1,1,inf,inf,0,0,0,0,0,0,0,0,1888,4468,303,1,1,0,0,1,2660,4.6,19,1
3.5,12.25,0,0,832,6.725033642166843,0,0,2,1,1,0,0,0,0,0,0,26.52,76.64,0.7863400085614242,0.7972143118476722,0.19435821920633856,0.7705328897969977,0.6541934141372868,0.9483223686089015,0.7043852353127924,0.42405361605998126,0.8465063650989303,0.6450693241948836,0.7642133437838398,0.8137067881250045,0.05284823606862399,0.7776017013449651,0.26461189079550207,0.6585137183637565,0.14404813152515505,1,0,inf,inf,0,0,1,0,1,0,1,1,2377,2560,330,1,0,0,1,1,832,3.5,23,1
3.4,11.559999999999999,0,0,308,5.733341276897746,0,0,2,1,1,0,0,0,0,0,0,27.42,76.8,0.9214875597782819,0.10792547560817278,0.4830966675154269,0.9733230605356117,0.9153097307205957,0.8175031534490454,0.3115092184075927,0.9117040461694121,0.43826551546901626,0.47192564392858427,0.5979261450263457,0.6222035131808853,0.34911301514203874,0.7544187580969024,0.18654107883635218,0.7492686019474216,0.5877673166673442,1,1,inf,inf,0,0,1,1,0,0,0,1,3172,2922,360,1,3,1,1,1,308,3.4,35,1
3.0,9.0,0,0,4709,8.457443187010464,0,1,1,1,1,0,0,1,0,0,0,27.16,77.2,0.9168911929922487,0.9368997806180497,0.5454793318058389,0.7795801159330608,0.07292243410844013,0.8479595640801124,0.034117548301194955,0.6600053624475947,0.48135415727361264,0.4580651243573237,0.109662143027351,0.43050603125711917,0.02713083957766993,0.2339065264571225,0.38990818424102536,0.8022281833163664,0.07150024264032873,1,1,inf,inf,0,0,0,1,0,1,1,1,4700,85,356,1,0,1,1,1,4709,3.0,44,1
4.6,21.159999999999997,0,0,4224,8.348774539791274,0,1,1,1,1,0,0,0,0,0,0,26.04,76.14,0.29895484564505503,0.4811523713481496,0.8269825510101334,0.48749748531580184,0.7752650452649185,0.14552589706621777,0.9141024094473089,0.4711390210232145,0.2591069196719167,0.9890350522124349,0.46416363830242535,0.817178419901209,0.49355045782381723,0.5407697094367278,0.3830964909584411,0.8806980664748021,0.04539781825601985,1,0,inf,inf,0,0,0,0,1,1,0,1,3665,2865,284,1,0,1,1,1,4224,4.6,22,1
3.4,11.559999999999999,0,0,2122,7.660585461703256,0,1,4,0,1,0,0,0,1,0,0,26.560000000000002,77.93,0.7949464068693535,0.6352557182297749,0.507447165091319,0.0006047611172360634,0.6118234235469565,0.29469251752163017,0.6231366199739955,0.14884178207710375,0.7085504436144403,0.02127076586857546,0.09773535190896065,0.8469967246255697,0.3342419190856589,0.1108627539867717,0.899892222920559,0.10646017374153938,0.6087115494561264,1,1,inf,inf,0,0,1,1,1,1,1,0,5576,867,83,1,3,0,0,1,2122,3.4,16,0
4.9,24.010000000000005,0,1,1203,7.093404625868766,0,1,1,1,1,0,0,0,0,0,0,27.23,77.10000000000001,0.9079938266523595,0.8653984070788473,0.6147050210670558,0.6126191913071819,0.3718520468780908,0.6466722226270795,0.6304897933553708,0.7011896044109779,0.8227049349191272,0.3594960575907169,0.7329287508505287,0.052589188985570634,0.2231873172651856,0.8251228664545899,0.18800291948133396,0.5510031527919106,0.5468548991765987,1,1,inf,inf,0,0,1,1,0,1,0,1,654,1230,61,1,0,0,0,1,1203,4.9,38,0
2.9,8.41,0,0,3141,8.052614818815567,0,1,1,1,1,0,0,1,0,0,0,27.04,77.92,0.02807531452880052,0.5137078643701966,0.6703522416000183,0.14178266621999547,0.15158921238164136,0.026192050616558604,0.628092129286017,0.7770610213878002,0.916848598624608,0.8086807052099858,0.7393906385788036,0.391075047062873,0.8393039655209725,0.6266409224889262,0.34128248352352286,0.33859348985645743,0.696188280347844,1,0,inf,inf,0,0,0,0,0,1,0,1,5470,4055,222,0,3,1,1,0,3141,2.9,45,1
4.2,17.64,1,0,4164,8.334471554600944,0,1,3,0,1,0,1,0,0,0,0,27.1,76.9,0.08430182358467164,0.7051135021118384,0.0997526646237551,0.35335814199816606,0.07125390384160657,0.13592654078458222,0.8218947033522609,0.5310463514744944,0.2506545692501079,0.1484736868105373,0.8499711446193626,0.736460433408923,0.4607725789834777,0.7275296840752238,0.47066570097639193,0.9324210603699647,0.6431716469916255,1,1,inf,inf,0,0,0,0,0,1,0,1,6960,3774,257,0,1,1,0,1,4164,4.2,45,0
3.4,11.559999999999999,0,0,2575,7.853993087224244,0,1,1,1,1,0,0,0,0,0,0,27.26,75.86,0.009948132832358625,0.6560160507909838,0.5470138726717163,0.9106424417039359,0.131423831267372,0.029910001188669932,0.5202005391304934,0.7173835730830882,0.8068398145024801,0.8917546117019846,0.057910568094333925,0.7323693370543047,0.12465741745368031,0.02032688708438246,0.7830936538093516,0.7905307937905182,0.46774481511837074,1,1,inf,inf,0,0,1,1,0,1,1,0,2163,3209,65,1,0,0,1,1,2575,3.4,1,1
3.2,10.240000000000002,0,0,3685,8.212297138229768,0,1,4,0,1,0,0,1,0,0,0,27.97,76.84,0.4080949733941841,0.01473481259220022,0.06181187442442604,0.25100840881802133,0.064365569647434,0.19508845969886124,0.7872073644067219,0.5530525605992626,0.7962862073269203,0.37357258917005065,0.6041925171211885,0.5873720801830031,0.42335453594697636,0.660301173401907,0.20110512574088502,0.19643299095169342,0.8836656262841364,1,1,inf,inf,0,0,0,1,1,0,1,1,954,4085,264,0,0,0,1,1,3685,3.2,16,0
